[{"id":58,"annotations":[{"id":47,"completed_by":{"id":2,"email":"andre.dagloriasantiago@unil.ch","first_name":"","last_name":""},"result":[{"value":{"start":2,"end":263,"text":"Rassure-toi , et n'aie plus d'inquiétudes dans ton esprit . Plût aux dieux que je pusse le sauver de la mort lamentable quand le lourd destin le saisira , aussi aisément que je vais lui donner de belles armes qui empliront d'admiration la multitude des hommes .","labels":["Speech"]},"id":"PcxwGmvRA-","from_name":"speech","to_name":"text","type":"labels"},{"value":{"start":2,"end":263,"text":"Rassure-toi , et n'aie plus d'inquiétudes dans ton esprit . Plût aux dieux que je pusse le sauver de la mort lamentable quand le lourd destin le saisira , aussi aisément que je vais lui donner de belles armes qui empliront d'admiration la multitude des hommes .","labels":["Calme"]},"id":"_cmofmykQF","from_name":"emotion","to_name":"text","type":"labels"}],"was_cancelled":false,"ground_truth":false,"created_at":"2021-11-12T14:28:19.262421Z","updated_at":"2021-11-12T14:28:33.003739Z","lead_time":390.611,"prediction":{},"result_count":0,"task":58,"parent_prediction":null,"parent_annotation":null}],"predictions":[],"file_upload":"8d074752-18.csv","data":{"text":"— Rassure-toi , et n'aie plus d'inquiétudes dans ton esprit . Plût aux dieux que je pusse le sauver de la mort lamentable quand le lourd destin le saisira , aussi aisément que je vais lui donner de belles armes qui empliront d'admiration la multitude des hommes ."},"meta":{},"created_at":"2021-11-07T22:23:18.866243Z","updated_at":"2021-11-12T14:28:32.944905Z","project":3},{"id":49,"annotations":[{"id":42,"completed_by":{"id":2,"email":"andre.dagloriasantiago@unil.ch","first_name":"","last_name":""},"result":[{"value":{"start":213,"end":223,"text":"Hèphaistos","labels":["Speaker"]},"meta":{"text":["43"]},"id":"8DWNGyNxs3","from_name":"speech","to_name":"text","type":"labels"},{"value":{"start":213,"end":223,"text":"Hèphaistos","labels":["Speaker"]},"meta":{"text":["44"]},"id":"Nmgc7uOjkY","from_name":"speech","to_name":"text","type":"labels"},{"value":{"start":213,"end":223,"text":"Hèphaistos","labels":["Speaker"]},"meta":{"text":["47"]},"id":"b-7ajHmfI_","from_name":"speech","to_name":"text","type":"labels"}],"was_cancelled":false,"ground_truth":false,"created_at":"2021-11-11T16:21:00.762326Z","updated_at":"2021-11-12T14:27:58.377945Z","lead_time":355.968,"prediction":{},"result_count":0,"task":49,"parent_prediction":null,"parent_annotation":null}],"predictions":[],"file_upload":"8d074752-18.csv","data":{"text":"Ayant ainsi parlé , la très noble déesse la conduisit . Et , l'ayant fait asseoir sur un trône aux clous d'argent , beau et ingénieusement fait , elle plaça un escabeau sous ses pieds et appela l'illustre ouvrier Hèphaistos :"},"meta":{},"created_at":"2021-11-07T22:23:18.865240Z","updated_at":"2021-11-12T14:27:58.308789Z","project":3},{"id":56,"annotations":[{"id":46,"completed_by":{"id":2,"email":"andre.dagloriasantiago@unil.ch","first_name":"","last_name":""},"result":[{"value":{"start":2,"end":1773,"text":"Hèphaistos ! parmi toutes les déesses qui sont dans l'Olympos , en est-il une qui ait subi des maux aussi cruels que ceux dont m'accable le Kronide Zeus ? Seule , entre les déesses de la mer , il m'a soumise à un homme , à l'Aiakide Pèleus ; et j'ai subi à regret la couche d'un homme ! Et , maintenant , accablé par la triste vieillesse , il gît dans sa demeure . Mais voici que j'ai d'autres douleurs . Un fils est né de moi , le plus illustre des héros , et il a grandi comme un arbre , et je l'ai nourri comme une plante dans une terre fertile . Et je l'ai envoyé vers Ilios sur ses nefs aux poupes recourbées , pour combattre les Troiens , et je ne le verrai plus revenir dans ma demeure , dans la maison Pèléienne . Pendant qu'il est vivant et qu'il voit la lumière de Hélios , il est triste , et je ne puis le secourir . Les fils des Akhaiens lui avaient donné pour récompense une vierge que le roi Agamemnôn lui a enleva des mains , et il en gémissait dans son coeur . Mais voici que les Troiens ont repoussé les Akhaiens jusqu'aux nefs et les y ont renfermés . Les princes des Argiens ont supplié mon fils et lui ont offert de nombreux et illustres présents . Il a refusé de détourner lui-même leur ruine , mais il a envoyé Patroklos au combat , couvert de ses armes et avec tout son peuple . Et , ce jour - là , sans doute , ils eussent renversé la ville , si Apollôn n'eût tué aux premiers rangs le brave fils de Ménoitios qui accablait les Troiens , et n'eût donné la victoire à Hektôr . Et , maintenant , j'embrasse tes genoux ! Donne à mon fils , qui doit bientôt mourir , un bouclier , un casque , de belles knèmides avec leurs agrafes et une cuirasse , car son cher compagnon , tué par les Troiens , a perdu ses armes , et il gémit , couché sur la terre !","labels":["Speech"]},"id":"CPQ2UFfmEi","from_name":"speech","to_name":"text","type":"labels"},{"value":{"start":2,"end":1773,"text":"Hèphaistos ! parmi toutes les déesses qui sont dans l'Olympos , en est-il une qui ait subi des maux aussi cruels que ceux dont m'accable le Kronide Zeus ? Seule , entre les déesses de la mer , il m'a soumise à un homme , à l'Aiakide Pèleus ; et j'ai subi à regret la couche d'un homme ! Et , maintenant , accablé par la triste vieillesse , il gît dans sa demeure . Mais voici que j'ai d'autres douleurs . Un fils est né de moi , le plus illustre des héros , et il a grandi comme un arbre , et je l'ai nourri comme une plante dans une terre fertile . Et je l'ai envoyé vers Ilios sur ses nefs aux poupes recourbées , pour combattre les Troiens , et je ne le verrai plus revenir dans ma demeure , dans la maison Pèléienne . Pendant qu'il est vivant et qu'il voit la lumière de Hélios , il est triste , et je ne puis le secourir . Les fils des Akhaiens lui avaient donné pour récompense une vierge que le roi Agamemnôn lui a enleva des mains , et il en gémissait dans son coeur . Mais voici que les Troiens ont repoussé les Akhaiens jusqu'aux nefs et les y ont renfermés . Les princes des Argiens ont supplié mon fils et lui ont offert de nombreux et illustres présents . Il a refusé de détourner lui-même leur ruine , mais il a envoyé Patroklos au combat , couvert de ses armes et avec tout son peuple . Et , ce jour - là , sans doute , ils eussent renversé la ville , si Apollôn n'eût tué aux premiers rangs le brave fils de Ménoitios qui accablait les Troiens , et n'eût donné la victoire à Hektôr . Et , maintenant , j'embrasse tes genoux ! Donne à mon fils , qui doit bientôt mourir , un bouclier , un casque , de belles knèmides avec leurs agrafes et une cuirasse , car son cher compagnon , tué par les Troiens , a perdu ses armes , et il gémit , couché sur la terre !","labels":["Tristesse"]},"id":"Lym8eeNgX-","from_name":"emotion","to_name":"text","type":"labels"}],"was_cancelled":false,"ground_truth":false,"created_at":"2021-11-12T14:25:49.757220Z","updated_at":"2021-11-12T14:26:30.844055Z","lead_time":268.343,"prediction":{},"result_count":0,"task":56,"parent_prediction":null,"parent_annotation":null}],"predictions":[],"file_upload":"8d074752-18.csv","data":{"text":"— Hèphaistos ! parmi toutes les déesses qui sont dans l'Olympos , en est-il une qui ait subi des maux aussi cruels que ceux dont m'accable le Kronide Zeus ? Seule , entre les déesses de la mer , il m'a soumise à un homme , à l'Aiakide Pèleus ; et j'ai subi à regret la couche d'un homme ! Et , maintenant , accablé par la triste vieillesse , il gît dans sa demeure . Mais voici que j'ai d'autres douleurs . Un fils est né de moi , le plus illustre des héros , et il a grandi comme un arbre , et je l'ai nourri comme une plante dans une terre fertile . Et je l'ai envoyé vers Ilios sur ses nefs aux poupes recourbées , pour combattre les Troiens , et je ne le verrai plus revenir dans ma demeure , dans la maison Pèléienne . Pendant qu'il est vivant et qu'il voit la lumière de Hélios , il est triste , et je ne puis le secourir . Les fils des Akhaiens lui avaient donné pour récompense une vierge que le roi Agamemnôn lui a enleva des mains , et il en gémissait dans son coeur . Mais voici que les Troiens ont repoussé les Akhaiens jusqu'aux nefs et les y ont renfermés . Les princes des Argiens ont supplié mon fils et lui ont offert de nombreux et illustres présents . Il a refusé de détourner lui-même leur ruine , mais il a envoyé Patroklos au combat , couvert de ses armes et avec tout son peuple . Et , ce jour - là , sans doute , ils eussent renversé la ville , si Apollôn n'eût tué aux premiers rangs le brave fils de Ménoitios qui accablait les Troiens , et n'eût donné la victoire à Hektôr . Et , maintenant , j'embrasse tes genoux ! Donne à mon fils , qui doit bientôt mourir , un bouclier , un casque , de belles knèmides avec leurs agrafes et une cuirasse , car son cher compagnon , tué par les Troiens , a perdu ses armes , et il gémit , couché sur la terre !"},"meta":{},"created_at":"2021-11-07T22:23:18.866243Z","updated_at":"2021-11-12T14:26:30.732568Z","project":3},{"id":55,"annotations":[{"id":45,"completed_by":{"id":2,"email":"andre.dagloriasantiago@unil.ch","first_name":"","last_name":""},"result":[{"value":{"start":3,"end":9,"text":"Thétis","labels":["Speaker"]},"meta":{"text":["46"]},"id":"FZjN1CMnpt","from_name":"speech","to_name":"text","type":"labels"}],"was_cancelled":false,"ground_truth":false,"created_at":"2021-11-11T16:23:16.770543Z","updated_at":"2021-11-11T16:23:23.278443Z","lead_time":3037.851,"prediction":{},"result_count":0,"task":55,"parent_prediction":null,"parent_annotation":null}],"predictions":[],"file_upload":"8d074752-18.csv","data":{"text":"Et Thétis , versant des larmes , lui répondit :"},"meta":{},"created_at":"2021-11-07T22:23:18.865240Z","updated_at":"2021-11-11T16:23:23.252189Z","project":3},{"id":52,"annotations":[{"id":43,"completed_by":{"id":2,"email":"andre.dagloriasantiago@unil.ch","first_name":"","last_name":""},"result":[{"value":{"start":2,"end":916,"text":"Certes , elle est toute puissante sur moi , la déesse vénérable qui est entrée ici . C'est elle qui me sauva , quand je fus précipité d'en haut par ma mère impitoyable qui voulait me cacher aux dieux parce que j'étais boiteux . Que de douleurs j'eusse endurées alors , si Thétis , et Eurynomè , la fille d'Okéanos au reflux rapide , ne m'avaient reçu dans leur sein ! Pour elles , dans leur grotte profonde , pendant neuf ans , je forgeai mille ornements , des agrafes , des noeuds , des colliers et des bracelets . Et l'immense fleuve Okéanos murmurait autour de la grotte . Et elle n'était connue ni des dieux , ni des hommes , mais seulement de Thétis et d'Eurynomè qui m'avaient sauvé . Et , maintenant , puisque Thétis aux beaux cheveux vient dans ma demeure , je lui rendrai grâce de m'avoir sauvé . Mais toi , offre-lui les mets hospitaliers , tandis que je déposerai mes soufflets et tous mes instruments .","labels":["Speech"]},"id":"k008j7VbsP","from_name":"speech","to_name":"text","type":"labels"},{"value":{"start":2,"end":916,"text":"Certes , elle est toute puissante sur moi , la déesse vénérable qui est entrée ici . C'est elle qui me sauva , quand je fus précipité d'en haut par ma mère impitoyable qui voulait me cacher aux dieux parce que j'étais boiteux . Que de douleurs j'eusse endurées alors , si Thétis , et Eurynomè , la fille d'Okéanos au reflux rapide , ne m'avaient reçu dans leur sein ! Pour elles , dans leur grotte profonde , pendant neuf ans , je forgeai mille ornements , des agrafes , des noeuds , des colliers et des bracelets . Et l'immense fleuve Okéanos murmurait autour de la grotte . Et elle n'était connue ni des dieux , ni des hommes , mais seulement de Thétis et d'Eurynomè qui m'avaient sauvé . Et , maintenant , puisque Thétis aux beaux cheveux vient dans ma demeure , je lui rendrai grâce de m'avoir sauvé . Mais toi , offre-lui les mets hospitaliers , tandis que je déposerai mes soufflets et tous mes instruments .","labels":["Calme"]},"id":"8Ze5lteoL5","from_name":"emotion","to_name":"text","type":"labels"}],"was_cancelled":false,"ground_truth":false,"created_at":"2021-11-11T16:21:13.262817Z","updated_at":"2021-11-11T16:23:09.784101Z","lead_time":3024.355,"prediction":{},"result_count":0,"task":52,"parent_prediction":null,"parent_annotation":null}],"predictions":[],"file_upload":"8d074752-18.csv","data":{"text":"— Certes , elle est toute puissante sur moi , la déesse vénérable qui est entrée ici . C'est elle qui me sauva , quand je fus précipité d'en haut par ma mère impitoyable qui voulait me cacher aux dieux parce que j'étais boiteux . Que de douleurs j'eusse endurées alors , si Thétis , et Eurynomè , la fille d'Okéanos au reflux rapide , ne m'avaient reçu dans leur sein ! Pour elles , dans leur grotte profonde , pendant neuf ans , je forgeai mille ornements , des agrafes , des noeuds , des colliers et des bracelets . Et l'immense fleuve Okéanos murmurait autour de la grotte . Et elle n'était connue ni des dieux , ni des hommes , mais seulement de Thétis et d'Eurynomè qui m'avaient sauvé . Et , maintenant , puisque Thétis aux beaux cheveux vient dans ma demeure , je lui rendrai grâce de m'avoir sauvé . Mais toi , offre-lui les mets hospitaliers , tandis que je déposerai mes soufflets et tous mes instruments ."},"meta":{},"created_at":"2021-11-07T22:23:18.865240Z","updated_at":"2021-11-11T16:23:09.759518Z","project":3},{"id":50,"annotations":[{"id":41,"completed_by":{"id":2,"email":"andre.dagloriasantiago@unil.ch","first_name":"","last_name":""},"result":[{"value":{"start":2,"end":47,"text":"Viens , Hèphaistos ! Thétis a besoin de toi .","labels":["Speech"]},"id":"mkogNKLptl","from_name":"speech","to_name":"text","type":"labels"},{"value":{"start":2,"end":47,"text":"Viens , Hèphaistos ! Thétis a besoin de toi .","labels":["Calme"]},"id":"lQ0vZ18pmf","from_name":"emotion","to_name":"text","type":"labels"}],"was_cancelled":false,"ground_truth":false,"created_at":"2021-11-11T16:15:03.713508Z","updated_at":"2021-11-11T16:18:59.352125Z","lead_time":2773.925,"prediction":{},"result_count":0,"task":50,"parent_prediction":null,"parent_annotation":null}],"predictions":[],"file_upload":"8d074752-18.csv","data":{"text":"— Viens , Hèphaistos ! Thétis a besoin de toi ."},"meta":{},"created_at":"2021-11-07T22:23:18.865240Z","updated_at":"2021-11-11T16:18:59.325268Z","project":3},{"id":47,"annotations":[{"id":39,"completed_by":{"id":2,"email":"andre.dagloriasantiago@unil.ch","first_name":"","last_name":""},"result":[{"value":{"start":529,"end":535,"text":"Kharis","labels":["Speaker"]},"meta":{"text":["40"]},"id":"V-MtAvd39l","from_name":"speech","to_name":"text","type":"labels"},{"value":{"start":529,"end":535,"text":"Kharis","labels":["Speaker"]},"meta":{"text":["41"]},"id":"EqTJr7QfGn","from_name":"speech","to_name":"text","type":"labels"}],"was_cancelled":false,"ground_truth":false,"created_at":"2021-11-11T16:11:09.311193Z","updated_at":"2021-11-11T16:18:52.714384Z","lead_time":2767.286,"prediction":{},"result_count":0,"task":47,"parent_prediction":null,"parent_annotation":null}],"predictions":[],"file_upload":"8d074752-18.csv","data":{"text":"Et elle le trouva suant et se remuant autour des soufflets , et haletant . Et il forgeait vingt trépieds pour être placés autour de sa demeure solide . Et il les avait posés sur des roues d'or afin qu'ils se rendissent d'euxhYpppHeNmêmes à l'assemblée divine , et qu'ils en revinssent de même . Il ne leur manquait , pour être finis , que des anses aux formes variées . Hèphaistos les préparait et en forgeait les attaches . Et tandis qu'il travaillait à ces oeuvres habiles , la déesse Thétis aux pieds d'argent s'approcha . Et Kharis aux belles bandelettes , qu'avait épousée l'illustre Boiteux des deux pieds , l'ayant vue , lui prit la main et lui dit :"},"meta":{},"created_at":"2021-11-07T22:23:18.865240Z","updated_at":"2021-11-11T16:18:52.688436Z","project":3},{"id":48,"annotations":[{"id":40,"completed_by":{"id":2,"email":"andre.dagloriasantiago@unil.ch","first_name":"","last_name":""},"result":[{"value":{"start":2,"end":175,"text":"Ô Thétis au large péplos , vénérable et chère , pourquoi viens-tu dans notre demeure où nous te voyons si rarement ? Mais suis-moi , et je t'offrirai les mets hospitaliers .","labels":["Speech"]},"id":"FOAYM5QbrO","from_name":"speech","to_name":"text","type":"labels"},{"value":{"start":2,"end":175,"text":"Ô Thétis au large péplos , vénérable et chère , pourquoi viens-tu dans notre demeure où nous te voyons si rarement ? Mais suis-moi , et je t'offrirai les mets hospitaliers .","labels":["Joie"]},"id":"IH2o4K4-7W","from_name":"emotion","to_name":"text","type":"labels"}],"was_cancelled":false,"ground_truth":false,"created_at":"2021-11-11T16:11:20.780410Z","updated_at":"2021-11-11T16:14:32.563363Z","lead_time":2507.14,"prediction":{},"result_count":0,"task":48,"parent_prediction":null,"parent_annotation":null}],"predictions":[],"file_upload":"8d074752-18.csv","data":{"text":"— Ô Thétis au large péplos , vénérable et chère , pourquoi viens-tu dans notre demeure où nous te voyons si rarement ? Mais suis-moi , et je t'offrirai les mets hospitaliers ."},"meta":{},"created_at":"2021-11-07T22:23:18.865240Z","updated_at":"2021-11-11T16:14:32.537351Z","project":3},{"id":44,"annotations":[{"id":37,"completed_by":{"id":2,"email":"andre.dagloriasantiago@unil.ch","first_name":"","last_name":""},"result":[{"value":{"start":16,"end":20,"text":"Hèrè","labels":["Speaker"]},"meta":{"text":["38"]},"id":"xrnxtVnCdl","from_name":"speech","to_name":"text","type":"labels"}],"was_cancelled":false,"ground_truth":false,"created_at":"2021-11-11T16:09:30.463493Z","updated_at":"2021-11-11T16:09:38.917251Z","lead_time":2213.493,"prediction":{},"result_count":0,"task":44,"parent_prediction":null,"parent_annotation":null}],"predictions":[],"file_upload":"8d074752-18.csv","data":{"text":"Et la vénérable Hèrè aux yeux de boeuf lui répondit :"},"meta":{},"created_at":"2021-11-07T22:23:18.865240Z","updated_at":"2021-11-11T16:09:38.891044Z","project":3},{"id":42,"annotations":[{"id":35,"completed_by":{"id":2,"email":"andre.dagloriasantiago@unil.ch","first_name":"","last_name":""},"result":[{"value":{"start":748,"end":752,"text":"Zeus","labels":["Speaker"]},"meta":{"text":["36"]},"id":"0e79T-afqR","from_name":"speech","to_name":"text","type":"labels"}],"was_cancelled":false,"ground_truth":false,"created_at":"2021-11-11T16:07:23.873092Z","updated_at":"2021-11-11T16:07:31.046648Z","lead_time":2085.621,"prediction":{},"result_count":0,"task":42,"parent_prediction":null,"parent_annotation":null}],"predictions":[],"file_upload":"8d074752-18.csv","data":{"text":"Le divin Akhilleus parla ainsi , et il ordonna à ses compagnons de mettre un grand trépied sur le feu , afin de laver promptement les souillures sanglantes de Patroklos . Et ils mirent sur le feu ardent le trépied des ablutions , et ils y versèrent l'eau ; et , au - dessous , ils allumèrent le bois . Et la flamme enveloppa le ventre du trépied , et l'eau chauffa . Et quand l'eau fut chaude dans le trépied brillant , ils lavèrent Patroklos ; et , l'ayant oint d'une huile grasse , ils emplirent ses plaies d'un baume de neuf ans ; et , le déposant sur le lit , ils le couvrirent d'un lin léger , de la tête aux pieds , et , par-dessus , d'un vêtement blanc . Ensuite , pendant toute la nuit , les Myrmidones gémirent , pleurant Patroklos . Mais Zeus dit à Hèrè sa soeur et son épouse :"},"meta":{},"created_at":"2021-11-07T22:23:18.865240Z","updated_at":"2021-11-11T16:07:31.021761Z","project":3},{"id":41,"annotations":[{"id":34,"completed_by":{"id":2,"email":"andre.dagloriasantiago@unil.ch","first_name":"","last_name":""},"result":[{"value":{"start":2,"end":1055,"text":"Ô dieux ! Certes , j'ai prononcé une parole vaine , le jour où , consolant le héros Ménoitios dans ses demeures , je lui disais que je ramènerais son fils illustre , après qu'il aurait renversé Ilios et pris sa part des dépouilles . Mais Zeus n'accomplit pas tous les désirs des hommes . Nous rougirons tous deux la terre devant Troiè , et le vieux cavalier Pèleus ne me reverra plus dans ses demeures , ni ma mère Thétis , car cette terre me gardera . Ô Patroklos , puisque je subirai la tombe le dernier , je ne t'ensevelirai point avant de t'avoir apporté les armes et la tête de Hektôr , ton magnanime meurtrier . Et je tuerai devant ton bûcher douze illustres fils des Troiens , car je suis irrité de ta mort . Et , pendant ce temps , tu resteras couché sur mes nefs aux poupes recourbées ; et autour de toi , les Troiennes et les Dardaniennes au large sein que nous avons conquises tous deux par notre force et nos lances , après avoir renversé beaucoup de riches cités d'hommes aux diverses langues , gémiront nuit et jour en versant des larmes .","labels":["Speech"]},"id":"Ab_8VEcLhH","from_name":"speech","to_name":"text","type":"labels"},{"value":{"start":2,"end":1055,"text":"Ô dieux ! Certes , j'ai prononcé une parole vaine , le jour où , consolant le héros Ménoitios dans ses demeures , je lui disais que je ramènerais son fils illustre , après qu'il aurait renversé Ilios et pris sa part des dépouilles . Mais Zeus n'accomplit pas tous les désirs des hommes . Nous rougirons tous deux la terre devant Troiè , et le vieux cavalier Pèleus ne me reverra plus dans ses demeures , ni ma mère Thétis , car cette terre me gardera . Ô Patroklos , puisque je subirai la tombe le dernier , je ne t'ensevelirai point avant de t'avoir apporté les armes et la tête de Hektôr , ton magnanime meurtrier . Et je tuerai devant ton bûcher douze illustres fils des Troiens , car je suis irrité de ta mort . Et , pendant ce temps , tu resteras couché sur mes nefs aux poupes recourbées ; et autour de toi , les Troiennes et les Dardaniennes au large sein que nous avons conquises tous deux par notre force et nos lances , après avoir renversé beaucoup de riches cités d'hommes aux diverses langues , gémiront nuit et jour en versant des larmes .","labels":["Tristesse"]},"id":"7w82DIkEjG","from_name":"emotion","to_name":"text","type":"labels"}],"was_cancelled":false,"ground_truth":false,"created_at":"2021-11-11T15:58:20.618520Z","updated_at":"2021-11-11T16:07:12.466714Z","lead_time":2067.036,"prediction":{},"result_count":0,"task":41,"parent_prediction":null,"parent_annotation":null}],"predictions":[],"file_upload":"8d074752-18.csv","data":{"text":"— Ô dieux ! Certes , j'ai prononcé une parole vaine , le jour où , consolant le héros Ménoitios dans ses demeures , je lui disais que je ramènerais son fils illustre , après qu'il aurait renversé Ilios et pris sa part des dépouilles . Mais Zeus n'accomplit pas tous les désirs des hommes . Nous rougirons tous deux la terre devant Troiè , et le vieux cavalier Pèleus ne me reverra plus dans ses demeures , ni ma mère Thétis , car cette terre me gardera . Ô Patroklos , puisque je subirai la tombe le dernier , je ne t'ensevelirai point avant de t'avoir apporté les armes et la tête de Hektôr , ton magnanime meurtrier . Et je tuerai devant ton bûcher douze illustres fils des Troiens , car je suis irrité de ta mort . Et , pendant ce temps , tu resteras couché sur mes nefs aux poupes recourbées ; et autour de toi , les Troiennes et les Dardaniennes au large sein que nous avons conquises tous deux par notre force et nos lances , après avoir renversé beaucoup de riches cités d'hommes aux diverses langues , gémiront nuit et jour en versant des larmes ."},"meta":{},"created_at":"2021-11-07T22:23:18.865240Z","updated_at":"2021-11-11T16:07:12.440180Z","project":3},{"id":40,"annotations":[{"id":33,"completed_by":{"id":2,"email":"andre.dagloriasantiago@unil.ch","first_name":"","last_name":""},"result":[{"value":{"start":436,"end":445,"text":"Akhilleus","labels":["Speaker"]},"meta":{"text":["34"]},"id":"d-VHdNGi_I","from_name":"speech","to_name":"text","type":"labels"}],"was_cancelled":false,"ground_truth":false,"created_at":"2021-11-11T15:58:01.407786Z","updated_at":"2021-11-11T15:58:33.670259Z","lead_time":1548.243,"prediction":{},"result_count":0,"task":40,"parent_prediction":null,"parent_annotation":null}],"predictions":[],"file_upload":"8d074752-18.csv","data":{"text":"Mais les Akhaiens , pendant toute la nuit , pleurèrent autour de Patroklos . Et le Pèléide menait le deuil lamentable , posant ses mains tueuses d'hommes sur la poitrine de son compagnon , et gémissant , comme une lionne à longue barbe dont un chasseur a enlevé les petits dans une épaisse forêt . Elle arrive trop tard , et elle gémit , cherchant par toutes les vallées les traces de l'homme ; et une violente colère la saisit . Ainsi Akhilleus , avec de profonds soupirs , dit aux Myrmidones :"},"meta":{},"created_at":"2021-11-07T22:23:18.865240Z","updated_at":"2021-11-11T15:58:33.644199Z","project":3},{"id":37,"annotations":[{"id":31,"completed_by":{"id":2,"email":"andre.dagloriasantiago@unil.ch","first_name":"","last_name":""},"result":[{"value":{"start":3,"end":9,"text":"Hektôr","labels":["Speaker"]},"meta":{"text":["32"]},"id":"hRCO8rGhFM","from_name":"speech","to_name":"text","type":"labels"}],"was_cancelled":false,"ground_truth":false,"created_at":"2021-11-11T15:55:14.378738Z","updated_at":"2021-11-11T15:55:22.219570Z","lead_time":1356.791,"prediction":{},"result_count":0,"task":37,"parent_prediction":null,"parent_annotation":null}],"predictions":[],"file_upload":"8d074752-18.csv","data":{"text":"Et Hektôr au casque mouvant , avec un sombre regard , lui répondit :"},"meta":{},"created_at":"2021-11-07T22:23:18.865240Z","updated_at":"2021-11-11T15:55:22.193207Z","project":3},{"id":36,"annotations":[{"id":30,"completed_by":{"id":2,"email":"andre.dagloriasantiago@unil.ch","first_name":"","last_name":""},"result":[{"value":{"start":2,"end":1561,"text":"Amis , délibérez mûrement . Je conseille de marcher vers la ville , et de ne point attendre la divine Éôs auprès des nefs , car nous sommes loin des murs . Aussi longtemps que cet homme a été irrité contre le divin Agamemnôn , il était plus aisé de dompter les Akhaiens . Et je me réjouissais de coucher auprès des nefs rapides , espérant saisir les nefs aux deux rangs d'avirons ; mais je redoute maintenant le rapide Pèléiôn ; car , dans son coeur indomptable , il ne voudra point rester dans la plaine où les Troyens et les Akhaiens déploient la force d'Arès , mais il combattra pour s'emparer de notre ville et de nos femmes . Allons vers Ilios ; obéissez-moi et faites ainsi . Maintenant , la nuit contraire retient le rapide Pèléiôn ; mais s'il nous attaque demain avec fureur , celui qui le sentira , alors fuira volontiers vers la sainte Ilios , s'il lui échappe . Et les chiens et les oiseaux carnassiers mangeront une foule de Troiens . Plaise aux dieux qu'on ne me le dise jamais ! Si vous obéissez à mes paroles , bien qu'à regret , nous reprendrons des forces cette nuit ; et ses tours , ses hautes portes et leurs barrières longues et solides protégeront la ville . Demain , armés dès le matin , nous serons debout sur nos tours ; et le travail lui sera lourds s'il vient de ses nefs assiéger nos murailles . Et il s'en retournera vers les nefs , ayant épuisé ses chevaux au grand cou à courir sous les murs de la ville . Et il ne pourra point pénétrer dans Ilios et il ne la détruira jamais , et , auparavant , les chiens rapides le mangeront .","labels":["Speech"]},"id":"FMLsKI9C7-","from_name":"speech","to_name":"text","type":"labels"},{"value":{"start":2,"end":1561,"text":"Amis , délibérez mûrement . Je conseille de marcher vers la ville , et de ne point attendre la divine Éôs auprès des nefs , car nous sommes loin des murs . Aussi longtemps que cet homme a été irrité contre le divin Agamemnôn , il était plus aisé de dompter les Akhaiens . Et je me réjouissais de coucher auprès des nefs rapides , espérant saisir les nefs aux deux rangs d'avirons ; mais je redoute maintenant le rapide Pèléiôn ; car , dans son coeur indomptable , il ne voudra point rester dans la plaine où les Troyens et les Akhaiens déploient la force d'Arès , mais il combattra pour s'emparer de notre ville et de nos femmes . Allons vers Ilios ; obéissez-moi et faites ainsi . Maintenant , la nuit contraire retient le rapide Pèléiôn ; mais s'il nous attaque demain avec fureur , celui qui le sentira , alors fuira volontiers vers la sainte Ilios , s'il lui échappe . Et les chiens et les oiseaux carnassiers mangeront une foule de Troiens . Plaise aux dieux qu'on ne me le dise jamais ! Si vous obéissez à mes paroles , bien qu'à regret , nous reprendrons des forces cette nuit ; et ses tours , ses hautes portes et leurs barrières longues et solides protégeront la ville . Demain , armés dès le matin , nous serons debout sur nos tours ; et le travail lui sera lourds s'il vient de ses nefs assiéger nos murailles . Et il s'en retournera vers les nefs , ayant épuisé ses chevaux au grand cou à courir sous les murs de la ville . Et il ne pourra point pénétrer dans Ilios et il ne la détruira jamais , et , auparavant , les chiens rapides le mangeront .","labels":["Ardeur"]},"id":"Vfcf46TL-9","from_name":"emotion","to_name":"text","type":"labels"}],"was_cancelled":false,"ground_truth":false,"created_at":"2021-11-11T15:53:32.132064Z","updated_at":"2021-11-11T15:54:59.644346Z","lead_time":1334.213,"prediction":{},"result_count":0,"task":36,"parent_prediction":null,"parent_annotation":null}],"predictions":[],"file_upload":"8d074752-18.csv","data":{"text":"— Amis , délibérez mûrement . Je conseille de marcher vers la ville , et de ne point attendre la divine Éôs auprès des nefs , car nous sommes loin des murs . Aussi longtemps que cet homme a été irrité contre le divin Agamemnôn , il était plus aisé de dompter les Akhaiens . Et je me réjouissais de coucher auprès des nefs rapides , espérant saisir les nefs aux deux rangs d'avirons ; mais je redoute maintenant le rapide Pèléiôn ; car , dans son coeur indomptable , il ne voudra point rester dans la plaine où les Troyens et les Akhaiens déploient la force d'Arès , mais il combattra pour s'emparer de notre ville et de nos femmes . Allons vers Ilios ; obéissez-moi et faites ainsi . Maintenant , la nuit contraire retient le rapide Pèléiôn ; mais s'il nous attaque demain avec fureur , celui qui le sentira , alors fuira volontiers vers la sainte Ilios , s'il lui échappe . Et les chiens et les oiseaux carnassiers mangeront une foule de Troiens . Plaise aux dieux qu'on ne me le dise jamais ! Si vous obéissez à mes paroles , bien qu'à regret , nous reprendrons des forces cette nuit ; et ses tours , ses hautes portes et leurs barrières longues et solides protégeront la ville . Demain , armés dès le matin , nous serons debout sur nos tours ; et le travail lui sera lourds s'il vient de ses nefs assiéger nos murailles . Et il s'en retournera vers les nefs , ayant épuisé ses chevaux au grand cou à courir sous les murs de la ville . Et il ne pourra point pénétrer dans Ilios et il ne la détruira jamais , et , auparavant , les chiens rapides le mangeront ."},"meta":{},"created_at":"2021-11-07T22:23:18.865240Z","updated_at":"2021-11-11T15:54:59.618532Z","project":3},{"id":35,"annotations":[{"id":29,"completed_by":{"id":2,"email":"andre.dagloriasantiago@unil.ch","first_name":"","last_name":""},"result":[{"value":{"start":542,"end":561,"text":"Polydamas Panthoide","labels":["Speaker"]},"meta":{"text":["30"]},"id":"QLetADdHLp","from_name":"speech","to_name":"text","type":"labels"}],"was_cancelled":false,"ground_truth":false,"created_at":"2021-11-11T15:53:24.364183Z","updated_at":"2021-11-11T15:53:41.073031Z","lead_time":1255.647,"prediction":{},"result_count":0,"task":35,"parent_prediction":null,"parent_annotation":null}],"predictions":[],"file_upload":"8d074752-18.csv","data":{"text":"Et la vénérable Hèrè aux yeux de boeuf commanda à l'infatigable Hélios de retourner aux sources d'Okéanos , et Hélios disparut à regret ; et les divins Akhaiens mirent fin à la mêlée violente et à la guerre lamentable . Et les Troiens , abandonnant aussi le rude combat , délièrent les chevaux rapides , et s'assemblèrent pour l'agora , avant le repas . Et l'agora les vit debout , aucun ne voulant s'asseoir , car la terreur les tenait depuis qu'Akhilleus avait reparu , lui qui , depuis longtemps , ne se mêlait plus au combat . Et le sage Polydamas Panthoide commença de parler . Et seul il voyait le passé et l'avenir . Et c'était le compagnon de Hektôr , étant né la même nuit ; mais il le surpassait en sagesse , autant que Hektôr l'emportait en courage . Plein de prudence , il leur dit dans l'agora :"},"meta":{},"created_at":"2021-11-07T22:23:18.865240Z","updated_at":"2021-11-11T15:53:41.046639Z","project":3},{"id":30,"annotations":[{"id":27,"completed_by":{"id":2,"email":"andre.dagloriasantiago@unil.ch","first_name":"","last_name":""},"result":[{"value":{"start":13,"end":17,"text":"Iris","labels":["Speaker"]},"meta":{"text":["28"]},"id":"MMTgB-QzXU","from_name":"speech","to_name":"text","type":"labels"}],"was_cancelled":false,"ground_truth":false,"created_at":"2021-11-11T15:46:46.374966Z","updated_at":"2021-11-11T15:47:33.990405Z","lead_time":888.567,"prediction":{},"result_count":0,"task":30,"parent_prediction":null,"parent_annotation":null}],"predictions":[],"file_upload":"8d074752-18.csv","data":{"text":"Et la rapide Iris aux pieds aériens lui répondit :"},"meta":{},"created_at":"2021-11-07T22:23:18.864218Z","updated_at":"2021-11-11T15:47:33.966280Z","project":3},{"id":25,"annotations":[{"id":22,"completed_by":{"id":2,"email":"andre.dagloriasantiago@unil.ch","first_name":"","last_name":""},"result":[{"value":{"start":2,"end":60,"text":"Déesse Iris , qui d'entre les dieux t'a envoyée vers moi ?","labels":["Speech"]},"id":"-kIrePdjJ3","from_name":"speech","to_name":"text","type":"labels"},{"value":{"start":2,"end":60,"text":"Déesse Iris , qui d'entre les dieux t'a envoyée vers moi ?","labels":["Calme"]},"id":"OaifsRDDpD","from_name":"emotion","to_name":"text","type":"labels"}],"was_cancelled":false,"ground_truth":false,"created_at":"2021-11-11T15:43:38.892552Z","updated_at":"2021-11-11T15:46:38.699962Z","lead_time":833.27,"prediction":{},"result_count":0,"task":25,"parent_prediction":null,"parent_annotation":null}],"predictions":[],"file_upload":"8d074752-18.csv","data":{"text":"— Déesse Iris , qui d'entre les dieux t'a envoyée vers moi ?"},"meta":{},"created_at":"2021-11-07T22:23:18.864218Z","updated_at":"2021-11-11T15:46:38.675455Z","project":3},{"id":29,"annotations":[{"id":26,"completed_by":{"id":2,"email":"andre.dagloriasantiago@unil.ch","first_name":"","last_name":""},"result":[{"value":{"start":2,"end":386,"text":"Comment irais-je au combat , puisqu'ils ont mes armes ? Ma mère bien-aimée me le défend , avant que je l'aie vue , de mes yeux , reparaître avec de belles armes venant de Hèphaistos . Je ne puis revêtir celles d'aucun autre guerrier , sauf le bouclier d'Aias Télamôniade ; mais il combat sans doute aux premiers rangs , tuant les ennemis , de sa lance , autour du cadavre de Patroklos","labels":["Speech"]},"id":"Lo-xECrkxc","from_name":"speech","to_name":"text","type":"labels"},{"value":{"start":2,"end":388,"text":"Comment irais-je au combat , puisqu'ils ont mes armes ? Ma mère bien-aimée me le défend , avant que je l'aie vue , de mes yeux , reparaître avec de belles armes venant de Hèphaistos . Je ne puis revêtir celles d'aucun autre guerrier , sauf le bouclier d'Aias Télamôniade ; mais il combat sans doute aux premiers rangs , tuant les ennemis , de sa lance , autour du cadavre de Patroklos .","labels":["Tristesse"]},"id":"-fwX3bNHj5","from_name":"emotion","to_name":"text","type":"labels"}],"was_cancelled":false,"ground_truth":false,"created_at":"2021-11-11T15:45:09.896503Z","updated_at":"2021-11-11T15:46:28.617887Z","lead_time":823.191,"prediction":{},"result_count":0,"task":29,"parent_prediction":null,"parent_annotation":null}],"predictions":[],"file_upload":"8d074752-18.csv","data":{"text":"— Comment irais-je au combat , puisqu'ils ont mes armes ? Ma mère bien-aimée me le défend , avant que je l'aie vue , de mes yeux , reparaître avec de belles armes venant de Hèphaistos . Je ne puis revêtir celles d'aucun autre guerrier , sauf le bouclier d'Aias Télamôniade ; mais il combat sans doute aux premiers rangs , tuant les ennemis , de sa lance , autour du cadavre de Patroklos ."},"meta":{},"created_at":"2021-11-07T22:23:18.864218Z","updated_at":"2021-11-11T15:46:28.591168Z","project":3},{"id":27,"annotations":[{"id":24,"completed_by":{"id":2,"email":"andre.dagloriasantiago@unil.ch","first_name":"","last_name":""},"result":[{"value":{"start":2,"end":140,"text":"Hèrè , la glorieuse épouse de Zeus , m'a envoyée ; et le sublime Kronide et tous les immortels qui habitent l'Olympos neigeux l'ignorent .","labels":["Speech"]},"id":"ZDVddrdocC","from_name":"speech","to_name":"text","type":"labels"},{"value":{"start":2,"end":140,"text":"Hèrè , la glorieuse épouse de Zeus , m'a envoyée ; et le sublime Kronide et tous les immortels qui habitent l'Olympos neigeux l'ignorent .","labels":["Ardeur"]},"id":"PUFOwpWmWg","from_name":"emotion","to_name":"text","type":"labels"}],"was_cancelled":false,"ground_truth":false,"created_at":"2021-11-11T15:43:55.450620Z","updated_at":"2021-11-11T15:44:18.700005Z","lead_time":693.272,"prediction":{},"result_count":0,"task":27,"parent_prediction":null,"parent_annotation":null}],"predictions":[],"file_upload":"8d074752-18.csv","data":{"text":"— Hèrè , la glorieuse épouse de Zeus , m'a envoyée ; et le sublime Kronide et tous les immortels qui habitent l'Olympos neigeux l'ignorent ."},"meta":{},"created_at":"2021-11-07T22:23:18.864218Z","updated_at":"2021-11-11T15:44:18.673151Z","project":3},{"id":26,"annotations":[{"id":23,"completed_by":{"id":2,"email":"andre.dagloriasantiago@unil.ch","first_name":"","last_name":""},"result":[{"value":{"start":13,"end":17,"text":"Iris","labels":["Speaker"]},"meta":{"text":["24"]},"id":"Ji8ecnv7UM","from_name":"speech","to_name":"text","type":"labels"}],"was_cancelled":false,"ground_truth":false,"created_at":"2021-11-11T15:43:50.538515Z","updated_at":"2021-11-11T15:44:03.340959Z","lead_time":677.911,"prediction":{},"result_count":0,"task":26,"parent_prediction":null,"parent_annotation":null}],"predictions":[],"file_upload":"8d074752-18.csv","data":{"text":"Et la rapide Iris aux pieds aériens lui répondit :"},"meta":{},"created_at":"2021-11-07T22:23:18.864218Z","updated_at":"2021-11-11T15:44:03.310510Z","project":3},{"id":23,"annotations":[{"id":20,"completed_by":{"id":2,"email":"andre.dagloriasantiago@unil.ch","first_name":"","last_name":""},"result":[{"value":{"start":2,"end":593,"text":"Lève-toi , Pèléide , le plus effrayant des hommes , et secours Patroklos pour qui on combat avec fureur devant les nefs . C'est là que tous s'entrehYpppHeNtuent , les Akhaiens pour le défendre , et les Troiens pour l'entraîner vers Ilios battue des vents . Et l'illustre Hektôr espère surtout l'entraîner , et il veut mettre , après l'avoir coupée , la tête de Patroklos au bout d'un pieu . Lève-toi ; ne reste pas plus longtemps inerte , et que la honte te saisisse en songeant à Patroklos devenu le jouet des chiens troiens . Ce serait un opprobre pour toi , si son cadavre était souillé .","labels":["Speech"]},"id":"MrZrHeg1gW","from_name":"speech","to_name":"text","type":"labels"},{"value":{"start":2,"end":593,"text":"Lève-toi , Pèléide , le plus effrayant des hommes , et secours Patroklos pour qui on combat avec fureur devant les nefs . C'est là que tous s'entrehYpppHeNtuent , les Akhaiens pour le défendre , et les Troiens pour l'entraîner vers Ilios battue des vents . Et l'illustre Hektôr espère surtout l'entraîner , et il veut mettre , après l'avoir coupée , la tête de Patroklos au bout d'un pieu . Lève-toi ; ne reste pas plus longtemps inerte , et que la honte te saisisse en songeant à Patroklos devenu le jouet des chiens troiens . Ce serait un opprobre pour toi , si son cadavre était souillé .","labels":["Ardeur"]},"id":"LVadPLe0i4","from_name":"emotion","to_name":"text","type":"labels"}],"was_cancelled":false,"ground_truth":false,"created_at":"2021-11-11T15:40:45.790794Z","updated_at":"2021-11-11T15:42:00.663652Z","lead_time":555.239,"prediction":{},"result_count":0,"task":23,"parent_prediction":null,"parent_annotation":null}],"predictions":[],"file_upload":"8d074752-18.csv","data":{"text":"— Lève-toi , Pèléide , le plus effrayant des hommes , et secours Patroklos pour qui on combat avec fureur devant les nefs . C'est là que tous s'entrehYpppHeNtuent , les Akhaiens pour le défendre , et les Troiens pour l'entraîner vers Ilios battue des vents . Et l'illustre Hektôr espère surtout l'entraîner , et il veut mettre , après l'avoir coupée , la tête de Patroklos au bout d'un pieu . Lève-toi ; ne reste pas plus longtemps inerte , et que la honte te saisisse en songeant à Patroklos devenu le jouet des chiens troiens . Ce serait un opprobre pour toi , si son cadavre était souillé ."},"meta":{},"created_at":"2021-11-07T22:23:18.864218Z","updated_at":"2021-11-11T15:42:00.638723Z","project":3},{"id":22,"annotations":[{"id":19,"completed_by":{"id":2,"email":"andre.dagloriasantiago@unil.ch","first_name":"","last_name":""},"result":[{"value":{"start":863,"end":867,"text":"Iris","labels":["Speaker"]},"meta":{"text":["20"]},"id":"q35LGdmWgS","from_name":"speech","to_name":"text","type":"labels"}],"was_cancelled":false,"ground_truth":false,"created_at":"2021-11-11T15:40:33.097482Z","updated_at":"2021-11-11T15:40:54.361973Z","lead_time":488.936,"prediction":{},"result_count":0,"task":22,"parent_prediction":null,"parent_annotation":null}],"predictions":[],"file_upload":"8d074752-18.csv","data":{"text":"Et les Akhaiens aux belles knèmides n'avaient pu enlever hors des traits le cadavre de Patroklos , du compagnon d'Akhilleus ; et tout le peuple de Troiè , et les chevaux , et le Priamide Hektôr , semblable à la flamme par sa fureur , poursuivaient toujours Patroklos . Et , trois fois , l'illustre Hektôr le saisit par les pieds , désirant l'entraîner , et excitant les Troiens , et , trois fois , les Aias , revêtus d'une force impétueuse , le repoussèrent loin du cadavre ; et lui , certain de son courage , tantôt se ruait dans la mêlée , tantôt s'arrêtait avec de grands cris , mais jamais ne reculait . De même que les bergers campagnards ne peuvent chasser loin de sa proie un lion fauve et affamé , de même les deux Aias ne pouvaient repousser le Priamide Hektôr loin du cadavre ; et il l'eût entraîné , et il eût remporté une grande gloire , si la rapide Iris aux pieds aériens vers le Pèléide ne fût venue à la hâte de l'Olympos , afin qu'il se montrât . Hèrè l'avait envoyée , Zeus et les autres dieux l'ignorant . Et , debout auprès de lui , elle dit en paroles ailées :"},"meta":{},"created_at":"2021-11-07T22:23:18.864218Z","updated_at":"2021-11-11T15:40:54.337040Z","project":3},{"id":20,"annotations":[{"id":18,"completed_by":{"id":2,"email":"andre.dagloriasantiago@unil.ch","first_name":"","last_name":""},"result":[{"value":{"start":92,"end":98,"text":"Thétis","labels":["Speaker"]},"meta":{"text":["16"]},"id":"a1FOAosGVT","from_name":"speech","to_name":"text","type":"labels"}],"was_cancelled":false,"ground_truth":false,"created_at":"2021-11-11T15:38:40.696682Z","updated_at":"2021-11-11T15:39:26.288158Z","lead_time":400.851,"prediction":{},"result_count":0,"task":20,"parent_prediction":null,"parent_annotation":null}],"predictions":[],"file_upload":"8d074752-18.csv","data":{"text":"Elle parla ainsi , et les nèrèides disparurent aussitôt sous l'eau de la mer , et la déesse Thétis aux pieds d'argent monta de nouveau dans l'Olympos , afin d'en rapporter de belles et illustres armes pour son fils ."},"meta":{},"created_at":"2021-11-07T22:23:18.864218Z","updated_at":"2021-11-11T15:39:26.258263Z","project":3},{"id":19,"annotations":[{"id":16,"completed_by":{"id":2,"email":"andre.dagloriasantiago@unil.ch","first_name":"","last_name":""},"result":[{"value":{"start":2,"end":270,"text":"Rentrez à la hâte dans le large sein de la mer , et retournez dans les demeures de notre vieux père , et dites-lui tout ceci . Moi , je vais dans le vaste Olympos , auprès de l'illustre ouvrier Hèphaistos , afin de lui demander de belles armes splendides pour mon fils","labels":["Speech"]},"id":"-wJJMTIMBK","from_name":"speech","to_name":"text","type":"labels"},{"value":{"start":2,"end":270,"text":"Rentrez à la hâte dans le large sein de la mer , et retournez dans les demeures de notre vieux père , et dites-lui tout ceci . Moi , je vais dans le vaste Olympos , auprès de l'illustre ouvrier Hèphaistos , afin de lui demander de belles armes splendides pour mon fils","labels":["Ardeur"]},"id":"vYqwebPSNJ","from_name":"emotion","to_name":"text","type":"labels"}],"was_cancelled":false,"ground_truth":false,"created_at":"2021-11-11T15:33:13.251541Z","updated_at":"2021-11-11T15:38:06.828455Z","lead_time":321.402,"prediction":{},"result_count":0,"task":19,"parent_prediction":null,"parent_annotation":null}],"predictions":[],"file_upload":"8d074752-18.csv","data":{"text":"— Rentrez à la hâte dans le large sein de la mer , et retournez dans les demeures de notre vieux père , et dites-lui tout ceci . Moi , je vais dans le vaste Olympos , auprès de l'illustre ouvrier Hèphaistos , afin de lui demander de belles armes splendides pour mon fils ."},"meta":{},"created_at":"2021-11-07T22:23:18.864218Z","updated_at":"2021-11-11T15:38:06.802444Z","project":3},{"id":17,"annotations":[{"id":15,"completed_by":{"id":2,"email":"andre.dagloriasantiago@unil.ch","first_name":"","last_name":""},"result":[{"value":{"start":2,"end":499,"text":"Certes , mon fils , tu as bien dit : il est beau de venger la ruine cruelle de ses compagnons . Mais tes armes d'airain , belles et splendides , sont parmi les Troiens . Hektôr au casque mouvant se glorifie d'en avoir couvert ses épaules ; mais je ne pense pas qu'il s'en réjouisse longtemps , car le meurtre est auprès de lui . N'entre point dans la mêlée d'Arès avant que tu m'aies revue de tes yeux . Je reviendrai demain , comme Hélios se lèvera , avec de belles armes venant du roi Hèphaistos","labels":["Speech"]},"id":"E59tl2WXct","from_name":"speech","to_name":"text","type":"labels"},{"value":{"start":2,"end":501,"text":"Certes , mon fils , tu as bien dit : il est beau de venger la ruine cruelle de ses compagnons . Mais tes armes d'airain , belles et splendides , sont parmi les Troiens . Hektôr au casque mouvant se glorifie d'en avoir couvert ses épaules ; mais je ne pense pas qu'il s'en réjouisse longtemps , car le meurtre est auprès de lui . N'entre point dans la mêlée d'Arès avant que tu m'aies revue de tes yeux . Je reviendrai demain , comme Hélios se lèvera , avec de belles armes venant du roi Hèphaistos .","labels":["Tristesse"]},"id":"xbwbxsWZIR","from_name":"emotion","to_name":"text","type":"labels"},{"value":{"start":2,"end":501,"text":"Certes , mon fils , tu as bien dit : il est beau de venger la ruine cruelle de ses compagnons . Mais tes armes d'airain , belles et splendides , sont parmi les Troiens . Hektôr au casque mouvant se glorifie d'en avoir couvert ses épaules ; mais je ne pense pas qu'il s'en réjouisse longtemps , car le meurtre est auprès de lui . N'entre point dans la mêlée d'Arès avant que tu m'aies revue de tes yeux . Je reviendrai demain , comme Hélios se lèvera , avec de belles armes venant du roi Hèphaistos .","labels":["Ardeur"]},"id":"hf74GAGJ55","from_name":"emotion","to_name":"text","type":"labels"}],"was_cancelled":false,"ground_truth":false,"created_at":"2021-11-08T16:44:56.501053Z","updated_at":"2021-11-11T15:37:04.572927Z","lead_time":259.144,"prediction":{},"result_count":0,"task":17,"parent_prediction":null,"parent_annotation":null}],"predictions":[],"file_upload":"8d074752-18.csv","data":{"text":"— Certes , mon fils , tu as bien dit : il est beau de venger la ruine cruelle de ses compagnons . Mais tes armes d'airain , belles et splendides , sont parmi les Troiens . Hektôr au casque mouvant se glorifie d'en avoir couvert ses épaules ; mais je ne pense pas qu'il s'en réjouisse longtemps , car le meurtre est auprès de lui . N'entre point dans la mêlée d'Arès avant que tu m'aies revue de tes yeux . Je reviendrai demain , comme Hélios se lèvera , avec de belles armes venant du roi Hèphaistos ."},"meta":{},"created_at":"2021-11-07T22:23:18.864218Z","updated_at":"2021-11-11T15:37:04.545920Z","project":3},{"id":16,"annotations":[{"id":14,"completed_by":{"id":2,"email":"andre.dagloriasantiago@unil.ch","first_name":"","last_name":""},"result":[{"value":{"start":13,"end":19,"text":"Thétis","labels":["Speaker"]},"meta":{"text":["15"]},"id":"c5l1JLgdA8","from_name":"speech","to_name":"text","type":"labels"}],"was_cancelled":false,"ground_truth":false,"created_at":"2021-11-08T16:43:25.727718Z","updated_at":"2021-11-11T15:36:24.355649Z","lead_time":218.927,"prediction":{},"result_count":0,"task":16,"parent_prediction":null,"parent_annotation":null}],"predictions":[],"file_upload":"8d074752-18.csv","data":{"text":"Et la déesse Thétis aux pieds d'argent lui répondit :"},"meta":{},"created_at":"2021-11-07T22:23:18.864218Z","updated_at":"2021-11-11T15:36:24.330543Z","project":3},{"id":14,"annotations":[{"id":12,"completed_by":{"id":2,"email":"andre.dagloriasantiago@unil.ch","first_name":"","last_name":""},"result":[{"value":{"start":3,"end":12,"text":"Akhilleùs","labels":["Speaker"]},"meta":{"text":["13"]},"id":"DaaO8dI1g9","from_name":"speech","to_name":"text","type":"labels"}],"was_cancelled":false,"ground_truth":false,"created_at":"2021-11-08T16:41:44.786968Z","updated_at":"2021-11-08T16:43:15.705318Z","lead_time":469.745,"prediction":{},"result_count":0,"task":14,"parent_prediction":null,"parent_annotation":null}],"predictions":[],"file_upload":"8d074752-18.csv","data":{"text":"Et Akhilleùs aux pieds rapides , en gémissant lui répondit :"},"meta":{},"created_at":"2021-11-07T22:23:18.864218Z","updated_at":"2021-11-08T16:43:15.677319Z","project":3},{"id":15,"annotations":[{"id":13,"completed_by":{"id":2,"email":"andre.dagloriasantiago@unil.ch","first_name":"","last_name":""},"result":[{"value":{"start":2,"end":1616,"text":"Je mourrai donc , puisque je n'ai pu secourir mon compagnon , pendant qu'on le tuait . Il est mort loin de la patrie , et il m'a conjuré de le venger . Je mourrai maintenant , puisque je ne retournerai point dans la patrie , et que je n'ai sauvé ni Patroklos , ni ceux de mes compagnons qui sont tombés en foule sous le divin Hektôr , tandis que j'étais assis sur mes nefs , inutile fardeau de la terre , moi qui l'emporte sur tous les Akhaiens dans le combat ; car d'autres sont meilleurs dans l'agora . Ah ! que la dissension périsse parmi les dieux ! et , parmi les hommes , périsse la colère qui trouble le plus sage , et qui , plus douce que le miel liquide , se gonfle , comme la fumée dans la poitrine des hommes ! C'est ainsi que le roi des hommes , Agamemnôn , a provoqué ma colère . Mais oublions le passé , malgré nos douleurs , et , dans notre poitrine , ployons notre âme à la nécessité . Je chercherai Hektôr qui m'a enlevé cette chère tête , et je recevrai la mort quand il plaira à Zeus et aux autres dieux immortels . La force Hèrakléenne n'évita point la mort , lui qui était très-cher au roi Zeus Kroniôn ; mais l'inévitable colère de Hèrè et la moire le domptèrent . Si une moire semblable m'attend , on me couchera mort sur le bûcher , mais , auparavant , je remporterai une grande gloire . Et que la Troadienne , ou la Dardanienne , essuie de ses deux mains ses joues délicates couvertes de larmes , car je la contraindrai de gémir misérablement ; et elles comprendront que je me suis longtemps éloigné du combat . Ne me retiens donc pas , malgré ta tendresse , car tu ne me persuaderas point","labels":["Speech"]},"id":"-UUq3Qc6c6","from_name":"speech","to_name":"text","type":"labels"},{"value":{"start":2,"end":1616,"text":"Je mourrai donc , puisque je n'ai pu secourir mon compagnon , pendant qu'on le tuait . Il est mort loin de la patrie , et il m'a conjuré de le venger . Je mourrai maintenant , puisque je ne retournerai point dans la patrie , et que je n'ai sauvé ni Patroklos , ni ceux de mes compagnons qui sont tombés en foule sous le divin Hektôr , tandis que j'étais assis sur mes nefs , inutile fardeau de la terre , moi qui l'emporte sur tous les Akhaiens dans le combat ; car d'autres sont meilleurs dans l'agora . Ah ! que la dissension périsse parmi les dieux ! et , parmi les hommes , périsse la colère qui trouble le plus sage , et qui , plus douce que le miel liquide , se gonfle , comme la fumée dans la poitrine des hommes ! C'est ainsi que le roi des hommes , Agamemnôn , a provoqué ma colère . Mais oublions le passé , malgré nos douleurs , et , dans notre poitrine , ployons notre âme à la nécessité . Je chercherai Hektôr qui m'a enlevé cette chère tête , et je recevrai la mort quand il plaira à Zeus et aux autres dieux immortels . La force Hèrakléenne n'évita point la mort , lui qui était très-cher au roi Zeus Kroniôn ; mais l'inévitable colère de Hèrè et la moire le domptèrent . Si une moire semblable m'attend , on me couchera mort sur le bûcher , mais , auparavant , je remporterai une grande gloire . Et que la Troadienne , ou la Dardanienne , essuie de ses deux mains ses joues délicates couvertes de larmes , car je la contraindrai de gémir misérablement ; et elles comprendront que je me suis longtemps éloigné du combat . Ne me retiens donc pas , malgré ta tendresse , car tu ne me persuaderas point","labels":["Tristesse"]},"id":"JLlrLZgIEA","from_name":"emotion","to_name":"text","type":"labels"},{"value":{"start":2,"end":1616,"text":"Je mourrai donc , puisque je n'ai pu secourir mon compagnon , pendant qu'on le tuait . Il est mort loin de la patrie , et il m'a conjuré de le venger . Je mourrai maintenant , puisque je ne retournerai point dans la patrie , et que je n'ai sauvé ni Patroklos , ni ceux de mes compagnons qui sont tombés en foule sous le divin Hektôr , tandis que j'étais assis sur mes nefs , inutile fardeau de la terre , moi qui l'emporte sur tous les Akhaiens dans le combat ; car d'autres sont meilleurs dans l'agora . Ah ! que la dissension périsse parmi les dieux ! et , parmi les hommes , périsse la colère qui trouble le plus sage , et qui , plus douce que le miel liquide , se gonfle , comme la fumée dans la poitrine des hommes ! C'est ainsi que le roi des hommes , Agamemnôn , a provoqué ma colère . Mais oublions le passé , malgré nos douleurs , et , dans notre poitrine , ployons notre âme à la nécessité . Je chercherai Hektôr qui m'a enlevé cette chère tête , et je recevrai la mort quand il plaira à Zeus et aux autres dieux immortels . La force Hèrakléenne n'évita point la mort , lui qui était très-cher au roi Zeus Kroniôn ; mais l'inévitable colère de Hèrè et la moire le domptèrent . Si une moire semblable m'attend , on me couchera mort sur le bûcher , mais , auparavant , je remporterai une grande gloire . Et que la Troadienne , ou la Dardanienne , essuie de ses deux mains ses joues délicates couvertes de larmes , car je la contraindrai de gémir misérablement ; et elles comprendront que je me suis longtemps éloigné du combat . Ne me retiens donc pas , malgré ta tendresse , car tu ne me persuaderas point","labels":["Colère"]},"id":"XcdT5ZxUIT","from_name":"emotion","to_name":"text","type":"labels"}],"was_cancelled":false,"ground_truth":false,"created_at":"2021-11-08T16:41:53.401393Z","updated_at":"2021-11-08T16:43:09.271113Z","lead_time":463.312,"prediction":{},"result_count":0,"task":15,"parent_prediction":null,"parent_annotation":null}],"predictions":[],"file_upload":"8d074752-18.csv","data":{"text":"— Je mourrai donc , puisque je n'ai pu secourir mon compagnon , pendant qu'on le tuait . Il est mort loin de la patrie , et il m'a conjuré de le venger . Je mourrai maintenant , puisque je ne retournerai point dans la patrie , et que je n'ai sauvé ni Patroklos , ni ceux de mes compagnons qui sont tombés en foule sous le divin Hektôr , tandis que j'étais assis sur mes nefs , inutile fardeau de la terre , moi qui l'emporte sur tous les Akhaiens dans le combat ; car d'autres sont meilleurs dans l'agora . Ah ! que la dissension périsse parmi les dieux ! et , parmi les hommes , périsse la colère qui trouble le plus sage , et qui , plus douce que le miel liquide , se gonfle , comme la fumée dans la poitrine des hommes ! C'est ainsi que le roi des hommes , Agamemnôn , a provoqué ma colère . Mais oublions le passé , malgré nos douleurs , et , dans notre poitrine , ployons notre âme à la nécessité . Je chercherai Hektôr qui m'a enlevé cette chère tête , et je recevrai la mort quand il plaira à Zeus et aux autres dieux immortels . La force Hèrakléenne n'évita point la mort , lui qui était très-cher au roi Zeus Kroniôn ; mais l'inévitable colère de Hèrè et la moire le domptèrent . Si une moire semblable m'attend , on me couchera mort sur le bûcher , mais , auparavant , je remporterai une grande gloire . Et que la Troadienne , ou la Dardanienne , essuie de ses deux mains ses joues délicates couvertes de larmes , car je la contraindrai de gémir misérablement ; et elles comprendront que je me suis longtemps éloigné du combat . Ne me retiens donc pas , malgré ta tendresse , car tu ne me persuaderas point ."},"meta":{},"created_at":"2021-11-07T22:23:18.864218Z","updated_at":"2021-11-08T16:43:09.246141Z","project":3},{"id":12,"annotations":[{"id":10,"completed_by":{"id":2,"email":"andre.dagloriasantiago@unil.ch","first_name":"","last_name":""},"result":[{"value":{"start":3,"end":9,"text":"Thétis","labels":["Speaker"]},"meta":{"text":["11"]},"id":"jEhtILwCfO","from_name":"speech","to_name":"text","type":"labels"}],"was_cancelled":false,"ground_truth":false,"created_at":"2021-11-08T16:40:29.609307Z","updated_at":"2021-11-08T16:41:04.253374Z","lead_time":338.296,"prediction":{},"result_count":0,"task":12,"parent_prediction":null,"parent_annotation":null}],"predictions":[],"file_upload":"8d074752-18.csv","data":{"text":"Et Thétis , versant des larmes , lui répondit :"},"meta":{},"created_at":"2021-11-07T22:23:18.864218Z","updated_at":"2021-11-08T16:41:04.227419Z","project":3},{"id":13,"annotations":[{"id":11,"completed_by":{"id":2,"email":"andre.dagloriasantiago@unil.ch","first_name":"","last_name":""},"result":[{"value":{"start":2,"end":110,"text":"Mon enfant , dois-tu donc bientôt mourir , comme tu le dis ? C'est ta mort qui doit suivre celle de Hektôr !","labels":["Speech"]},"id":"S3AR210Xak","from_name":"speech","to_name":"text","type":"labels"},{"value":{"start":2,"end":110,"text":"Mon enfant , dois-tu donc bientôt mourir , comme tu le dis ? C'est ta mort qui doit suivre celle de Hektôr !","labels":["Tristesse"]},"id":"u2cwhLeJx2","from_name":"emotion","to_name":"text","type":"labels"}],"was_cancelled":false,"ground_truth":false,"created_at":"2021-11-08T16:40:47.770626Z","updated_at":"2021-11-08T16:40:55.908209Z","lead_time":329.952,"prediction":{},"result_count":0,"task":13,"parent_prediction":null,"parent_annotation":null}],"predictions":[],"file_upload":"8d074752-18.csv","data":{"text":"— Mon enfant , dois-tu donc bientôt mourir , comme tu le dis ? C'est ta mort qui doit suivre celle de Hektôr !"},"meta":{},"created_at":"2021-11-07T22:23:18.864218Z","updated_at":"2021-11-08T16:40:55.882276Z","project":3},{"id":10,"annotations":[{"id":8,"completed_by":{"id":2,"email":"andre.dagloriasantiago@unil.ch","first_name":"","last_name":""},"result":[{"value":{"start":3,"end":12,"text":"Akhilleus","labels":["Speaker"]},"meta":{"text":["9"]},"id":"1pihC6yLWR","from_name":"speech","to_name":"text","type":"labels"}],"was_cancelled":false,"ground_truth":false,"created_at":"2021-11-08T16:39:23.878021Z","updated_at":"2021-11-08T16:40:18.624121Z","lead_time":292.665,"prediction":{},"result_count":0,"task":10,"parent_prediction":null,"parent_annotation":null}],"predictions":[],"file_upload":"8d074752-18.csv","data":{"text":"Et Akhilleus aux pieds rapides , avec de profonds soupirs , lui répondit :"},"meta":{},"created_at":"2021-11-07T22:23:18.863221Z","updated_at":"2021-11-08T16:40:18.597788Z","project":3},{"id":11,"annotations":[{"id":9,"completed_by":{"id":2,"email":"andre.dagloriasantiago@unil.ch","first_name":"","last_name":""},"result":[{"value":{"start":2,"end":806,"text":"Ma mère , l'Olympien m'a exaucé ; mais qu'en aihYpppHeNje retiré , puisque mon cher compagnon Patroklos est mort , lui que j'honorais entre tous autant que moi-même ? Je l'ai perdu . Hektôr , l'ayant tué , lui a arraché mes belles , grandes et admirables armes , présents splendides des dieux à Pèleus , le jour où ils te firent partager le lit d'un homme mortel . Plût aux dieux que tu fusses restée avec les déesses de la mer , et que Pèleus eût épousé plutôt une femme mortelle ! Maintenant , une douleur éternelle emplira ton âme , à cause de la mort de ton fils que tu ne verras plus revenir dans tes demeures ; car je ne veux plus vivre , ni m'inquiéter des hommes , à moins que Hektôr , percé par ma lance , ne rende l'âme , et que Patroklos Ménoitiade , livré en pâture aux chiens , ne soit vengé","labels":["Speech"]},"id":"4YfpA154pX","from_name":"speech","to_name":"text","type":"labels"},{"value":{"start":2,"end":806,"text":"Ma mère , l'Olympien m'a exaucé ; mais qu'en aihYpppHeNje retiré , puisque mon cher compagnon Patroklos est mort , lui que j'honorais entre tous autant que moi-même ? Je l'ai perdu . Hektôr , l'ayant tué , lui a arraché mes belles , grandes et admirables armes , présents splendides des dieux à Pèleus , le jour où ils te firent partager le lit d'un homme mortel . Plût aux dieux que tu fusses restée avec les déesses de la mer , et que Pèleus eût épousé plutôt une femme mortelle ! Maintenant , une douleur éternelle emplira ton âme , à cause de la mort de ton fils que tu ne verras plus revenir dans tes demeures ; car je ne veux plus vivre , ni m'inquiéter des hommes , à moins que Hektôr , percé par ma lance , ne rende l'âme , et que Patroklos Ménoitiade , livré en pâture aux chiens , ne soit vengé","labels":["Tristesse"]},"id":"gIgySzaJPU","from_name":"emotion","to_name":"text","type":"labels"}],"was_cancelled":false,"ground_truth":false,"created_at":"2021-11-08T16:40:07.267667Z","updated_at":"2021-11-08T16:40:10.778267Z","lead_time":284.82,"prediction":{},"result_count":0,"task":11,"parent_prediction":null,"parent_annotation":null}],"predictions":[],"file_upload":"8d074752-18.csv","data":{"text":"— Ma mère , l'Olympien m'a exaucé ; mais qu'en aihYpppHeNje retiré , puisque mon cher compagnon Patroklos est mort , lui que j'honorais entre tous autant que moi-même ? Je l'ai perdu . Hektôr , l'ayant tué , lui a arraché mes belles , grandes et admirables armes , présents splendides des dieux à Pèleus , le jour où ils te firent partager le lit d'un homme mortel . Plût aux dieux que tu fusses restée avec les déesses de la mer , et que Pèleus eût épousé plutôt une femme mortelle ! Maintenant , une douleur éternelle emplira ton âme , à cause de la mort de ton fils que tu ne verras plus revenir dans tes demeures ; car je ne veux plus vivre , ni m'inquiéter des hommes , à moins que Hektôr , percé par ma lance , ne rende l'âme , et que Patroklos Ménoitiade , livré en pâture aux chiens , ne soit vengé ."},"meta":{},"created_at":"2021-11-07T22:23:18.864218Z","updated_at":"2021-11-08T16:40:10.753201Z","project":3},{"id":9,"annotations":[{"id":7,"completed_by":{"id":2,"email":"andre.dagloriasantiago@unil.ch","first_name":"","last_name":""},"result":[{"value":{"start":2,"end":308,"text":"Mon enfant , pourquoi pleures-tu ? Quelle douleur envahit ton âme ? Parle , ne me cache rien , afin que nous sachions tous deux . Zeus , ainsi que je l'en avais supplié de mes mains étendues , a rejeté tous les fils des Akhaiens auprès des nefs , et ils souffrent de grands maux , parce que tu leur manques","labels":["Speech"]},"id":"Z1YiPo2z6t","from_name":"speech","to_name":"text","type":"labels"},{"value":{"start":2,"end":308,"text":"Mon enfant , pourquoi pleures-tu ? Quelle douleur envahit ton âme ? Parle , ne me cache rien , afin que nous sachions tous deux . Zeus , ainsi que je l'en avais supplié de mes mains étendues , a rejeté tous les fils des Akhaiens auprès des nefs , et ils souffrent de grands maux , parce que tu leur manques","labels":["Tristesse"]},"id":"8yenNXLcyU","from_name":"emotion","to_name":"text","type":"labels"}],"was_cancelled":false,"ground_truth":false,"created_at":"2021-11-08T16:38:52.882664Z","updated_at":"2021-11-08T16:39:04.608592Z","lead_time":218.6,"prediction":{},"result_count":0,"task":9,"parent_prediction":null,"parent_annotation":null}],"predictions":[],"file_upload":"8d074752-18.csv","data":{"text":"— Mon enfant , pourquoi pleures-tu ? Quelle douleur envahit ton âme ? Parle , ne me cache rien , afin que nous sachions tous deux . Zeus , ainsi que je l'en avais supplié de mes mains étendues , a rejeté tous les fils des Akhaiens auprès des nefs , et ils souffrent de grands maux , parce que tu leur manques ."},"meta":{},"created_at":"2021-11-07T22:23:18.863221Z","updated_at":"2021-11-08T16:39:04.554679Z","project":3},{"id":6,"annotations":[{"id":5,"completed_by":{"id":2,"email":"andre.dagloriasantiago@unil.ch","first_name":"","last_name":""},"result":[{"value":{"start":869,"end":875,"text":"Thétis","labels":["Speaker"]},"meta":{"text":["6"]},"id":"B5L0WHa4JG","from_name":"speech","to_name":"text","type":"labels"}],"was_cancelled":false,"ground_truth":false,"created_at":"2021-11-08T16:36:11.841212Z","updated_at":"2021-11-08T16:38:18.908466Z","lead_time":172.904,"prediction":{},"result_count":0,"task":6,"parent_prediction":null,"parent_annotation":null}],"predictions":[],"file_upload":"8d074752-18.csv","data":{"text":"Akhilleus poussait des sanglots terribles , et sa mère vénérable l'entendit , assise dans les gouffres de la mer , auprès de son vieux père . Et elle se lamenta aussitôt . Et autour de la déesse étaient rassemblées toutes les nèrèides qui sont au fond de la mer : Glaukè , et Thaléia , et Kymodokè , et Nèsaiè , et Spéiô , et Thoè , et Haliè aux yeux de boeuf , et Kymothoè , et Alkaiè , et Limnoréia , et Mélitè , et Iaira , et Amphithoè , et Agavè , et Lôtô , et Prôtô , et Phérousa , Dynaménè , et Dexaménè et Amphinomè , et Kallianassa , et Dôris , et Panopè , et l'illustre Galatéia , et Nèmertès , et Abseudès , et Kallianéira , et Klyménè , et Ianéira , et Ianassa , et Maira , et Oreithya , et Amathéia aux beaux cheveux , et les autres nèrèides qui sont dans la profonde mer . Et elles emplissaient la grotte d'argent , et elles se frappaient la poitrine , et Thétis se lamentait ainsi :"},"meta":{},"created_at":"2021-11-07T22:23:18.863221Z","updated_at":"2021-11-08T16:38:18.856605Z","project":3},{"id":7,"annotations":[{"id":6,"completed_by":{"id":2,"email":"andre.dagloriasantiago@unil.ch","first_name":"","last_name":""},"result":[{"value":{"start":2,"end":693,"text":"Ecoutez-moi , soeurs nèrèides , afin que vous sachiez les douleurs qui déchirent mon âme , hélas ! à moi , malheureuse , qui ai enfanté un homme illustre , un fils irréprochable et brave , le plus courageux des héros , et qui a grandi comme un arbre . Je l'ai élevé comme une plante dans une terre fertile , et je l'ai envoyé vers Ilios , sur ses nefs aux poupes recourbées , combattre les Troiens . Et je ne le verrai point revenir dans mes demeures , dans la maison Pèléienne . Voici qu'il est vivant , et qu'il voit la lumière de Hélios , et qu'il souffre , et je ne puis le secourir . Mais j'irai vers mon fils bien-aimé , et je saurai de lui-même quelle douleur l'accable loin du combat","labels":["Speech"]},"id":"5ayobwsn8e","from_name":"speech","to_name":"text","type":"labels"},{"value":{"start":2,"end":693,"text":"Ecoutez-moi , soeurs nèrèides , afin que vous sachiez les douleurs qui déchirent mon âme , hélas ! à moi , malheureuse , qui ai enfanté un homme illustre , un fils irréprochable et brave , le plus courageux des héros , et qui a grandi comme un arbre . Je l'ai élevé comme une plante dans une terre fertile , et je l'ai envoyé vers Ilios , sur ses nefs aux poupes recourbées , combattre les Troiens . Et je ne le verrai point revenir dans mes demeures , dans la maison Pèléienne . Voici qu'il est vivant , et qu'il voit la lumière de Hélios , et qu'il souffre , et je ne puis le secourir . Mais j'irai vers mon fils bien-aimé , et je saurai de lui-même quelle douleur l'accable loin du combat","labels":["Tristesse"]},"id":"-JjwZwaHer","from_name":"emotion","to_name":"text","type":"labels"}],"was_cancelled":false,"ground_truth":false,"created_at":"2021-11-08T16:36:39.449809Z","updated_at":"2021-11-08T16:37:20.164883Z","lead_time":114.161,"prediction":{},"result_count":0,"task":7,"parent_prediction":null,"parent_annotation":null}],"predictions":[],"file_upload":"8d074752-18.csv","data":{"text":"— Ecoutez-moi , soeurs nèrèides , afin que vous sachiez les douleurs qui déchirent mon âme , hélas ! à moi , malheureuse , qui ai enfanté un homme illustre , un fils irréprochable et brave , le plus courageux des héros , et qui a grandi comme un arbre . Je l'ai élevé comme une plante dans une terre fertile , et je l'ai envoyé vers Ilios , sur ses nefs aux poupes recourbées , combattre les Troiens . Et je ne le verrai point revenir dans mes demeures , dans la maison Pèléienne . Voici qu'il est vivant , et qu'il voit la lumière de Hélios , et qu'il souffre , et je ne puis le secourir . Mais j'irai vers mon fils bien-aimé , et je saurai de lui-même quelle douleur l'accable loin du combat ."},"meta":{},"created_at":"2021-11-07T22:23:18.863221Z","updated_at":"2021-11-08T16:37:20.104859Z","project":3},{"id":3,"annotations":[{"id":3,"completed_by":{"id":2,"email":"andre.dagloriasantiago@unil.ch","first_name":"","last_name":""},"result":[{"value":{"start":63,"end":90,"text":"e fils de l'illustre Nestôr","labels":["Speaker"]},"meta":{"text":["4"]},"id":"Vv3XvBu0iQ","from_name":"speech","to_name":"text","type":"labels"}],"was_cancelled":false,"ground_truth":false,"created_at":"2021-11-07T22:27:23.242569Z","updated_at":"2021-11-07T22:27:47.231293Z","lead_time":799.034,"prediction":{},"result_count":0,"task":3,"parent_prediction":null,"parent_annotation":null}],"predictions":[],"file_upload":"8d074752-18.csv","data":{"text":"Tandis qu'il roulait ceci dans son esprit et dans son coeur , le fils de l'illustre Nestôr s'approcha de lui , et , versant de chaudes larmes , dit la triste nouvelle :"},"meta":{},"created_at":"2021-11-07T22:23:18.863221Z","updated_at":"2021-11-07T22:27:47.184759Z","project":3},{"id":1,"annotations":[{"id":2,"completed_by":{"id":2,"email":"andre.dagloriasantiago@unil.ch","first_name":"","last_name":""},"result":[{"value":{"start":53,"end":63,"text":"Antilokhos","labels":["Speaker"]},"id":"JI_eovcEyf","from_name":"speech","to_name":"text","type":"labels"}],"was_cancelled":false,"ground_truth":false,"created_at":"2021-11-07T22:25:42.586164Z","updated_at":"2021-11-07T22:27:07.671145Z","lead_time":759.477,"prediction":{},"result_count":0,"task":1,"parent_prediction":null,"parent_annotation":null}],"predictions":[],"file_upload":"8d074752-18.csv","data":{"text":"Et ils combattaient ainsi , comme le feu ardent . Et Antilokhos vint à Akhilleus aux pieds rapides , et il le trouva devant ses nefs aux antennes dressées , songeant dans son esprit aux choses accomplies déjà ; et , gémissant , il disait dans son coeur magnanime :"},"meta":{},"created_at":"2021-11-07T22:23:18.863221Z","updated_at":"2021-11-07T22:27:07.616043Z","project":3},{"id":38,"annotations":[{"id":32,"completed_by":{"id":2,"email":"andre.dagloriasantiago@unil.ch","first_name":"","last_name":""},"result":[{"value":{"start":2,"end":1395,"text":"Polydamas , il me déplaît que tu nous ordonnes de nous renfermer encore dans la ville . N'êteshYpppHeNvous donc point las d'être enfermés dans nos tours ? Autrefois , tous les hommes qui parlent des langues diverses vantaient la ville de Priamos , abondante en or , riche en airain . Aujourd'hui , les trésors qui étaient dans nos demeures sont dissipés . Depuis que le grand Zeus est irrité , la plupart de nos biens ont été transportés en Phrygiè et dans la belle Maioniè . Et maintenant que le fils du subtil Kronos m'a donné la victoire auprès des nefs et m'a permis d'acculer les Akhaiens à la mer , ô insensé , ne répands point de telles pensées dans le peuple . Aucun des Troiens ne t'obéira , je ne le permettrai point . Allons ! faites ce que je vais dire . Prenez le repas dans les rangs . N'oubliez point de veiller , chacun à son tour . Si quelque Troien craint pour ses richesses , qu'il les donne au peuple afin que tous en profitent , et cela vaudra mieux que d'en faire jouir les Akhaiens . Demain , dès le matin , nous recommencerons le rude combat auprès des nefs creuses . Et , si le divin Akhilleus se lève auprès des nefs , la rencontre lui sera rude ; car je ne le fuira pas dans le combat violent , mais je lui tiendrai courageusement tête . Ou il remportera une grande gloire , ou je triompherai . Arès est commun à tous , et , souvent , il tue celui qui voulait tuer .","labels":["Speech"]},"id":"m7ymtc4vd8","from_name":"speech","to_name":"text","type":"labels"},{"value":{"start":2,"end":1395,"text":"Polydamas , il me déplaît que tu nous ordonnes de nous renfermer encore dans la ville . N'êteshYpppHeNvous donc point las d'être enfermés dans nos tours ? Autrefois , tous les hommes qui parlent des langues diverses vantaient la ville de Priamos , abondante en or , riche en airain . Aujourd'hui , les trésors qui étaient dans nos demeures sont dissipés . Depuis que le grand Zeus est irrité , la plupart de nos biens ont été transportés en Phrygiè et dans la belle Maioniè . Et maintenant que le fils du subtil Kronos m'a donné la victoire auprès des nefs et m'a permis d'acculer les Akhaiens à la mer , ô insensé , ne répands point de telles pensées dans le peuple . Aucun des Troiens ne t'obéira , je ne le permettrai point . Allons ! faites ce que je vais dire . Prenez le repas dans les rangs . N'oubliez point de veiller , chacun à son tour . Si quelque Troien craint pour ses richesses , qu'il les donne au peuple afin que tous en profitent , et cela vaudra mieux que d'en faire jouir les Akhaiens . Demain , dès le matin , nous recommencerons le rude combat auprès des nefs creuses . Et , si le divin Akhilleus se lève auprès des nefs , la rencontre lui sera rude ; car je ne le fuira pas dans le combat violent , mais je lui tiendrai courageusement tête . Ou il remportera une grande gloire , ou je triompherai . Arès est commun à tous , et , souvent , il tue celui qui voulait tuer .","labels":["Ardeur"]},"id":"m7ymtc4vd8","from_name":"emotion","to_name":"text","type":"labels"},{"value":{"start":2,"end":1395,"text":"Polydamas , il me déplaît que tu nous ordonnes de nous renfermer encore dans la ville . N'êteshYpppHeNvous donc point las d'être enfermés dans nos tours ? Autrefois , tous les hommes qui parlent des langues diverses vantaient la ville de Priamos , abondante en or , riche en airain . Aujourd'hui , les trésors qui étaient dans nos demeures sont dissipés . Depuis que le grand Zeus est irrité , la plupart de nos biens ont été transportés en Phrygiè et dans la belle Maioniè . Et maintenant que le fils du subtil Kronos m'a donné la victoire auprès des nefs et m'a permis d'acculer les Akhaiens à la mer , ô insensé , ne répands point de telles pensées dans le peuple . Aucun des Troiens ne t'obéira , je ne le permettrai point . Allons ! faites ce que je vais dire . Prenez le repas dans les rangs . N'oubliez point de veiller , chacun à son tour . Si quelque Troien craint pour ses richesses , qu'il les donne au peuple afin que tous en profitent , et cela vaudra mieux que d'en faire jouir les Akhaiens . Demain , dès le matin , nous recommencerons le rude combat auprès des nefs creuses . Et , si le divin Akhilleus se lève auprès des nefs , la rencontre lui sera rude ; car je ne le fuira pas dans le combat violent , mais je lui tiendrai courageusement tête . Ou il remportera une grande gloire , ou je triompherai . Arès est commun à tous , et , souvent , il tue celui qui voulait tuer .","labels":["Ardeur"]},"id":"qoag37Yhqi","from_name":"emotion","to_name":"text","type":"labels"}],"was_cancelled":false,"ground_truth":false,"created_at":"2021-11-11T15:57:30.057485Z","updated_at":"2021-11-11T15:57:30.057485Z","lead_time":126.889,"prediction":{},"result_count":0,"task":38,"parent_prediction":null,"parent_annotation":null}],"predictions":[],"file_upload":"8d074752-18.csv","data":{"text":"— Polydamas , il me déplaît que tu nous ordonnes de nous renfermer encore dans la ville . N'êteshYpppHeNvous donc point las d'être enfermés dans nos tours ? Autrefois , tous les hommes qui parlent des langues diverses vantaient la ville de Priamos , abondante en or , riche en airain . Aujourd'hui , les trésors qui étaient dans nos demeures sont dissipés . Depuis que le grand Zeus est irrité , la plupart de nos biens ont été transportés en Phrygiè et dans la belle Maioniè . Et maintenant que le fils du subtil Kronos m'a donné la victoire auprès des nefs et m'a permis d'acculer les Akhaiens à la mer , ô insensé , ne répands point de telles pensées dans le peuple . Aucun des Troiens ne t'obéira , je ne le permettrai point . Allons ! faites ce que je vais dire . Prenez le repas dans les rangs . N'oubliez point de veiller , chacun à son tour . Si quelque Troien craint pour ses richesses , qu'il les donne au peuple afin que tous en profitent , et cela vaudra mieux que d'en faire jouir les Akhaiens . Demain , dès le matin , nous recommencerons le rude combat auprès des nefs creuses . Et , si le divin Akhilleus se lève auprès des nefs , la rencontre lui sera rude ; car je ne le fuira pas dans le combat violent , mais je lui tiendrai courageusement tête . Ou il remportera une grande gloire , ou je triompherai . Arès est commun à tous , et , souvent , il tue celui qui voulait tuer ."},"meta":{},"created_at":"2021-11-07T22:23:18.865240Z","updated_at":"2021-11-07T22:23:18.865240Z","project":3},{"id":43,"annotations":[{"id":36,"completed_by":{"id":2,"email":"andre.dagloriasantiago@unil.ch","first_name":"","last_name":""},"result":[{"value":{"start":2,"end":164,"text":"Tu as enfin réussi , vénérable Hèrè aux yeux de boeuf ! Voici qu'Akhilleus aux pieds rapides s'est levé . Les Akhaiens chevelus ne seraient-ils point nés de toi ?","labels":["Speech"]},"id":"nTlOeRMLf0","from_name":"speech","to_name":"text","type":"labels"},{"value":{"start":2,"end":164,"text":"Tu as enfin réussi , vénérable Hèrè aux yeux de boeuf ! Voici qu'Akhilleus aux pieds rapides s'est levé . Les Akhaiens chevelus ne seraient-ils point nés de toi ?","labels":["Plaisir"]},"id":"hWxCKGDx-x","from_name":"emotion","to_name":"text","type":"labels"}],"was_cancelled":false,"ground_truth":false,"created_at":"2021-11-11T16:09:24.390526Z","updated_at":"2021-11-11T16:09:24.390526Z","lead_time":111.669,"prediction":{},"result_count":0,"task":43,"parent_prediction":null,"parent_annotation":null}],"predictions":[],"file_upload":"8d074752-18.csv","data":{"text":"— Tu as enfin réussi , vénérable Hèrè aux yeux de boeuf ! Voici qu'Akhilleus aux pieds rapides s'est levé . Les Akhaiens chevelus ne seraient-ils point nés de toi ?"},"meta":{},"created_at":"2021-11-07T22:23:18.865240Z","updated_at":"2021-11-07T22:23:18.865240Z","project":3},{"id":45,"annotations":[{"id":38,"completed_by":{"id":2,"email":"andre.dagloriasantiago@unil.ch","first_name":"","last_name":""},"result":[{"value":{"start":2,"end":329,"text":"Très dur Kronide , quelle parole as-tu dite ? Un homme , bien que mortel , et doué de peu d'intelligence , peut se venger d'un autre homme ; et moi , qui suis la plus puissante des déesses , et par ma naissance , et parce que je suis ton épouse à toi qui règnes sur les immortels , je ne pourrais méditer la perte des Troiens !","labels":["Speech"]},"id":"XWg-3qMLyP","from_name":"speech","to_name":"text","type":"labels"},{"value":{"start":2,"end":329,"text":"Très dur Kronide , quelle parole as-tu dite ? Un homme , bien que mortel , et doué de peu d'intelligence , peut se venger d'un autre homme ; et moi , qui suis la plus puissante des déesses , et par ma naissance , et parce que je suis ton épouse à toi qui règnes sur les immortels , je ne pourrais méditer la perte des Troiens !","labels":["Colère"]},"id":"Jw2u4oJ4hq","from_name":"emotion","to_name":"text","type":"labels"}],"was_cancelled":false,"ground_truth":false,"created_at":"2021-11-11T16:10:32.214971Z","updated_at":"2021-11-11T16:10:32.214971Z","lead_time":52.307,"prediction":{},"result_count":0,"task":45,"parent_prediction":null,"parent_annotation":null}],"predictions":[],"file_upload":"8d074752-18.csv","data":{"text":"— Très dur Kronide , quelle parole as-tu dite ? Un homme , bien que mortel , et doué de peu d'intelligence , peut se venger d'un autre homme ; et moi , qui suis la plus puissante des déesses , et par ma naissance , et parce que je suis ton épouse à toi qui règnes sur les immortels , je ne pourrais méditer la perte des Troiens !"},"meta":{},"created_at":"2021-11-07T22:23:18.865240Z","updated_at":"2021-11-07T22:23:18.865240Z","project":3},{"id":54,"annotations":[{"id":44,"completed_by":{"id":2,"email":"andre.dagloriasantiago@unil.ch","first_name":"","last_name":""},"result":[{"value":{"start":2,"end":204,"text":"Thétis au long péplos , vénérable et chère , pourquoi es-tu venue dans ma demeure où nous te voyons si rarement ? Parle . Mon coeur m'ordonne d'accomplir ton désir , si je le puis , et si c'est possible","labels":["Speech"]},"id":"XiUCXBpQy7","from_name":"speech","to_name":"text","type":"labels"},{"value":{"start":2,"end":204,"text":"Thétis au long péplos , vénérable et chère , pourquoi es-tu venue dans ma demeure où nous te voyons si rarement ? Parle . Mon coeur m'ordonne d'accomplir ton désir , si je le puis , et si c'est possible","labels":["Calme"]},"id":"PoWL_5kNbE","from_name":"emotion","to_name":"text","type":"labels"}],"was_cancelled":false,"ground_truth":false,"created_at":"2021-11-11T16:23:00.373837Z","updated_at":"2021-11-11T16:23:00.373837Z","lead_time":14.538,"prediction":{},"result_count":0,"task":54,"parent_prediction":null,"parent_annotation":null}],"predictions":[],"file_upload":"8d074752-18.csv","data":{"text":"— Thétis au long péplos , vénérable et chère , pourquoi es-tu venue dans ma demeure où nous te voyons si rarement ? Parle . Mon coeur m'ordonne d'accomplir ton désir , si je le puis , et si c'est possible ."},"meta":{},"created_at":"2021-11-07T22:23:18.865240Z","updated_at":"2021-11-07T22:23:18.865240Z","project":3},{"id":24,"annotations":[{"id":21,"completed_by":{"id":2,"email":"andre.dagloriasantiago@unil.ch","first_name":"","last_name":""},"result":[{"value":{"start":22,"end":31,"text":"Akhilleus","labels":["Speaker"]},"id":"IBep3LHRIY","from_name":"speech","to_name":"text","type":"labels"}],"was_cancelled":false,"ground_truth":false,"created_at":"2021-11-11T15:41:58.567395Z","updated_at":"2021-11-11T15:41:58.567395Z","lead_time":4.455,"prediction":{},"result_count":0,"task":24,"parent_prediction":null,"parent_annotation":null}],"predictions":[],"file_upload":"8d074752-18.csv","data":{"text":"Et le divin et rapide Akhilleus lui dit :"},"meta":{},"created_at":"2021-11-07T22:23:18.864218Z","updated_at":"2021-11-07T22:23:18.864218Z","project":3},{"id":28,"annotations":[{"id":25,"completed_by":{"id":2,"email":"andre.dagloriasantiago@unil.ch","first_name":"","last_name":""},"result":[{"value":{"start":3,"end":12,"text":"Akhilleus","labels":["Speaker"]},"id":"iT0R0QbgoI","from_name":"speech","to_name":"text","type":"labels"}],"was_cancelled":false,"ground_truth":false,"created_at":"2021-11-11T15:45:04.661053Z","updated_at":"2021-11-11T15:45:04.661053Z","lead_time":28.223,"prediction":{},"result_count":0,"task":28,"parent_prediction":null,"parent_annotation":null}],"predictions":[],"file_upload":"8d074752-18.csv","data":{"text":"Et Akhilleus aux pieds rapides , lui répondant , parla ainsi :"},"meta":{},"created_at":"2021-11-07T22:23:18.864218Z","updated_at":"2021-11-07T22:23:18.864218Z","project":3},{"id":31,"annotations":[{"id":28,"completed_by":{"id":2,"email":"andre.dagloriasantiago@unil.ch","first_name":"","last_name":""},"result":[{"value":{"start":2,"end":250,"text":"Certes , nous savons que tes belles armes te sont enlevées ; mais , tel que te voilà , apparais aux Troiens sur le bord du fossé ; et ils reculeront épouvantés , et les braves fils des Akhaiens respireront . Il ne s'agit que de respirer un moment .","labels":["Speech"]},"id":"uybgseoXca","from_name":"speech","to_name":"text","type":"labels"},{"value":{"start":2,"end":250,"text":"Certes , nous savons que tes belles armes te sont enlevées ; mais , tel que te voilà , apparais aux Troiens sur le bord du fossé ; et ils reculeront épouvantés , et les braves fils des Akhaiens respireront . Il ne s'agit que de respirer un moment .","labels":["Ardeur"]},"id":"C9wJd3E1F4","from_name":"emotion","to_name":"text","type":"labels"}],"was_cancelled":false,"ground_truth":false,"created_at":"2021-11-11T15:47:25.089453Z","updated_at":"2021-11-11T15:47:25.089453Z","lead_time":31.594,"prediction":{},"result_count":0,"task":31,"parent_prediction":null,"parent_annotation":null}],"predictions":[],"file_upload":"8d074752-18.csv","data":{"text":"— Certes , nous savons que tes belles armes te sont enlevées ; mais , tel que te voilà , apparais aux Troiens sur le bord du fossé ; et ils reculeront épouvantés , et les braves fils des Akhaiens respireront . Il ne s'agit que de respirer un moment ."},"meta":{},"created_at":"2021-11-07T22:23:18.864218Z","updated_at":"2021-11-07T22:23:18.864218Z","project":3},{"id":2,"annotations":[{"id":1,"completed_by":{"id":2,"email":"andre.dagloriasantiago@unil.ch","first_name":"","last_name":""},"result":[{"value":{"start":2,"end":503,"text":"Ô dieux ! pourquoi les Akhaiens chevelus , dispersés par la plaine , sont-ils repoussés tumultueusement vers les nefs ? Que les dieux m'épargnent ces cruelles douleurs qu'autrefois ma mère m'annonça , quand elle me disait que le meilleur des Myrmidones , moi vivant , perdrait la lumière de Hélios sous les mains des Troiens . Sans doute il est déjà mort , le brave fils de Ménoitios , le malheureux ! Certes , j'avais ordonné qu'ayant repoussé le feu ennemi , il revînt aux nefs sans combattre Hektôr","labels":["Speech"]},"id":"XgMUuntDsb","from_name":"speech","to_name":"text","type":"labels"},{"value":{"start":2,"end":503,"text":"Ô dieux ! pourquoi les Akhaiens chevelus , dispersés par la plaine , sont-ils repoussés tumultueusement vers les nefs ? Que les dieux m'épargnent ces cruelles douleurs qu'autrefois ma mère m'annonça , quand elle me disait que le meilleur des Myrmidones , moi vivant , perdrait la lumière de Hélios sous les mains des Troiens . Sans doute il est déjà mort , le brave fils de Ménoitios , le malheureux ! Certes , j'avais ordonné qu'ayant repoussé le feu ennemi , il revînt aux nefs sans combattre Hektôr","labels":["Tristesse"]},"id":"aVgjdYFbKu","from_name":"emotion","to_name":"text","type":"labels"}],"was_cancelled":false,"ground_truth":false,"created_at":"2021-11-07T22:25:35.598637Z","updated_at":"2021-11-07T22:25:35.598637Z","lead_time":5.747,"prediction":{},"result_count":0,"task":2,"parent_prediction":null,"parent_annotation":null}],"predictions":[],"file_upload":"8d074752-18.csv","data":{"text":"— Ô dieux ! pourquoi les Akhaiens chevelus , dispersés par la plaine , sont-ils repoussés tumultueusement vers les nefs ? Que les dieux m'épargnent ces cruelles douleurs qu'autrefois ma mère m'annonça , quand elle me disait que le meilleur des Myrmidones , moi vivant , perdrait la lumière de Hélios sous les mains des Troiens . Sans doute il est déjà mort , le brave fils de Ménoitios , le malheureux ! Certes , j'avais ordonné qu'ayant repoussé le feu ennemi , il revînt aux nefs sans combattre Hektôr ."},"meta":{},"created_at":"2021-11-07T22:23:18.863221Z","updated_at":"2021-11-07T22:23:18.863221Z","project":3},{"id":4,"annotations":[{"id":4,"completed_by":{"id":2,"email":"andre.dagloriasantiago@unil.ch","first_name":"","last_name":""},"result":[{"value":{"start":2,"end":224,"text":"Hélas ! fils du belliqueux Pèleus , certes , tu vas entendre une triste nouvelle ; et plût aux dieux que ceci ne fût point arrivé ! Patroklos gît mort , et tous combattent pour son cadavre nu , car Hektôr possède ses armes","labels":["Speech"]},"id":"XsskqSeD3z","from_name":"speech","to_name":"text","type":"labels"},{"value":{"start":2,"end":224,"text":"Hélas ! fils du belliqueux Pèleus , certes , tu vas entendre une triste nouvelle ; et plût aux dieux que ceci ne fût point arrivé ! Patroklos gît mort , et tous combattent pour son cadavre nu , car Hektôr possède ses armes","labels":["Tristesse"]},"id":"rdeQ1GzwIj","from_name":"emotion","to_name":"text","type":"labels"}],"was_cancelled":false,"ground_truth":false,"created_at":"2021-11-07T22:27:38.755505Z","updated_at":"2021-11-07T22:27:38.755505Z","lead_time":14.38,"prediction":{},"result_count":0,"task":4,"parent_prediction":null,"parent_annotation":null}],"predictions":[],"file_upload":"8d074752-18.csv","data":{"text":"— Hélas ! fils du belliqueux Pèleus , certes , tu vas entendre une triste nouvelle ; et plût aux dieux que ceci ne fût point arrivé ! Patroklos gît mort , et tous combattent pour son cadavre nu , car Hektôr possède ses armes ."},"meta":{},"created_at":"2021-11-07T22:23:18.863221Z","updated_at":"2021-11-07T22:23:18.863221Z","project":3}]