[{"id":52,"annotations":[{"id":29,"completed_by":{"id":1,"email":"sophie.brown@unil.ch","first_name":"","last_name":""},"result":[{"value":{"start":631,"end":638,"text":"Ainéias","labels":["Speaker"]},"meta":{"text":["30"]},"id":"eTYlMebUK7","from_name":"speech","to_name":"text","type":"labels"},{"value":{"start":631,"end":638,"text":"Ainéias","labels":["Speaker"]},"meta":{"text":["34"]},"id":"mXwpZkK_dZ","from_name":"speech","to_name":"text","type":"labels"}],"was_cancelled":false,"ground_truth":false,"created_at":"2021-11-15T13:08:20.039174Z","updated_at":"2021-11-22T20:07:51.449240Z","lead_time":3951.176,"prediction":{},"result_count":0,"task":52,"parent_prediction":null,"parent_annotation":null}],"predictions":[],"file_upload":"b87ab5b6-16.csv","data":{"text":"Alors Mèrionès tua un guerrier Troien , le brave Laogôn , fils d'Onètôr , prêtre de Zeus Idaien , et que le peuple honorait comme un dieu . Il le frappa sous la mâchoire et l'oreille , et l'âme abandonna aussitôt ses membres , et l'affreux brouillard l'enveloppa . Et Ainéias lança sa pique d'airain contre Mèrionès , et il espérait l'atteindre sous le bouclier , comme il s'élançait ; mais celui-ci évita la pique d'airain en se courbant , et la longue pique s'enfonça en terre et vibra jusqu'à ce que le robuste Arès eût épuisé sa force . Et la pique d'Ainéias vibrait ainsi parce qu'elle était partie d'une main vigoureuse . Et Ainéias , irrité , lui dit :"},"meta":{},"created_at":"2021-11-15T11:33:43.625269Z","updated_at":"2021-11-22T20:07:51.430480Z","project":2},{"id":32,"annotations":[{"id":16,"completed_by":{"id":1,"email":"sophie.brown@unil.ch","first_name":"","last_name":""},"result":[{"value":{"start":1925,"end":1933,"text":"Sarpèdôn","labels":["Speaker"]},"meta":{"text":["15"]},"id":"SHiDFeHCFN","from_name":"speech","to_name":"text","type":"labels"},{"value":{"start":95,"end":99,"text":"Zeus","labels":["Speaker"]},"meta":{"text":["17"]},"id":"tqF6Hfe9an","from_name":"speech","to_name":"text","type":"labels"}],"was_cancelled":false,"ground_truth":false,"created_at":"2021-11-15T12:47:38.763286Z","updated_at":"2021-11-22T20:01:39.776921Z","lead_time":3579.518,"prediction":{},"result_count":0,"task":32,"parent_prediction":null,"parent_annotation":null}],"predictions":[],"file_upload":"b87ab5b6-16.csv","data":{"text":"Dans les jours de l'automne , quand la terre est accablée sous de noirs tourbillons , et quand Zeus répand une pluie abondante , irrité contre les hommes qui jugeaient avec iniquité dans l'agora et chassaient la justice , sans respect des dieux , de même qu'ils voient maintenant les torrents creuser leurs campagnes et se précipiter dans la mer pourprée du haut des rochers escarpés , détruisant de tous côtés les travaux des hommes ; de même on voyait les cavales troiennes courir épouvantées . Et Patroklos , ayant rompu les premières phalanges , les repoussa vers les nefs et ne leur permit pas de regagner la ville qu'elles désiraient atteindre . Et il les massacrait , en les poursuivant , entre les nefs , le fleuve et les hautes murailles , et il tirait vengeance d'un grand nombre d'hommes . Et il frappa d'abord Pronoos , de sa pique éclatante , dans la poitrine découverte par le bouclier . Et les forces du Troien furent rompues , et il retentit en tombant . Et il attaqua Thestôr , fils d'Énops . Et Thestôr était affaissé sur le siège du char , l'esprit troublé ; et les rênes lui étaient tombées des mains . Patroklos le frappa de sa lance à la joue droite , et l'airain passa à travers les dents , et , comme il le ramenait , il arracha l'homme du char . Ainsi un homme , assis au faîte d'un haut rocher qui avance , à l'aide de l'hameçon brillant et de la ligne , attire un grand poisson hors de la mer . Ainsi Patroklos enleva du char , à l'aide de sa lance éclatante , Thestôr , la bouche béante ; et celui-ci , en tombant , rendit l'âme . Puis il frappa d'une pierre dans la tête Éryalos , qui s'élançait , et dont la tête s'ouvrit en deux , sous le casque solide , et qui tomba et rendit l'âme , enveloppé par la mort . Puis , Patroklos coucha , domptés , sur la terre nourricière , Érymas , Amphotéros , Épaltès , Tlépolémos Damastoride , Ékhios , Pyrès , Ipheus , Évippos et l'Argéade Polymèlos . Mais Sarpèdôn , voyant ses compagnons tués et dépouillés de leurs armes par les mains du Ménoitiade Patroklos , exhorta les irréprochables Lykiens :"},"meta":{},"created_at":"2021-11-15T11:33:43.624392Z","updated_at":"2021-11-22T20:01:39.756353Z","project":2},{"id":80,"annotations":[{"id":47,"completed_by":{"id":1,"email":"sophie.brown@unil.ch","first_name":"","last_name":""},"result":[{"value":{"start":14,"end":20,"text":"Hektôr","labels":["Speaker"]},"meta":{"text":["48"]},"id":"A8RAm-ZmKi","from_name":"speech","to_name":"text","type":"labels"}],"was_cancelled":false,"ground_truth":false,"created_at":"2021-11-15T13:23:42.107128Z","updated_at":"2021-11-22T19:57:48.251230Z","lead_time":3347.993,"prediction":{},"result_count":0,"task":80,"parent_prediction":null,"parent_annotation":null}],"predictions":[],"file_upload":"b87ab5b6-16.csv","data":{"text":"Et l'illustre Hektôr répondit au cadavre du Ménoitiade :"},"meta":{},"created_at":"2021-11-15T11:33:43.627066Z","updated_at":"2021-11-22T19:57:48.232220Z","project":2},{"id":43,"annotations":[{"id":23,"completed_by":{"id":1,"email":"sophie.brown@unil.ch","first_name":"","last_name":""},"result":[{"value":{"start":160,"end":167,"text":"Glaukos","labels":["Speaker"]},"meta":{"text":["24"]},"id":"Whg6Vn736D","from_name":"speech","to_name":"text","type":"labels"}],"was_cancelled":false,"ground_truth":false,"created_at":"2021-11-15T13:00:19.480916Z","updated_at":"2021-11-22T19:48:59.156301Z","lead_time":2818.896,"prediction":{},"result_count":0,"task":43,"parent_prediction":null,"parent_annotation":null}],"predictions":[],"file_upload":"b87ab5b6-16.csv","data":{"text":"Les Myrmidones saisirent les chevaux haletants et qui voulaient fuir depuis que le char de leurs maîtres était vide . Mais , en entendant la voix de Sarpèdôn , Glaukos ressentit une amère douleur , et son coeur fut déchiré de ne pouvoir le secourir . Pressant de sa main son bras cruellement blessé par la flèche que lui avait lancée Teukros , du haut de la muraille , en défendant ses compagnons , il supplia ainsi l'archer Apollôn :"},"meta":{},"created_at":"2021-11-15T11:33:43.624875Z","updated_at":"2021-11-22T19:48:59.136254Z","project":2},{"id":5,"annotations":[{"id":6,"completed_by":{"id":1,"email":"sophie.brown@unil.ch","first_name":"","last_name":""},"result":[{"value":{"start":81,"end":90,"text":"Akhilleus","labels":["Speaker"]},"meta":{"text":["5"]},"id":"z3-vp6_twA","from_name":"speech","to_name":"text","type":"labels"}],"was_cancelled":false,"ground_truth":false,"created_at":"2021-11-15T12:17:59.163760Z","updated_at":"2021-11-22T19:46:12.811345Z","lead_time":2652.553,"prediction":{},"result_count":0,"task":5,"parent_prediction":null,"parent_annotation":null}],"predictions":[],"file_upload":"b87ab5b6-16.csv","data":{"text":"Il parla ainsi , suppliant , l'insensé ! cherchant la mort et la kèr fatale . Et Akhilleus aux pieds rapides lui répondit en gémissant :"},"meta":{},"created_at":"2021-11-15T11:33:43.623169Z","updated_at":"2021-11-22T19:46:12.795105Z","project":2},{"id":1,"annotations":[{"id":4,"completed_by":{"id":1,"email":"sophie.brown@unil.ch","first_name":"","last_name":""},"result":[{"value":{"start":225,"end":234,"text":"Akhilleus","labels":["Speaker"]},"meta":{"text":["3"]},"id":"RQpc7DvlWs","from_name":"speech","to_name":"text","type":"labels"}],"was_cancelled":false,"ground_truth":false,"created_at":"2021-11-15T12:12:18.673744Z","updated_at":"2021-11-22T19:41:36.470578Z","lead_time":2376.208,"prediction":{},"result_count":0,"task":1,"parent_prediction":null,"parent_annotation":null}],"predictions":[],"file_upload":"b87ab5b6-16.csv","data":{"text":"Et ils combattaient ainsi pour les nefs bien construites . Et Patroklos se tenait devant le prince des peuples , Akhilleus , versant de chaudes larmes , comme une source d'eau noire qui flue du haut d'un rocher . Et le divin Akhilleus en eut compassion , et il lui dit ces paroles ailées :"},"meta":{},"created_at":"2021-11-15T11:33:43.622959Z","updated_at":"2021-11-22T19:41:36.452295Z","project":2},{"id":81,"annotations":[{"id":48,"completed_by":{"id":1,"email":"sophie.brown@unil.ch","first_name":"","last_name":""},"result":[{"value":{"start":2,"end":144,"text":"Patroklos , pourquoi m'annoncer la mort ? Qui sait si Akhilleus , le fils de Thétis aux beaux cheveux , ne rendra point l'esprit sous ma lance","labels":["Speech"]},"id":"bDZaq6D-7g","from_name":"speech","to_name":"text","type":"labels"},{"value":{"start":2,"end":144,"text":"Patroklos , pourquoi m'annoncer la mort ? Qui sait si Akhilleus , le fils de Thétis aux beaux cheveux , ne rendra point l'esprit sous ma lance","labels":["Calme"]},"id":"kg30cbl1ou","from_name":"emotion","to_name":"text","type":"labels"},{"value":{"start":44,"end":144,"text":"Qui sait si Akhilleus , le fils de Thétis aux beaux cheveux , ne rendra point l'esprit sous ma lance","labels":["Dégoût"]},"id":"1wNDk9T3Gw","from_name":"emotion","to_name":"text","type":"labels"}],"was_cancelled":false,"ground_truth":false,"created_at":"2021-11-15T13:24:07.675342Z","updated_at":"2021-11-15T13:24:25.621699Z","lead_time":5128.461,"prediction":{},"result_count":0,"task":81,"parent_prediction":null,"parent_annotation":null}],"predictions":[],"file_upload":"b87ab5b6-16.csv","data":{"text":"— Patroklos , pourquoi m'annoncer la mort ? Qui sait si Akhilleus , le fils de Thétis aux beaux cheveux , ne rendra point l'esprit sous ma lance ?"},"meta":{},"created_at":"2021-11-15T11:33:43.627129Z","updated_at":"2021-11-15T13:24:25.601853Z","project":2},{"id":77,"annotations":[{"id":45,"completed_by":{"id":1,"email":"sophie.brown@unil.ch","first_name":"","last_name":""},"result":[{"value":{"start":15,"end":24,"text":"Patroklos","labels":["Speaker"]},"meta":{"text":["46"]},"id":"vWgPyUEy6J","from_name":"speech","to_name":"text","type":"labels"}],"was_cancelled":false,"ground_truth":false,"created_at":"2021-11-15T13:21:40.200998Z","updated_at":"2021-11-15T13:23:25.090229Z","lead_time":5067.931,"prediction":{},"result_count":0,"task":77,"parent_prediction":null,"parent_annotation":null}],"predictions":[],"file_upload":"b87ab5b6-16.csv","data":{"text":"Et le cavalier Patroklos , respirant à peine , lui répondit ::"},"meta":{},"created_at":"2021-11-15T11:33:43.626872Z","updated_at":"2021-11-15T13:23:25.069989Z","project":2},{"id":75,"annotations":[{"id":43,"completed_by":{"id":1,"email":"sophie.brown@unil.ch","first_name":"","last_name":""},"result":[{"value":{"start":11,"end":17,"text":"Hektôr","labels":["Speaker"]},"meta":{"text":["44"]},"id":"bgiDwqM8AL","from_name":"speech","to_name":"text","type":"labels"}],"was_cancelled":false,"ground_truth":false,"created_at":"2021-11-15T13:20:01.144192Z","updated_at":"2021-11-15T13:21:32.629877Z","lead_time":4955.471,"prediction":{},"result_count":0,"task":75,"parent_prediction":null,"parent_annotation":null}],"predictions":[],"file_upload":"b87ab5b6-16.csv","data":{"text":"Et dès que Hektôr eut vu le magnanime Patroklos se retirer , blessé par l'airain aigu , il se jeta sur lui et le frappa dans le côté d'un coup de lance qui le traversa . Et le Ménoitiade tomba avec bruit , et la douleur saisit le peuple des Akhaiens . De même un lion dompte dans le combat un robuste sanglier , car ils combattaient ardemment sur le faîte des montagnes , pour un peu d'eau qu'ils voulaient boire tous deux ; mais le lion dompte avec violence le sanglier haletant . Ainsi le Priamide Hektôr arracha l'âme du brave fils de Ménoitios , et , plein d'orgueil , il l'insulta par ces paroles ailées :"},"meta":{},"created_at":"2021-11-15T11:33:43.626739Z","updated_at":"2021-11-15T13:21:32.609754Z","project":2},{"id":76,"annotations":[{"id":44,"completed_by":{"id":1,"email":"sophie.brown@unil.ch","first_name":"","last_name":""},"result":[{"value":{"start":2,"end":746,"text":"Patroklos , tu espérais sans doute renverser notre ville et emmener , captives sur tes nefs , nos femmes , dans ta chère terre natale ? Ô insensé ! c'est pour les protéger que les rapides chevaux de Hektôr l'ont mené au combat , car je l'emporte par ma lance sur tous les Troiens belliqueux , et j'éloigne leur dernier jour . Mais toi , les oiseaux carnassiers te mangeront . Ah ! malheureux ! le brave Akhilleus ne t'a point sauvé , lui qui , t'envoyant combattre , tandis qu'il restait , te disait sans doute : — Ne reviens point , dompteur de chevaux Patroklos , dans les nefs creuses , avant d'avoir arraché de sa poitrine la cuirasse sanglante du tueur d'hommes Hektôr . Il t'a parlé ainsi sans doute , et il t'a persuadé dans ta démence !","labels":["Speech"]},"id":"YomDWxMkWu","from_name":"speech","to_name":"text","type":"labels"},{"value":{"start":2,"end":746,"text":"Patroklos , tu espérais sans doute renverser notre ville et emmener , captives sur tes nefs , nos femmes , dans ta chère terre natale ? Ô insensé ! c'est pour les protéger que les rapides chevaux de Hektôr l'ont mené au combat , car je l'emporte par ma lance sur tous les Troiens belliqueux , et j'éloigne leur dernier jour . Mais toi , les oiseaux carnassiers te mangeront . Ah ! malheureux ! le brave Akhilleus ne t'a point sauvé , lui qui , t'envoyant combattre , tandis qu'il restait , te disait sans doute : — Ne reviens point , dompteur de chevaux Patroklos , dans les nefs creuses , avant d'avoir arraché de sa poitrine la cuirasse sanglante du tueur d'hommes Hektôr . Il t'a parlé ainsi sans doute , et il t'a persuadé dans ta démence !","labels":["Colère"]},"id":"ELNKwfYu84","from_name":"emotion","to_name":"text","type":"labels"},{"value":{"start":328,"end":675,"text":"Mais toi , les oiseaux carnassiers te mangeront . Ah ! malheureux ! le brave Akhilleus ne t'a point sauvé , lui qui , t'envoyant combattre , tandis qu'il restait , te disait sans doute : — Ne reviens point , dompteur de chevaux Patroklos , dans les nefs creuses , avant d'avoir arraché de sa poitrine la cuirasse sanglante du tueur d'hommes Hektôr","labels":["Dégoût"]},"id":"Zii7ik5K-G","from_name":"emotion","to_name":"text","type":"labels"}],"was_cancelled":false,"ground_truth":false,"created_at":"2021-11-15T13:21:20.083499Z","updated_at":"2021-11-15T13:21:26.027626Z","lead_time":4948.87,"prediction":{},"result_count":0,"task":76,"parent_prediction":null,"parent_annotation":null}],"predictions":[],"file_upload":"b87ab5b6-16.csv","data":{"text":"— Patroklos , tu espérais sans doute renverser notre ville et emmener , captives sur tes nefs , nos femmes , dans ta chère terre natale ? Ô insensé ! c'est pour les protéger que les rapides chevaux de Hektôr l'ont mené au combat , car je l'emporte par ma lance sur tous les Troiens belliqueux , et j'éloigne leur dernier jour . Mais toi , les oiseaux carnassiers te mangeront . Ah ! malheureux ! le brave Akhilleus ne t'a point sauvé , lui qui , t'envoyant combattre , tandis qu'il restait , te disait sans doute : — Ne reviens point , dompteur de chevaux Patroklos , dans les nefs creuses , avant d'avoir arraché de sa poitrine la cuirasse sanglante du tueur d'hommes Hektôr . Il t'a parlé ainsi sans doute , et il t'a persuadé dans ta démence !"},"meta":{},"created_at":"2021-11-15T11:33:43.626809Z","updated_at":"2021-11-15T13:21:26.007119Z","project":2},{"id":68,"annotations":[{"id":41,"completed_by":{"id":1,"email":"sophie.brown@unil.ch","first_name":"","last_name":""},"result":[{"value":{"start":964,"end":973,"text":"Patroklos","labels":["Speaker"]},"meta":{"text":["42"]},"id":"HYaEC6yHDJ","from_name":"speech","to_name":"text","type":"labels"}],"was_cancelled":false,"ground_truth":false,"created_at":"2021-11-15T13:18:20.962220Z","updated_at":"2021-11-15T13:18:59.221484Z","lead_time":4802.062,"prediction":{},"result_count":0,"task":68,"parent_prediction":null,"parent_annotation":null}],"predictions":[],"file_upload":"b87ab5b6-16.csv","data":{"text":"Ayant ainsi parlé , le dieu rentra dans la foule des guerriers . Et l'illustre Hektôr ordonna au brave Kébrionès d'exciter ses chevaux vers la mêlée . Et Apollôn , au milieu de la foule , répandit le trouble parmi les Argiens et accorda la victoire à Hektôr et aux Troiens . Et le Priamide , laissant tous les autres Danaens , poussait vers le seul Patroklos ses chevaux aux sabots massifs . Et Patroklos , de son côté , sauta de son char , tenant sa pique de la main gauche . Et il saisit de la droite un morceau de marbre , rude et anguleux , d'abord caché dans sa main , et qu'il lança avec effort . Et ce ne fut pas en vain , car cette pierre aiguë frappa au front le conducteur de chevaux Kébrionès , bâtard de l'illustre Priamos . Et la pierre coupa les deux sourcils , et l'os ne résista pas , et les yeux du Troien jaillirent à ses pieds dans la poussière . Et , semblable au plongeur , il tomba du char , et son âme abandonna ses membres . Et le cavalier Patroklos cria avec une raillerie amère :"},"meta":{},"created_at":"2021-11-15T11:33:43.626276Z","updated_at":"2021-11-15T13:18:59.197720Z","project":2},{"id":66,"annotations":[{"id":39,"completed_by":{"id":1,"email":"sophie.brown@unil.ch","first_name":"","last_name":""},"result":[{"value":{"start":238,"end":253,"text":"Phoibos Apollôn","labels":["Speaker"]},"meta":{"text":["40"]},"id":"o4x40eNjVs","from_name":"speech","to_name":"text","type":"labels"}],"was_cancelled":false,"ground_truth":false,"created_at":"2021-11-15T13:15:20.091666Z","updated_at":"2021-11-15T13:17:27.375389Z","lead_time":4710.224,"prediction":{},"result_count":0,"task":66,"parent_prediction":null,"parent_annotation":null}],"predictions":[],"file_upload":"b87ab5b6-16.csv","data":{"text":"Et Phoibos Apollôn s'approcha de lui , semblable au jeune et brave guerrier Asios , fils de Dymas , frère de Hékabè et oncle du dompteur de chevaux Hektôr , et qui habitait la Phrygiè sur les bords du Sangarios . Et , semblable à Asios , Phoibos Apollôn dit à Hektôr :"},"meta":{},"created_at":"2021-11-15T11:33:43.626145Z","updated_at":"2021-11-15T13:17:27.357042Z","project":2},{"id":67,"annotations":[{"id":40,"completed_by":{"id":1,"email":"sophie.brown@unil.ch","first_name":"","last_name":""},"result":[{"value":{"start":2,"end":326,"text":"Hektôr , pourquoi t'éloigneshYpppHeNtu du combat ? Cela ne te convient pas . Plût aux dieux que je te fusse supérieur autant que je te suis inférieur , il te serait fatal d'avoir quitté le combat . Allons , pousse tes chevaux aux sabots massifs contre Patroklos . Tu le tueras peut-être , et Apollôn te donnera la victoire .","labels":["Speech"]},"id":"wacuQBt0kl","from_name":"speech","to_name":"text","type":"labels"},{"value":{"start":198,"end":326,"text":". Allons , pousse tes chevaux aux sabots massifs contre Patroklos . Tu le tueras peut-être , et Apollôn te donnera la victoire .","labels":["Ardeur"]},"id":"g4wcUyC0N_","from_name":"emotion","to_name":"text","type":"labels"},{"value":{"start":2,"end":197,"text":"Hektôr , pourquoi t'éloigneshYpppHeNtu du combat ? Cela ne te convient pas . Plût aux dieux que je te fusse supérieur autant que je te suis inférieur , il te serait fatal d'avoir quitté le combat","labels":["Colère"]},"id":"XZrJpcj7yo","from_name":"emotion","to_name":"text","type":"labels"}],"was_cancelled":false,"ground_truth":false,"created_at":"2021-11-15T13:16:15.867425Z","updated_at":"2021-11-15T13:17:13.663235Z","lead_time":4696.503,"prediction":{},"result_count":0,"task":67,"parent_prediction":null,"parent_annotation":null}],"predictions":[],"file_upload":"b87ab5b6-16.csv","data":{"text":"— Hektôr , pourquoi t'éloigneshYpppHeNtu du combat ? Cela ne te convient pas . Plût aux dieux que je te fusse supérieur autant que je te suis inférieur , il te serait fatal d'avoir quitté le combat . Allons , pousse tes chevaux aux sabots massifs contre Patroklos . Tu le tueras peut-être , et Apollôn te donnera la victoire ."},"meta":{},"created_at":"2021-11-15T11:33:43.626209Z","updated_at":"2021-11-15T13:17:13.642832Z","project":2},{"id":59,"annotations":[{"id":35,"completed_by":{"id":1,"email":"sophie.brown@unil.ch","first_name":"","last_name":""},"result":[{"value":{"start":1114,"end":1118,"text":"Zeus","labels":["Speaker"]},"meta":{"text":["36"]},"id":"jjqpF9iiEG","from_name":"speech","to_name":"text","type":"labels"}],"was_cancelled":false,"ground_truth":false,"created_at":"2021-11-15T13:12:58.810573Z","updated_at":"2021-11-15T13:13:22.510733Z","lead_time":4465.351,"prediction":{},"result_count":0,"task":59,"parent_prediction":null,"parent_annotation":null}],"predictions":[],"file_upload":"b87ab5b6-16.csv","data":{"text":"Et Zeus , ne détournant point ses yeux splendides de la rude mêlée , délibérait dans son esprit sur la mort de Patroklos , hésitant si l'illustre Hektôr le tuerait de suite avec l'airain , dans la mêlée , sur le divin Sarpèdôn , et lui arracherait ses armes des épaules , ou si la rude mêlée serait prolongée pour la mort d'un plus grand nombre . Et il sembla meilleur à Zeus que le brave compagnon du Pèléide Akhilleus repoussât , vers la ville , Hektôr et les Troiens , et arrachât l'âme de beaucoup de guerriers . Et c'est pourquoi il amollit le courage de Hektôr qui , montant sur son char , prit la fuite en ordonnant aux Troiens de fuir aussi , car il avait reconnu les balances sacrées de Zeus . Et les illustres Lykiens ne restèrent point , et ils prirent aussi la fuite en voyant leur roi couché , le coeur percé , au milieu des cadavres , car beaucoup étaient tombés pendant que le Kroniôn excitait le combat . Et les Akhaiens arrachèrent des épaules de Sarpèdôn ses belles armes resplendissantes , et le robuste fils de Ménoitios les donna à ses compagnons pour être portées aux nefs creuses . Et alors Zeus qui amasse les nuées dit à Apollôn :"},"meta":{},"created_at":"2021-11-15T11:33:43.625694Z","updated_at":"2021-11-15T13:13:22.490658Z","project":2},{"id":54,"annotations":[{"id":31,"completed_by":{"id":1,"email":"sophie.brown@unil.ch","first_name":"","last_name":""},"result":[{"value":{"start":3,"end":11,"text":"Mèrionès","labels":["Speaker"]},"meta":{"text":["32"]},"id":"9wQi3JXTXh","from_name":"speech","to_name":"text","type":"labels"}],"was_cancelled":false,"ground_truth":false,"created_at":"2021-11-15T13:09:02.953806Z","updated_at":"2021-11-15T13:10:12.768393Z","lead_time":4275.609,"prediction":{},"result_count":0,"task":54,"parent_prediction":null,"parent_annotation":null}],"predictions":[],"file_upload":"b87ab5b6-16.csv","data":{"text":"Et Mèrionès illustre par sa lance lui répondit :"},"meta":{},"created_at":"2021-11-15T11:33:43.625367Z","updated_at":"2021-11-15T13:10:12.749661Z","project":2},{"id":53,"annotations":[{"id":30,"completed_by":{"id":1,"email":"sophie.brown@unil.ch","first_name":"","last_name":""},"result":[{"value":{"start":2,"end":111,"text":"Mèrionès , bien que tu sois un agile sauteur , ma pique t'eût rendu immobile à jamais , si je t'avais atteint","labels":["Speech"]},"id":"rnMmv5zkVg","from_name":"speech","to_name":"text","type":"labels"},{"value":{"start":2,"end":111,"text":"Mèrionès , bien que tu sois un agile sauteur , ma pique t'eût rendu immobile à jamais , si je t'avais atteint","labels":["Colère"]},"id":"iDcSLw6JQa","from_name":"emotion","to_name":"text","type":"labels"}],"was_cancelled":false,"ground_truth":false,"created_at":"2021-11-15T13:08:28.230627Z","updated_at":"2021-11-15T13:08:38.056744Z","lead_time":4180.907,"prediction":{},"result_count":0,"task":53,"parent_prediction":null,"parent_annotation":null}],"predictions":[],"file_upload":"b87ab5b6-16.csv","data":{"text":"— Mèrionès , bien que tu sois un agile sauteur , ma pique t'eût rendu immobile à jamais , si je t'avais atteint ."},"meta":{},"created_at":"2021-11-15T11:33:43.625310Z","updated_at":"2021-11-15T13:08:38.038995Z","project":2},{"id":47,"annotations":[{"id":28,"completed_by":{"id":1,"email":"sophie.brown@unil.ch","first_name":"","last_name":""},"result":[{"value":{"start":346,"end":355,"text":"Patroklos","labels":["Speaker"]},"meta":{"text":["27"]},"id":"WUCO8LFwE-","from_name":"speech","to_name":"text","type":"labels"}],"was_cancelled":false,"ground_truth":false,"created_at":"2021-11-15T13:04:57.300408Z","updated_at":"2021-11-15T13:05:06.547981Z","lead_time":3969.388,"prediction":{},"result_count":0,"task":47,"parent_prediction":null,"parent_annotation":null}],"predictions":[],"file_upload":"b87ab5b6-16.csv","data":{"text":"Il parla ainsi , et une intolérable et irrésistible douleur saisit les Troiens , car Sarpèdôn , bien qu'étranger , était le rempart de leur ville , et des peuples nombreux le suivaient , et lui-même excellait dans le combat . Et ils marchèrent avec ardeur droit aux Danaens , menés par Hektôr irrité à cause de Sarpèdôn . Mais le coeur solide de Patroklos Ménoitiade excitait aussi les Akhaiens , et il dit aux deux Aias prompts aux combats :"},"meta":{},"created_at":"2021-11-15T11:33:43.625050Z","updated_at":"2021-11-15T13:05:06.525553Z","project":2},{"id":45,"annotations":[{"id":25,"completed_by":{"id":1,"email":"sophie.brown@unil.ch","first_name":"","last_name":""},"result":[{"value":{"start":173,"end":180,"text":"Glaukos","labels":["Speaker"]},"meta":{"text":["26"]},"id":"CT3uspGqnn","from_name":"speech","to_name":"text","type":"labels"}],"was_cancelled":false,"ground_truth":false,"created_at":"2021-11-15T13:02:11.030397Z","updated_at":"2021-11-15T13:03:09.771653Z","lead_time":3852.615,"prediction":{},"result_count":0,"task":45,"parent_prediction":null,"parent_annotation":null}],"predictions":[],"file_upload":"b87ab5b6-16.csv","data":{"text":"Il parla ainsi en priant , et Phoibos Apollôn l'entendit et apaisa aussitôt sa douleur . Et le sang noir cessa de couler de sa blessure amère , et la force lui fut rendue . Glaukos connut dans son esprit que le grand dieu avait exaucé sa prière , et il se réjouit . Et d'abord , courant de tous côtés , il excita les chefs Lykiens à combattre pour Sarpèdôn puis , marchant à grands pas vers les Troiens , il chercha Polydamas Panthoide , le divin Agènôr , Ainéias et Hektôr armé d'airain , et il leur dit ces paroles ailées :"},"meta":{},"created_at":"2021-11-15T11:33:43.624963Z","updated_at":"2021-11-15T13:03:09.751082Z","project":2},{"id":40,"annotations":[{"id":22,"completed_by":{"id":1,"email":"sophie.brown@unil.ch","first_name":"","last_name":""},"result":[{"value":{"start":236,"end":244,"text":"Sarpèdôn","labels":["Speaker"]},"meta":{"text":["21"]},"id":"YDwtOWd6m2","from_name":"speech","to_name":"text","type":"labels"}],"was_cancelled":false,"ground_truth":false,"created_at":"2021-11-15T12:58:57.781166Z","updated_at":"2021-11-15T12:59:12.244430Z","lead_time":3615.089,"prediction":{},"result_count":0,"task":40,"parent_prediction":null,"parent_annotation":null}],"predictions":[],"file_upload":"b87ab5b6-16.csv","data":{"text":"Alors la pique éclatante de Sarpèdôn s'égara encore , car la pointe d'airain effleura l'épaule gauche de Patroklos sans le blesser . Et celui-ci se rua avec l'airain , et le trait ne s'échappa point vainement de sa main , car il frappa Sarpèdôn à cette cloison qui enferme le coeur vivant . Et il tomba comme tombe un chêne , ou un peuplier , ou un grand pin que les bûcherons , sur les montagnes , coupent de leurs haches tranchantes , pour construire des nefs . Et il était étendu devant ses chevaux et son char , grinçant des dents et saisissant la poussière sanglante . De même qu'un taureau magnanime qu'un lion fauve a saisi parmi les boeufs aux pieds flexibles , et qui meurt en mugissant sous les dents du lion , de même le roi des Lykiens porteurs de boucliers gémissait , dompté par Patroklos . Et il appela son cher compagnon"},"meta":{},"created_at":"2021-11-15T11:33:43.624743Z","updated_at":"2021-11-15T12:59:12.225691Z","project":2},{"id":36,"annotations":[{"id":20,"completed_by":{"id":1,"email":"sophie.brown@unil.ch","first_name":"","last_name":""},"result":[{"value":{"start":16,"end":20,"text":"Hèrè","labels":["Speaker"]},"meta":{"text":["19"]},"id":"07WHwIncqE","from_name":"speech","to_name":"text","type":"labels"}],"was_cancelled":false,"ground_truth":false,"created_at":"2021-11-15T12:52:28.827969Z","updated_at":"2021-11-15T12:52:34.728891Z","lead_time":3217.569,"prediction":{},"result_count":0,"task":36,"parent_prediction":null,"parent_annotation":null}],"predictions":[],"file_upload":"b87ab5b6-16.csv","data":{"text":"Et la vénérable Hèrè aux yeux de boeuf lui répondit :"},"meta":{},"created_at":"2021-11-15T11:33:43.624563Z","updated_at":"2021-11-15T12:52:34.709293Z","project":2},{"id":23,"annotations":[{"id":14,"completed_by":{"id":1,"email":"sophie.brown@unil.ch","first_name":"","last_name":""},"result":[{"value":{"start":533,"end":542,"text":"Patroklos","labels":["Speaker"]},"meta":{"text":["13"]},"id":"635kz09OjL","from_name":"speech","to_name":"text","type":"labels"}],"was_cancelled":false,"ground_truth":false,"created_at":"2021-11-15T12:37:40.321515Z","updated_at":"2021-11-15T12:37:46.459641Z","lead_time":2329.299,"prediction":{},"result_count":0,"task":23,"parent_prediction":null,"parent_annotation":null}],"predictions":[],"file_upload":"b87ab5b6-16.csv","data":{"text":"Et les Myrmidones , rangés sous le magnanime Patroklos , se ruèrent , pleins d'ardeur , contre les Troiens . Et ils se répandaient semblables à des guêpes , nichées sur le bord du chemin , et que des enfants se plaisent à irriter dans leurs nids . Et ces insensés préparent un grand mal pour beaucoup ; car , si un voyageur les excite involontairement au passage , les guêpes au coeur intrépide tourbillonnent et défendent leurs petits . Ainsi les braves Myrmidones se répandaient hors des nefs ; et une immense clameur s'éleva ; et Patroklos exhorta ainsi ses compagnons à voix haute :"},"meta":{},"created_at":"2021-11-15T11:33:43.623974Z","updated_at":"2021-11-15T12:37:46.437983Z","project":2},{"id":20,"annotations":[{"id":12,"completed_by":{"id":1,"email":"sophie.brown@unil.ch","first_name":"","last_name":""},"result":[{"value":{"start":5,"end":14,"text":"Akhilleus","labels":["Speaker"]},"meta":{"text":["11"]},"id":"WQ_P4z8OHa","from_name":"speech","to_name":"text","type":"labels"}],"was_cancelled":false,"ground_truth":false,"created_at":"2021-11-15T12:35:39.198353Z","updated_at":"2021-11-15T12:35:48.405141Z","lead_time":2211.247,"prediction":{},"result_count":0,"task":20,"parent_prediction":null,"parent_annotation":null}],"predictions":[],"file_upload":"b87ab5b6-16.csv","data":{"text":"Mais Akhilleus entra sous sa tente , et souleva le couvercle d'un coffre riche et bien fait , et plein de tuniques , de manteaux impénétrables au vent et de tapis velus . Et là se trouvait une coupe d'un beau travail dans laquelle le vin ardent n'avait été versé que pour Akhilleus seul entre tous les hommes , et qui n'avait fait de libations qu'au père Zeus seul entre tous les dieux . Et , l'ayant retirée du coffre , il la purifia avec du soufre , puis il la lava avec de l'eau pure et claire , et il lava ses mains aussi ; et , puisant le vin ardent , faisant des libations et regardant l'Ouranos , il pria debout au milieu de tous , et Zeus qui se réjouit de la foudre l'entendit et le vit :"},"meta":{},"created_at":"2021-11-15T11:33:43.623840Z","updated_at":"2021-11-15T12:35:48.384308Z","project":2},{"id":17,"annotations":[{"id":10,"completed_by":{"id":1,"email":"sophie.brown@unil.ch","first_name":"","last_name":""},"result":[{"value":{"start":3,"end":12,"text":"Akhilleus","labels":["Speaker"]},"meta":{"text":["9"]},"id":"hJuWOlX4dk","from_name":"speech","to_name":"text","type":"labels"}],"was_cancelled":false,"ground_truth":false,"created_at":"2021-11-15T12:30:03.591595Z","updated_at":"2021-11-15T12:31:37.125779Z","lead_time":1959.966,"prediction":{},"result_count":0,"task":17,"parent_prediction":null,"parent_annotation":null}],"predictions":[],"file_upload":"b87ab5b6-16.csv","data":{"text":"Et Akhilleus , les ayant tous rangés sous leurs chefs , leur dit en paroles sévères :"},"meta":{},"created_at":"2021-11-15T11:33:43.623707Z","updated_at":"2021-11-15T12:31:37.105701Z","project":2},{"id":8,"annotations":[{"id":8,"completed_by":{"id":1,"email":"sophie.brown@unil.ch","first_name":"","last_name":""},"result":[{"value":{"start":589,"end":598,"text":"Akhilleus","labels":["Speaker"]},"meta":{"text":["7"]},"id":"8u0w50g3vu","from_name":"speech","to_name":"text","type":"labels"}],"was_cancelled":false,"ground_truth":false,"created_at":"2021-11-15T12:21:36.645994Z","updated_at":"2021-11-15T12:31:08.224728Z","lead_time":1931.068,"prediction":{},"result_count":0,"task":8,"parent_prediction":null,"parent_annotation":null}],"predictions":[],"file_upload":"b87ab5b6-16.csv","data":{"text":"Et Hektôr frappa de sa grande épée la lance de frêne d'Aias , et il la coupa là où la pointe se joignait au bois ; et le Télamônien Aias n'agita plus dans sa main qu'une lance mutilée , car la pointe d'airain , en tombant , sonna contre terre . Et Aias , dans son coeur irréprochable , reconnut avec horreur l'oeuvre des dieux , et vit que Zeus qui tonne dans les hauteurs , domptant son courage , donnait la victoire aux Troiens . Et il se retira loin des traits , et les Troiens jetèrent le feu infatigable sur la nef rapide , et la flamme inextinguible enveloppa aussitôt la poupe , et Akhilleus , frappant ses cuisses , dit à Patroklos :"},"meta":{},"created_at":"2021-11-15T11:33:43.623316Z","updated_at":"2021-11-15T12:31:08.205133Z","project":2},{"id":6,"annotations":[{"id":5,"completed_by":{"id":1,"email":"sophie.brown@unil.ch","first_name":"","last_name":""},"result":[{"value":{"start":2,"end":2768,"text":"Divin Patroklos , qu'ashYpppHeNtu dit ? Je ne m'inquiète d'aucun oracle , et ma mère vénérable ne m'a rien annoncé de la part de Zeus . Mais un noir chagrin est dans mon coeur et trouble mon esprit , depuis que cet homme , dont la puissance est la plus haute , m'a arraché ma récompense , à moi qui suis son égal ! Tel est le noir chagrin qui me ronge . Cette jeune femme que j'avais conquise par ma lance , après avoir renversé une ville aux fortes murailles , et que les fils des Akhaiens m'avaient donnée en récompense , le roi Atréide Agamemnôn me l'a arrachée des mains , comme à un vil vagabond ! Mais oublions le passé . Sans doute je ne puis nourrir dans mon coeur une colère éternelle . J'avais résolu de ne la déposer que le jour où les clameurs de la guerre parviendraient jusqu'à mes nefs . Couvre donc tes épaules de mes armes illustres , et mène les braves Myrmidones au combat , puisqu'une noire nuée de Troiens enveloppe les nefs . Voici que les Argiens sont acculés contre le rivage de la mer , dans un espace très-étroit , et toute la ville des Troiens s'est ruée sur eux avec audace , car ils ne voient point le front de mon casque resplendir . Certes , dans leur fuite , ils empliraient les fossés des champs de leurs cadavres , si le roi Agamemnôn ne m'avait point outragé ; et maintenant ils assiègent le camp . La lance furieuse du Tydéide Diomèdès ne s'agite plus dans ses mains pour sauver les Danaens de la mort , et je n'entends plus la voix de l'Atréide sortir de sa tête détestée , mais celle du tueur d'hommes Hektôr , qui excite les Troiens de toutes parts . Et la clameur de ceux-ci remplit toute la plaine , et ils bouleversent les Akhaiens . Va , Patroklos , rue-toi sur eux , et repousse cette ruine loin des nefs . Ne les laisse pas détruire les nefs par le feu ardent , et que le doux retour ne nous soit pas ravi . Mais garde mes paroles dans ton esprit , si tu veux que je sois honoré et glorifié par tous les Danaens , et qu'ils me rendent cette belle jeune femme et un grand nombre de présents splendides , par surcroît . Repousse les Troiens loin des nefs et reviens . Si l'Époux de Hèrè , qui tonne au loin , te donne la victoire , ne dompte pas sans moi les Troiens belliqueux ; car tu me couvrirais de honte , si , les ayant vaincus , et plein de l'orgueil et de l'ivresse du combat , tu menais l'armée à Ilios . Crains qu'un des dieux éternels ne se rue sur toi du haut de l'Olympos , surtout l'archer Apollôn qui protège les Troiens . Reviens après avoir sauvé les nefs , et laisse-les combattre dans la plaine . Qu'il vous plaise , ô père Zeus , ô Athènè , ô Apollôn , que nul d'entre les Troiens et les Akhaiens n'évite la mort , et que , seuls , nous survivions tous deux et renversions les murailles sacrées d'Ilios","labels":["Speech"]},"id":"eXBQUngE2e","from_name":"speech","to_name":"text","type":"labels"},{"value":{"start":2,"end":802,"text":"Divin Patroklos , qu'ashYpppHeNtu dit ? Je ne m'inquiète d'aucun oracle , et ma mère vénérable ne m'a rien annoncé de la part de Zeus . Mais un noir chagrin est dans mon coeur et trouble mon esprit , depuis que cet homme , dont la puissance est la plus haute , m'a arraché ma récompense , à moi qui suis son égal ! Tel est le noir chagrin qui me ronge . Cette jeune femme que j'avais conquise par ma lance , après avoir renversé une ville aux fortes murailles , et que les fils des Akhaiens m'avaient donnée en récompense , le roi Atréide Agamemnôn me l'a arrachée des mains , comme à un vil vagabond ! Mais oublions le passé . Sans doute je ne puis nourrir dans mon coeur une colère éternelle . J'avais résolu de ne la déposer que le jour où les clameurs de la guerre parviendraient jusqu'à mes nefs","labels":["Tristesse"]},"id":"sNjNLHP3Jz","from_name":"emotion","to_name":"text","type":"labels"},{"value":{"start":138,"end":802,"text":"Mais un noir chagrin est dans mon coeur et trouble mon esprit , depuis que cet homme , dont la puissance est la plus haute , m'a arraché ma récompense , à moi qui suis son égal ! Tel est le noir chagrin qui me ronge . Cette jeune femme que j'avais conquise par ma lance , après avoir renversé une ville aux fortes murailles , et que les fils des Akhaiens m'avaient donnée en récompense , le roi Atréide Agamemnôn me l'a arrachée des mains , comme à un vil vagabond ! Mais oublions le passé . Sans doute je ne puis nourrir dans mon coeur une colère éternelle . J'avais résolu de ne la déposer que le jour où les clameurs de la guerre parviendraient jusqu'à mes nefs","labels":["Colère"]},"id":"s_adT4O20M","from_name":"emotion","to_name":"text","type":"labels"},{"value":{"start":805,"end":2768,"text":"Couvre donc tes épaules de mes armes illustres , et mène les braves Myrmidones au combat , puisqu'une noire nuée de Troiens enveloppe les nefs . Voici que les Argiens sont acculés contre le rivage de la mer , dans un espace très-étroit , et toute la ville des Troiens s'est ruée sur eux avec audace , car ils ne voient point le front de mon casque resplendir . Certes , dans leur fuite , ils empliraient les fossés des champs de leurs cadavres , si le roi Agamemnôn ne m'avait point outragé ; et maintenant ils assiègent le camp . La lance furieuse du Tydéide Diomèdès ne s'agite plus dans ses mains pour sauver les Danaens de la mort , et je n'entends plus la voix de l'Atréide sortir de sa tête détestée , mais celle du tueur d'hommes Hektôr , qui excite les Troiens de toutes parts . Et la clameur de ceux-ci remplit toute la plaine , et ils bouleversent les Akhaiens . Va , Patroklos , rue-toi sur eux , et repousse cette ruine loin des nefs . Ne les laisse pas détruire les nefs par le feu ardent , et que le doux retour ne nous soit pas ravi . Mais garde mes paroles dans ton esprit , si tu veux que je sois honoré et glorifié par tous les Danaens , et qu'ils me rendent cette belle jeune femme et un grand nombre de présents splendides , par surcroît . Repousse les Troiens loin des nefs et reviens . Si l'Époux de Hèrè , qui tonne au loin , te donne la victoire , ne dompte pas sans moi les Troiens belliqueux ; car tu me couvrirais de honte , si , les ayant vaincus , et plein de l'orgueil et de l'ivresse du combat , tu menais l'armée à Ilios . Crains qu'un des dieux éternels ne se rue sur toi du haut de l'Olympos , surtout l'archer Apollôn qui protège les Troiens . Reviens après avoir sauvé les nefs , et laisse-les combattre dans la plaine . Qu'il vous plaise , ô père Zeus , ô Athènè , ô Apollôn , que nul d'entre les Troiens et les Akhaiens n'évite la mort , et que , seuls , nous survivions tous deux et renversions les murailles sacrées d'Ilios","labels":["Ardeur"]},"id":"qPOOlMIiRE","from_name":"emotion","to_name":"text","type":"labels"}],"was_cancelled":false,"ground_truth":false,"created_at":"2021-11-15T12:13:19.052439Z","updated_at":"2021-11-15T12:17:46.691693Z","lead_time":1129.531,"prediction":{},"result_count":0,"task":6,"parent_prediction":null,"parent_annotation":null}],"predictions":[],"file_upload":"b87ab5b6-16.csv","data":{"text":"— Divin Patroklos , qu'ashYpppHeNtu dit ? Je ne m'inquiète d'aucun oracle , et ma mère vénérable ne m'a rien annoncé de la part de Zeus . Mais un noir chagrin est dans mon coeur et trouble mon esprit , depuis que cet homme , dont la puissance est la plus haute , m'a arraché ma récompense , à moi qui suis son égal ! Tel est le noir chagrin qui me ronge . Cette jeune femme que j'avais conquise par ma lance , après avoir renversé une ville aux fortes murailles , et que les fils des Akhaiens m'avaient donnée en récompense , le roi Atréide Agamemnôn me l'a arrachée des mains , comme à un vil vagabond ! Mais oublions le passé . Sans doute je ne puis nourrir dans mon coeur une colère éternelle . J'avais résolu de ne la déposer que le jour où les clameurs de la guerre parviendraient jusqu'à mes nefs . Couvre donc tes épaules de mes armes illustres , et mène les braves Myrmidones au combat , puisqu'une noire nuée de Troiens enveloppe les nefs . Voici que les Argiens sont acculés contre le rivage de la mer , dans un espace très-étroit , et toute la ville des Troiens s'est ruée sur eux avec audace , car ils ne voient point le front de mon casque resplendir . Certes , dans leur fuite , ils empliraient les fossés des champs de leurs cadavres , si le roi Agamemnôn ne m'avait point outragé ; et maintenant ils assiègent le camp . La lance furieuse du Tydéide Diomèdès ne s'agite plus dans ses mains pour sauver les Danaens de la mort , et je n'entends plus la voix de l'Atréide sortir de sa tête détestée , mais celle du tueur d'hommes Hektôr , qui excite les Troiens de toutes parts . Et la clameur de ceux-ci remplit toute la plaine , et ils bouleversent les Akhaiens . Va , Patroklos , rue-toi sur eux , et repousse cette ruine loin des nefs . Ne les laisse pas détruire les nefs par le feu ardent , et que le doux retour ne nous soit pas ravi . Mais garde mes paroles dans ton esprit , si tu veux que je sois honoré et glorifié par tous les Danaens , et qu'ils me rendent cette belle jeune femme et un grand nombre de présents splendides , par surcroît . Repousse les Troiens loin des nefs et reviens . Si l'Époux de Hèrè , qui tonne au loin , te donne la victoire , ne dompte pas sans moi les Troiens belliqueux ; car tu me couvrirais de honte , si , les ayant vaincus , et plein de l'orgueil et de l'ivresse du combat , tu menais l'armée à Ilios . Crains qu'un des dieux éternels ne se rue sur toi du haut de l'Olympos , surtout l'archer Apollôn qui protège les Troiens . Reviens après avoir sauvé les nefs , et laisse-les combattre dans la plaine . Qu'il vous plaise , ô père Zeus , ô Athènè , ô Apollôn , que nul d'entre les Troiens et les Akhaiens n'évite la mort , et que , seuls , nous survivions tous deux et renversions les murailles sacrées d'Ilios !"},"meta":{},"created_at":"2021-11-15T11:33:43.623227Z","updated_at":"2021-11-15T12:17:46.671796Z","project":2},{"id":3,"annotations":[{"id":1,"completed_by":{"id":1,"email":"sophie.brown@unil.ch","first_name":"","last_name":""},"result":[{"value":{"start":15,"end":24,"text":"Patroklos","labels":["Speaker"]},"meta":{"text":["2"]},"id":"FGxpbgMiWx","from_name":"speech","to_name":"text","type":"labels"}],"was_cancelled":false,"ground_truth":false,"created_at":"2021-11-15T11:59:35.101476Z","updated_at":"2021-11-15T12:08:53.860390Z","lead_time":596.707,"prediction":{},"result_count":0,"task":3,"parent_prediction":null,"parent_annotation":null}],"predictions":[],"file_upload":"b87ab5b6-16.csv","data":{"text":"Et le cavalier Patroklos , avec un profond soupir , lui répondit :"},"meta":{},"created_at":"2021-11-15T11:33:43.623077Z","updated_at":"2021-11-15T12:08:53.841826Z","project":2},{"id":78,"annotations":[{"id":46,"completed_by":{"id":1,"email":"sophie.brown@unil.ch","first_name":"","last_name":""},"result":[{"value":{"start":2,"end":581,"text":"Hektôr , maintenant tu te glorifies , car le Kronide et Apollôn t'ont donné la victoire . Ils m'ont aisément dompté , en m'enlevant mes armes des épaules ; mais , si vingt guerriers tels que toi m'avaient attaqué , ils seraient tous morts par ma lance . C'est la Moire violente et le fils de Lètô , et , parmi les hommes , Euphorbos , qui me tuent ; mais toi , tu n'es venu que le dernier . Je te le dis , garde mes paroles dans ton esprit : Tu ne vivras point longtemps , et ta mort est proche . La Moire violente va te dompter par les mains de l'irréprochable Aiakide Akhilleus","labels":["Speech"]},"id":"J6qUMvDS2b","from_name":"speech","to_name":"text","type":"labels"},{"value":{"start":2,"end":392,"text":"Hektôr , maintenant tu te glorifies , car le Kronide et Apollôn t'ont donné la victoire . Ils m'ont aisément dompté , en m'enlevant mes armes des épaules ; mais , si vingt guerriers tels que toi m'avaient attaqué , ils seraient tous morts par ma lance . C'est la Moire violente et le fils de Lètô , et , parmi les hommes , Euphorbos , qui me tuent ; mais toi , tu n'es venu que le dernier .","labels":["Dégoût"]},"id":"kDXSgmf5nG","from_name":"emotion","to_name":"text","type":"labels"},{"value":{"start":393,"end":581,"text":"Je te le dis , garde mes paroles dans ton esprit : Tu ne vivras point longtemps , et ta mort est proche . La Moire violente va te dompter par les mains de l'irréprochable Aiakide Akhilleus","labels":["Plaisir"]},"id":"1g547ICRdj","from_name":"emotion","to_name":"text","type":"labels"}],"was_cancelled":false,"ground_truth":false,"created_at":"2021-11-15T13:23:09.653629Z","updated_at":"2021-11-15T13:23:09.653683Z","lead_time":58.25,"prediction":{},"result_count":0,"task":78,"parent_prediction":null,"parent_annotation":null}],"predictions":[],"file_upload":"b87ab5b6-16.csv","data":{"text":"— Hektôr , maintenant tu te glorifies , car le Kronide et Apollôn t'ont donné la victoire . Ils m'ont aisément dompté , en m'enlevant mes armes des épaules ; mais , si vingt guerriers tels que toi m'avaient attaqué , ils seraient tous morts par ma lance . C'est la Moire violente et le fils de Lètô , et , parmi les hommes , Euphorbos , qui me tuent ; mais toi , tu n'es venu que le dernier . Je te le dis , garde mes paroles dans ton esprit : Tu ne vivras point longtemps , et ta mort est proche . La Moire violente va te dompter par les mains de l'irréprochable Aiakide Akhilleus ."},"meta":{},"created_at":"2021-11-15T11:33:43.626940Z","updated_at":"2021-11-15T11:33:43.626957Z","project":2},{"id":69,"annotations":[{"id":42,"completed_by":{"id":1,"email":"sophie.brown@unil.ch","first_name":"","last_name":""},"result":[{"value":{"start":2,"end":292,"text":"Ah ! certes , voici un homme agile ! Comme il plonge ! Vraiment , il rassasierait de coquillages toute une multitude , en sautant de sa nef dans la mer , même si elle était agitée , puisqu'il plonge aussi aisément du haut d'un char . Certes , il y a d'excellents plongeurs parmi les Troiens","labels":["Speech"]},"id":"gaqBNtPhss","from_name":"speech","to_name":"text","type":"labels"},{"value":{"start":2,"end":292,"text":"Ah ! certes , voici un homme agile ! Comme il plonge ! Vraiment , il rassasierait de coquillages toute une multitude , en sautant de sa nef dans la mer , même si elle était agitée , puisqu'il plonge aussi aisément du haut d'un char . Certes , il y a d'excellents plongeurs parmi les Troiens","labels":["Dégoût"]},"id":"d4H2UCCm8h","from_name":"emotion","to_name":"text","type":"labels"},{"value":{"start":2,"end":292,"text":"Ah ! certes , voici un homme agile ! Comme il plonge ! Vraiment , il rassasierait de coquillages toute une multitude , en sautant de sa nef dans la mer , même si elle était agitée , puisqu'il plonge aussi aisément du haut d'un char . Certes , il y a d'excellents plongeurs parmi les Troiens","labels":["Joie"]},"id":"vGfU4PHmE5","from_name":"emotion","to_name":"text","type":"labels"}],"was_cancelled":false,"ground_truth":false,"created_at":"2021-11-15T13:18:45.560864Z","updated_at":"2021-11-15T13:18:45.560917Z","lead_time":23.484,"prediction":{},"result_count":0,"task":69,"parent_prediction":null,"parent_annotation":null}],"predictions":[],"file_upload":"b87ab5b6-16.csv","data":{"text":"— Ah ! certes , voici un homme agile ! Comme il plonge ! Vraiment , il rassasierait de coquillages toute une multitude , en sautant de sa nef dans la mer , même si elle était agitée , puisqu'il plonge aussi aisément du haut d'un char . Certes , il y a d'excellents plongeurs parmi les Troiens !"},"meta":{},"created_at":"2021-11-15T11:33:43.626340Z","updated_at":"2021-11-15T11:33:43.626357Z","project":2},{"id":64,"annotations":[{"id":38,"completed_by":{"id":1,"email":"sophie.brown@unil.ch","first_name":"","last_name":""},"result":[{"value":{"start":2,"end":209,"text":"Retire-toi , divin Patroklos . Il n'est pas dans ta destinée de renverser de ta lance la haute citadelle des magnanimes Troiens . Akhilleus lui-même ne le pourra point , bien qu'il te soit très - supérieur .","labels":["Speech"]},"id":"mB4wU95T2O","from_name":"speech","to_name":"text","type":"labels"},{"value":{"start":2,"end":209,"text":"Retire-toi , divin Patroklos . Il n'est pas dans ta destinée de renverser de ta lance la haute citadelle des magnanimes Troiens . Akhilleus lui-même ne le pourra point , bien qu'il te soit très - supérieur .","labels":["Dégoût"]},"id":"dhOCAJpqp6","from_name":"emotion","to_name":"text","type":"labels"}],"was_cancelled":false,"ground_truth":false,"created_at":"2021-11-15T13:14:42.370845Z","updated_at":"2021-11-15T13:14:42.370895Z","lead_time":17.295,"prediction":{},"result_count":0,"task":64,"parent_prediction":null,"parent_annotation":null}],"predictions":[],"file_upload":"b87ab5b6-16.csv","data":{"text":"— Retire-toi , divin Patroklos . Il n'est pas dans ta destinée de renverser de ta lance la haute citadelle des magnanimes Troiens . Akhilleus lui-même ne le pourra point , bien qu'il te soit très - supérieur ."},"meta":{},"created_at":"2021-11-15T11:33:43.626020Z","updated_at":"2021-11-15T11:33:43.626036Z","project":2},{"id":63,"annotations":[{"id":37,"completed_by":{"id":1,"email":"sophie.brown@unil.ch","first_name":"","last_name":""},"result":[{"value":{"start":400,"end":415,"text":"Phoibos Apollôn","labels":["Speaker"]},"id":"VKEKipu5FH","from_name":"speech","to_name":"text","type":"labels"}],"was_cancelled":false,"ground_truth":false,"created_at":"2021-11-15T13:14:24.090714Z","updated_at":"2021-11-15T13:14:24.090769Z","lead_time":56.281,"prediction":{},"result_count":0,"task":63,"parent_prediction":null,"parent_annotation":null}],"predictions":[],"file_upload":"b87ab5b6-16.csv","data":{"text":"Et , maintenant , quel fut le premier , quel fut le dernier que tu tuas , ô Patroklos , quand les dieux préparèrent ta mort ? Adrèstès , Autonoos et Ekhéklos , Périmos Mégade et Épistôr , et Mélanippos ; puis , Élasos , Moulios et Phylartès . Il tua ceux-ci , et les autres échappèrent par la fuite . Et alors les fils des Akhaiens eussent pris la haute Ilios par les mains de Patroklos furieux , si Phoibos Apollôn , debout au faîte d'une tour solide , préparant la perte du Ménoitiade , ne fût venu en aide aux Troiens . Et trois fois Patroklos s'élança jusqu'au relief de la haute muraille , et trois fois Apollôn le repoussa de ses mains immortelles , en heurtant son bouclier éclatant . Et , quand il s'élança une quatrième fois , semblable à un dieu , l'archer Apollôn lui dit ces paroles menaçantes :"},"meta":{},"created_at":"2021-11-15T11:33:43.625957Z","updated_at":"2021-11-15T11:33:43.625973Z","project":2},{"id":60,"annotations":[{"id":36,"completed_by":{"id":1,"email":"sophie.brown@unil.ch","first_name":"","last_name":""},"result":[{"value":{"start":2,"end":445,"text":"Va maintenant , cher Phoibos . Purifie Sarpèdôn , hors de la mêlée , du sang noir qui le souille . Lave-le dans les eaux du fleuve , et , l'ayant oint d'ambroisie , couvre-le de vêtements immortels . Puis , remets-le aux Jumeaux rapides , Hypnos et Thanatos , pour qu'ils le portent chez le riche peuple de la grande Lykiè . Ses parents et ses amis l'enseveliront et lui élèveront un tombeau et une colonne , car c'est là l'honneur des morts .","labels":["Speech"]},"id":"lrlkdXfGmO","from_name":"speech","to_name":"text","type":"labels"},{"value":{"start":2,"end":445,"text":"Va maintenant , cher Phoibos . Purifie Sarpèdôn , hors de la mêlée , du sang noir qui le souille . Lave-le dans les eaux du fleuve , et , l'ayant oint d'ambroisie , couvre-le de vêtements immortels . Puis , remets-le aux Jumeaux rapides , Hypnos et Thanatos , pour qu'ils le portent chez le riche peuple de la grande Lykiè . Ses parents et ses amis l'enseveliront et lui élèveront un tombeau et une colonne , car c'est là l'honneur des morts .","labels":["Tristesse"]},"id":"C5A3_TWl0s","from_name":"emotion","to_name":"text","type":"labels"}],"was_cancelled":false,"ground_truth":false,"created_at":"2021-11-15T13:13:16.017889Z","updated_at":"2021-11-15T13:13:16.017941Z","lead_time":16.248,"prediction":{},"result_count":0,"task":60,"parent_prediction":null,"parent_annotation":null}],"predictions":[],"file_upload":"b87ab5b6-16.csv","data":{"text":"— Va maintenant , cher Phoibos . Purifie Sarpèdôn , hors de la mêlée , du sang noir qui le souille . Lave-le dans les eaux du fleuve , et , l'ayant oint d'ambroisie , couvre-le de vêtements immortels . Puis , remets-le aux Jumeaux rapides , Hypnos et Thanatos , pour qu'ils le portent chez le riche peuple de la grande Lykiè . Ses parents et ses amis l'enseveliront et lui élèveront un tombeau et une colonne , car c'est là l'honneur des morts ."},"meta":{},"created_at":"2021-11-15T11:33:43.625761Z","updated_at":"2021-11-15T11:33:43.625777Z","project":2},{"id":57,"annotations":[{"id":34,"completed_by":{"id":1,"email":"sophie.brown@unil.ch","first_name":"","last_name":""},"result":[{"value":{"start":2,"end":283,"text":"Mèrionès , pourquoi tant parler , étant brave ? Ô ami ! ce n'est point par des paroles outrageantes que tu repousseras les Troiens loin de ce cadavre . La fin de la guerre est dans nos mains . Les paroles conviennent à l'agora . Il ne s'agit point ici de parler , mais de combattre","labels":["Speaker"]},"id":"0jp5jUCRCh","from_name":"speech","to_name":"text","type":"labels"},{"value":{"start":2,"end":283,"text":"Mèrionès , pourquoi tant parler , étant brave ? Ô ami ! ce n'est point par des paroles outrageantes que tu repousseras les Troiens loin de ce cadavre . La fin de la guerre est dans nos mains . Les paroles conviennent à l'agora . Il ne s'agit point ici de parler , mais de combattre","labels":["Ardeur"]},"id":"xRl5l-o2CC","from_name":"emotion","to_name":"text","type":"labels"},{"value":{"start":2,"end":283,"text":"Mèrionès , pourquoi tant parler , étant brave ? Ô ami ! ce n'est point par des paroles outrageantes que tu repousseras les Troiens loin de ce cadavre . La fin de la guerre est dans nos mains . Les paroles conviennent à l'agora . Il ne s'agit point ici de parler , mais de combattre","labels":["Colère"]},"id":"jdugrS2ate","from_name":"emotion","to_name":"text","type":"labels"}],"was_cancelled":false,"ground_truth":false,"created_at":"2021-11-15T13:11:25.715566Z","updated_at":"2021-11-15T13:11:25.715630Z","lead_time":44.094,"prediction":{},"result_count":0,"task":57,"parent_prediction":null,"parent_annotation":null}],"predictions":[],"file_upload":"b87ab5b6-16.csv","data":{"text":"— Mèrionès , pourquoi tant parler , étant brave ? Ô ami ! ce n'est point par des paroles outrageantes que tu repousseras les Troiens loin de ce cadavre . La fin de la guerre est dans nos mains . Les paroles conviennent à l'agora . Il ne s'agit point ici de parler , mais de combattre ."},"meta":{},"created_at":"2021-11-15T11:33:43.625559Z","updated_at":"2021-11-15T11:33:43.625575Z","project":2},{"id":55,"annotations":[{"id":32,"completed_by":{"id":1,"email":"sophie.brown@unil.ch","first_name":"","last_name":""},"result":[{"value":{"start":2,"end":286,"text":"Ainéias , il te sera difficile , malgré ta vigueur , de rompre les forces de tous ceux qui te combattront . Si moi aussi , je t'atteignais de l'airain aigu , bien que tu sois robuste et confiant dans tes forces , tu me donnerais la gloire et ton âme à Aidès illustre par ses chevaux .","labels":["Speech"]},"id":"z7k_D0s5DZ","from_name":"speech","to_name":"text","type":"labels"},{"value":{"start":2,"end":286,"text":"Ainéias , il te sera difficile , malgré ta vigueur , de rompre les forces de tous ceux qui te combattront . Si moi aussi , je t'atteignais de l'airain aigu , bien que tu sois robuste et confiant dans tes forces , tu me donnerais la gloire et ton âme à Aidès illustre par ses chevaux .","labels":["Colère"]},"id":"365RtaMjqb","from_name":"emotion","to_name":"text","type":"labels"},{"value":{"start":2,"end":286,"text":"Ainéias , il te sera difficile , malgré ta vigueur , de rompre les forces de tous ceux qui te combattront . Si moi aussi , je t'atteignais de l'airain aigu , bien que tu sois robuste et confiant dans tes forces , tu me donnerais la gloire et ton âme à Aidès illustre par ses chevaux .","labels":["Dégoût"]},"id":"PRlrG8yqLG","from_name":"emotion","to_name":"text","type":"labels"}],"was_cancelled":false,"ground_truth":false,"created_at":"2021-11-15T13:09:37.148228Z","updated_at":"2021-11-15T13:09:37.148280Z","lead_time":33.219,"prediction":{},"result_count":0,"task":55,"parent_prediction":null,"parent_annotation":null}],"predictions":[],"file_upload":"b87ab5b6-16.csv","data":{"text":"— Ainéias , il te sera difficile , malgré ta vigueur , de rompre les forces de tous ceux qui te combattront . Si moi aussi , je t'atteignais de l'airain aigu , bien que tu sois robuste et confiant dans tes forces , tu me donnerais la gloire et ton âme à Aidès illustre par ses chevaux ."},"meta":{},"created_at":"2021-11-15T11:33:43.625432Z","updated_at":"2021-11-15T11:33:43.625449Z","project":2},{"id":48,"annotations":[{"id":27,"completed_by":{"id":1,"email":"sophie.brown@unil.ch","first_name":"","last_name":""},"result":[{"value":{"start":2,"end":321,"text":"Aias ! soyez aujourd'hui tels que vous avez toujours été parmi les plus braves et les meilleurs . Il est tombé l'homme qui , le premier , a franchi le mur des Akhaiens , Sarpèdôn ! Insultons ce cadavre et arrachons ses armes de ses épaules , et tuons de l'airain tous ceux de ses compagnons qui voudraient le défendre .","labels":["Speech"]},"id":"zWDAPfgRHe","from_name":"speech","to_name":"text","type":"labels"},{"value":{"start":2,"end":321,"text":"Aias ! soyez aujourd'hui tels que vous avez toujours été parmi les plus braves et les meilleurs . Il est tombé l'homme qui , le premier , a franchi le mur des Akhaiens , Sarpèdôn ! Insultons ce cadavre et arrachons ses armes de ses épaules , et tuons de l'airain tous ceux de ses compagnons qui voudraient le défendre .","labels":["Ardeur"]},"id":"LkxDfiuST6","from_name":"emotion","to_name":"text","type":"labels"},{"value":{"start":183,"end":321,"text":"Insultons ce cadavre et arrachons ses armes de ses épaules , et tuons de l'airain tous ceux de ses compagnons qui voudraient le défendre .","labels":["Colère"]},"id":"vkD5NOADHZ","from_name":"emotion","to_name":"text","type":"labels"}],"was_cancelled":false,"ground_truth":false,"created_at":"2021-11-15T13:04:47.714808Z","updated_at":"2021-11-15T13:04:47.714859Z","lead_time":52.249,"prediction":{},"result_count":0,"task":48,"parent_prediction":null,"parent_annotation":null}],"predictions":[],"file_upload":"b87ab5b6-16.csv","data":{"text":"— Aias ! soyez aujourd'hui tels que vous avez toujours été parmi les plus braves et les meilleurs . Il est tombé l'homme qui , le premier , a franchi le mur des Akhaiens , Sarpèdôn ! Insultons ce cadavre et arrachons ses armes de ses épaules , et tuons de l'airain tous ceux de ses compagnons qui voudraient le défendre ."},"meta":{},"created_at":"2021-11-15T11:33:43.625093Z","updated_at":"2021-11-15T11:33:43.625104Z","project":2},{"id":46,"annotations":[{"id":26,"completed_by":{"id":1,"email":"sophie.brown@unil.ch","first_name":"","last_name":""},"result":[{"value":{"start":2,"end":536,"text":"Hektôr , tu oublies tes alliés qui , pour toi , rendent l'âme loin de leurs amis et de la terre de la patrie , et tu refuses de les secourir . Le chef des Lykiens porteurs de boucliers est mort , Sarpèdôn , qui protégeait la Lykiè par sa justice et par sa vertu . Arès d'airain l'a tué par la lance de Patroklos . Venez , amis , et indignez-vous . Que les Myrmidones , irrités à cause de tant d'Akhaiens que nous avons tués de nos lances rapides auprès des nefs , n'enlèvent point les armes et n'insultent point le cadavre de Sarpèdôn","labels":["Speech"]},"id":"j_rY7kMOef","from_name":"speech","to_name":"text","type":"labels"},{"value":{"start":2,"end":536,"text":"Hektôr , tu oublies tes alliés qui , pour toi , rendent l'âme loin de leurs amis et de la terre de la patrie , et tu refuses de les secourir . Le chef des Lykiens porteurs de boucliers est mort , Sarpèdôn , qui protégeait la Lykiè par sa justice et par sa vertu . Arès d'airain l'a tué par la lance de Patroklos . Venez , amis , et indignez-vous . Que les Myrmidones , irrités à cause de tant d'Akhaiens que nous avons tués de nos lances rapides auprès des nefs , n'enlèvent point les armes et n'insultent point le cadavre de Sarpèdôn","labels":["Ardeur"]},"id":"uMKxW9Whun","from_name":"emotion","to_name":"text","type":"labels"},{"value":{"start":2,"end":536,"text":"Hektôr , tu oublies tes alliés qui , pour toi , rendent l'âme loin de leurs amis et de la terre de la patrie , et tu refuses de les secourir . Le chef des Lykiens porteurs de boucliers est mort , Sarpèdôn , qui protégeait la Lykiè par sa justice et par sa vertu . Arès d'airain l'a tué par la lance de Patroklos . Venez , amis , et indignez-vous . Que les Myrmidones , irrités à cause de tant d'Akhaiens que nous avons tués de nos lances rapides auprès des nefs , n'enlèvent point les armes et n'insultent point le cadavre de Sarpèdôn","labels":["Colère"]},"id":"I4pHTTZXDp","from_name":"emotion","to_name":"text","type":"labels"}],"was_cancelled":false,"ground_truth":false,"created_at":"2021-11-15T13:03:02.165249Z","updated_at":"2021-11-15T13:03:02.165291Z","lead_time":49.983,"prediction":{},"result_count":0,"task":46,"parent_prediction":null,"parent_annotation":null}],"predictions":[],"file_upload":"b87ab5b6-16.csv","data":{"text":"— Hektôr , tu oublies tes alliés qui , pour toi , rendent l'âme loin de leurs amis et de la terre de la patrie , et tu refuses de les secourir . Le chef des Lykiens porteurs de boucliers est mort , Sarpèdôn , qui protégeait la Lykiè par sa justice et par sa vertu . Arès d'airain l'a tué par la lance de Patroklos . Venez , amis , et indignez-vous . Que les Myrmidones , irrités à cause de tant d'Akhaiens que nous avons tués de nos lances rapides auprès des nefs , n'enlèvent point les armes et n'insultent point le cadavre de Sarpèdôn ."},"meta":{},"created_at":"2021-11-15T11:33:43.625007Z","updated_at":"2021-11-15T11:33:43.625018Z","project":2},{"id":44,"annotations":[{"id":24,"completed_by":{"id":1,"email":"sophie.brown@unil.ch","first_name":"","last_name":""},"result":[{"value":{"start":2,"end":627,"text":"Entends-moi , ô roi ! soit de la riche Lykiè , soit de Troiè , car tu peux entendre de tout lieu les plaintes de l'homme qui gémit , et voici que la douleur me ronge . Je subis une blessure cruelle , et ma main est en proie à de grands maux , et mon sang coule sans cesse , et mon épaule est très-lourde , et je ne puis ni saisir ma lance , ni combattre l'ennemi . Et voici que le plus illustre des hommes est mort , Sarpèdôn , fils de Zeus qui n'a point secouru son fils . Mais toi , ô roi ! guéris cette blessure amère , apaise mon mal , afin que j'excite les Lykiens à combattre et que je combatte moi-même pour ce cadavre","labels":["Speech"]},"id":"mrNSDwusVR","from_name":"speech","to_name":"text","type":"labels"},{"value":{"start":2,"end":627,"text":"Entends-moi , ô roi ! soit de la riche Lykiè , soit de Troiè , car tu peux entendre de tout lieu les plaintes de l'homme qui gémit , et voici que la douleur me ronge . Je subis une blessure cruelle , et ma main est en proie à de grands maux , et mon sang coule sans cesse , et mon épaule est très-lourde , et je ne puis ni saisir ma lance , ni combattre l'ennemi . Et voici que le plus illustre des hommes est mort , Sarpèdôn , fils de Zeus qui n'a point secouru son fils . Mais toi , ô roi ! guéris cette blessure amère , apaise mon mal , afin que j'excite les Lykiens à combattre et que je combatte moi-même pour ce cadavre","labels":["Tristesse"]},"id":"JBVV_1o659","from_name":"emotion","to_name":"text","type":"labels"},{"value":{"start":476,"end":629,"text":"Mais toi , ô roi ! guéris cette blessure amère , apaise mon mal , afin que j'excite les Lykiens à combattre et que je combatte moi-même pour ce cadavre .","labels":["Ardeur"]},"id":"8sAqT58MyT","from_name":"emotion","to_name":"text","type":"labels"}],"was_cancelled":false,"ground_truth":false,"created_at":"2021-11-15T13:01:09.902363Z","updated_at":"2021-11-15T13:01:09.902417Z","lead_time":48.857,"prediction":{},"result_count":0,"task":44,"parent_prediction":null,"parent_annotation":null}],"predictions":[],"file_upload":"b87ab5b6-16.csv","data":{"text":"— Entends-moi , ô roi ! soit de la riche Lykiè , soit de Troiè , car tu peux entendre de tout lieu les plaintes de l'homme qui gémit , et voici que la douleur me ronge . Je subis une blessure cruelle , et ma main est en proie à de grands maux , et mon sang coule sans cesse , et mon épaule est très-lourde , et je ne puis ni saisir ma lance , ni combattre l'ennemi . Et voici que le plus illustre des hommes est mort , Sarpèdôn , fils de Zeus qui n'a point secouru son fils . Mais toi , ô roi ! guéris cette blessure amère , apaise mon mal , afin que j'excite les Lykiens à combattre et que je combatte moi-même pour ce cadavre ."},"meta":{},"created_at":"2021-11-15T11:33:43.624920Z","updated_at":"2021-11-15T11:33:43.624931Z","project":2},{"id":41,"annotations":[{"id":21,"completed_by":{"id":1,"email":"sophie.brown@unil.ch","first_name":"","last_name":""},"result":[{"value":{"start":2,"end":433,"text":"Ami Glaukos , brave entre les hommes , c'est maintenant qu'il te faut combattre intrépidement . Si la mêlée lamentable ne trouble point ton coeur , sois prompt . Les appelant de tous côtés , exhorte les chefs Lykiens à combattre pour Sarpèdôn , et combats toi-même pour moi . Je serais à jamais ton opprobre et ta honte si les Akhaiens me dépouillaient de mes armes dans le combat des nefs . Sois ferme , et exhorte tout mon peuple","labels":["Speech"]},"id":"tLizpHh50S","from_name":"speech","to_name":"text","type":"labels"},{"value":{"start":2,"end":433,"text":"Ami Glaukos , brave entre les hommes , c'est maintenant qu'il te faut combattre intrépidement . Si la mêlée lamentable ne trouble point ton coeur , sois prompt . Les appelant de tous côtés , exhorte les chefs Lykiens à combattre pour Sarpèdôn , et combats toi-même pour moi . Je serais à jamais ton opprobre et ta honte si les Akhaiens me dépouillaient de mes armes dans le combat des nefs . Sois ferme , et exhorte tout mon peuple","labels":["Tristesse"]},"id":"Tab8LPn56J","from_name":"emotion","to_name":"text","type":"labels"},{"value":{"start":2,"end":433,"text":"Ami Glaukos , brave entre les hommes , c'est maintenant qu'il te faut combattre intrépidement . Si la mêlée lamentable ne trouble point ton coeur , sois prompt . Les appelant de tous côtés , exhorte les chefs Lykiens à combattre pour Sarpèdôn , et combats toi-même pour moi . Je serais à jamais ton opprobre et ta honte si les Akhaiens me dépouillaient de mes armes dans le combat des nefs . Sois ferme , et exhorte tout mon peuple","labels":["Peur"]},"id":"3Lsqt65C07","from_name":"emotion","to_name":"text","type":"labels"}],"was_cancelled":false,"ground_truth":false,"created_at":"2021-11-15T12:58:25.980880Z","updated_at":"2021-11-15T12:58:25.980924Z","lead_time":241.199,"prediction":{},"result_count":0,"task":41,"parent_prediction":null,"parent_annotation":null}],"predictions":[],"file_upload":"b87ab5b6-16.csv","data":{"text":"— Ami Glaukos , brave entre les hommes , c'est maintenant qu'il te faut combattre intrépidement . Si la mêlée lamentable ne trouble point ton coeur , sois prompt . Les appelant de tous côtés , exhorte les chefs Lykiens à combattre pour Sarpèdôn , et combats toi-même pour moi . Je serais à jamais ton opprobre et ta honte si les Akhaiens me dépouillaient de mes armes dans le combat des nefs . Sois ferme , et exhorte tout mon peuple ."},"meta":{},"created_at":"2021-11-15T11:33:43.624788Z","updated_at":"2021-11-15T11:33:43.624799Z","project":2},{"id":37,"annotations":[{"id":19,"completed_by":{"id":1,"email":"sophie.brown@unil.ch","first_name":"","last_name":""},"result":[{"value":{"start":2,"end":944,"text":"Redoutable Kronide , quelle parole as-tu dite ? Tu veux affranchir de la triste mort un homme mortel depuis longtemps voué au destin ? Fais-le , mais nous tous , les dieux , nous ne t'approuverons pas . Je te dirai ceci , et retiens-le dans ton esprit : Si tu envoies Sarpèdôn vivant dans ses demeures , songe que , désormais , chacun des dieux voudra aussi sauver un fils bien - aimé de la rude mêlée . Il y a , en effet , beaucoup de fils des dieux qui combattent autour de la grande ville de Priamos , de ces dieux que tu auras irrités . Si Sarpèdôn t'est cher et que ton coeur le plaigne , laisse-le tomber dans la rude mêlée sous les mains du Ménoitiade Patroklos ; mais dès qu'il aura rendu l'âme et la vie , envoie Thanatos et le doux Hypnos afin qu'ils le transportent chez le peuple de la grande Lykiè . Ses parents et ses concitoyens l'enseveliront , et ils lui élèveront un tombeau et une colonne ; car c'est là l'honneur des morts","labels":["Speech"]},"id":"keaCgglN1-","from_name":"speech","to_name":"text","type":"labels"},{"value":{"start":205,"end":944,"text":"Je te dirai ceci , et retiens-le dans ton esprit : Si tu envoies Sarpèdôn vivant dans ses demeures , songe que , désormais , chacun des dieux voudra aussi sauver un fils bien - aimé de la rude mêlée . Il y a , en effet , beaucoup de fils des dieux qui combattent autour de la grande ville de Priamos , de ces dieux que tu auras irrités . Si Sarpèdôn t'est cher et que ton coeur le plaigne , laisse-le tomber dans la rude mêlée sous les mains du Ménoitiade Patroklos ; mais dès qu'il aura rendu l'âme et la vie , envoie Thanatos et le doux Hypnos afin qu'ils le transportent chez le peuple de la grande Lykiè . Ses parents et ses concitoyens l'enseveliront , et ils lui élèveront un tombeau et une colonne ; car c'est là l'honneur des morts","labels":["Tristesse"]},"id":"3FEhw9n5Mo","from_name":"emotion","to_name":"text","type":"labels"},{"value":{"start":205,"end":540,"text":"Je te dirai ceci , et retiens-le dans ton esprit : Si tu envoies Sarpèdôn vivant dans ses demeures , songe que , désormais , chacun des dieux voudra aussi sauver un fils bien - aimé de la rude mêlée . Il y a , en effet , beaucoup de fils des dieux qui combattent autour de la grande ville de Priamos , de ces dieux que tu auras irrités","labels":["Peur"]},"id":"kVBeCwg8F9","from_name":"emotion","to_name":"text","type":"labels"},{"value":{"start":2,"end":204,"text":"Redoutable Kronide , quelle parole as-tu dite ? Tu veux affranchir de la triste mort un homme mortel depuis longtemps voué au destin ? Fais-le , mais nous tous , les dieux , nous ne t'approuverons pas .","labels":["Colère"]},"id":"shh7KKuoja","from_name":"emotion","to_name":"text","type":"labels"}],"was_cancelled":false,"ground_truth":false,"created_at":"2021-11-15T12:52:21.583516Z","updated_at":"2021-11-15T12:52:21.583564Z","lead_time":126.82,"prediction":{},"result_count":0,"task":37,"parent_prediction":null,"parent_annotation":null}],"predictions":[],"file_upload":"b87ab5b6-16.csv","data":{"text":"— Redoutable Kronide , quelle parole as-tu dite ? Tu veux affranchir de la triste mort un homme mortel depuis longtemps voué au destin ? Fais-le , mais nous tous , les dieux , nous ne t'approuverons pas . Je te dirai ceci , et retiens-le dans ton esprit : Si tu envoies Sarpèdôn vivant dans ses demeures , songe que , désormais , chacun des dieux voudra aussi sauver un fils bien - aimé de la rude mêlée . Il y a , en effet , beaucoup de fils des dieux qui combattent autour de la grande ville de Priamos , de ces dieux que tu auras irrités . Si Sarpèdôn t'est cher et que ton coeur le plaigne , laisse-le tomber dans la rude mêlée sous les mains du Ménoitiade Patroklos ; mais dès qu'il aura rendu l'âme et la vie , envoie Thanatos et le doux Hypnos afin qu'ils le transportent chez le peuple de la grande Lykiè . Ses parents et ses concitoyens l'enseveliront , et ils lui élèveront un tombeau et une colonne ; car c'est là l'honneur des morts ."},"meta":{},"created_at":"2021-11-15T11:33:43.624610Z","updated_at":"2021-11-15T11:33:43.624621Z","project":2},{"id":35,"annotations":[{"id":17,"completed_by":{"id":1,"email":"sophie.brown@unil.ch","first_name":"","last_name":""},"result":[{"value":{"start":2,"end":320,"text":"Hélas ! voici que la destinée de Sarpèdôn qui m'est trèshYpppHeNcher parmi les hommes , est d'être tué par le Ménoitiade Patroklos , et mon coeur hésitant délibère dans ma poitrine si je le transporterai vivant du combat lamentable au milieu du riche peuple de Lykiè , ou si je le dompterai par les mains du Ménoitiade","labels":["Speech"]},"id":"Ae9Fu3IVDp","from_name":"speech","to_name":"text","type":"labels"},{"value":{"start":2,"end":320,"text":"Hélas ! voici que la destinée de Sarpèdôn qui m'est trèshYpppHeNcher parmi les hommes , est d'être tué par le Ménoitiade Patroklos , et mon coeur hésitant délibère dans ma poitrine si je le transporterai vivant du combat lamentable au milieu du riche peuple de Lykiè , ou si je le dompterai par les mains du Ménoitiade","labels":["Tristesse"]},"id":"CjR83Wy8Wd","from_name":"emotion","to_name":"text","type":"labels"},{"value":{"start":2,"end":320,"text":"Hélas ! voici que la destinée de Sarpèdôn qui m'est trèshYpppHeNcher parmi les hommes , est d'être tué par le Ménoitiade Patroklos , et mon coeur hésitant délibère dans ma poitrine si je le transporterai vivant du combat lamentable au milieu du riche peuple de Lykiè , ou si je le dompterai par les mains du Ménoitiade","labels":["Peur"]},"id":"FNpWCPQjQJ","from_name":"emotion","to_name":"text","type":"labels"}],"was_cancelled":false,"ground_truth":false,"created_at":"2021-11-15T12:49:02.879189Z","updated_at":"2021-11-15T12:49:02.879246Z","lead_time":35.609,"prediction":{},"result_count":0,"task":35,"parent_prediction":null,"parent_annotation":null}],"predictions":[],"file_upload":"b87ab5b6-16.csv","data":{"text":"— Hélas ! voici que la destinée de Sarpèdôn qui m'est trèshYpppHeNcher parmi les hommes , est d'être tué par le Ménoitiade Patroklos , et mon coeur hésitant délibère dans ma poitrine si je le transporterai vivant du combat lamentable au milieu du riche peuple de Lykiè , ou si je le dompterai par les mains du Ménoitiade ."},"meta":{},"created_at":"2021-11-15T11:33:43.624522Z","updated_at":"2021-11-15T11:33:43.624533Z","project":2},{"id":33,"annotations":[{"id":15,"completed_by":{"id":1,"email":"sophie.brown@unil.ch","first_name":"","last_name":""},"result":[{"value":{"start":2,"end":229,"text":"Ô honte ! Pourquoi fuyez-vous , Lykiens ? Vous êtes maintenant bien rapides ! J'irai contre ce guerrier , et je saurai s'il me domptera , lui qui a accablé les Troiens de tant de maux et qui a rompu les genoux de tant de braves","labels":["Speech"]},"id":"-9ZR2GcdgX","from_name":"speech","to_name":"text","type":"labels"},{"value":{"start":2,"end":229,"text":"Ô honte ! Pourquoi fuyez-vous , Lykiens ? Vous êtes maintenant bien rapides ! J'irai contre ce guerrier , et je saurai s'il me domptera , lui qui a accablé les Troiens de tant de maux et qui a rompu les genoux de tant de braves","labels":["Colère"]},"id":"_r9G78UYjM","from_name":"emotion","to_name":"text","type":"labels"},{"value":{"start":2,"end":77,"text":"Ô honte ! Pourquoi fuyez-vous , Lykiens ? Vous êtes maintenant bien rapides","labels":["Dégoût"]},"id":"O05GY5gzl1","from_name":"emotion","to_name":"text","type":"labels"},{"value":{"start":80,"end":231,"text":"J'irai contre ce guerrier , et je saurai s'il me domptera , lui qui a accablé les Troiens de tant de maux et qui a rompu les genoux de tant de braves .","labels":["Ardeur"]},"id":"J74HxNHpUy","from_name":"emotion","to_name":"text","type":"labels"}],"was_cancelled":false,"ground_truth":false,"created_at":"2021-11-15T12:47:30.907660Z","updated_at":"2021-11-15T12:47:30.907698Z","lead_time":36.936,"prediction":{},"result_count":0,"task":33,"parent_prediction":null,"parent_annotation":null}],"predictions":[],"file_upload":"b87ab5b6-16.csv","data":{"text":"— Ô honte ! Pourquoi fuyez-vous , Lykiens ? Vous êtes maintenant bien rapides ! J'irai contre ce guerrier , et je saurai s'il me domptera , lui qui a accablé les Troiens de tant de maux et qui a rompu les genoux de tant de braves ."},"meta":{},"created_at":"2021-11-15T11:33:43.624434Z","updated_at":"2021-11-15T11:33:43.624445Z","project":2},{"id":24,"annotations":[{"id":13,"completed_by":{"id":1,"email":"sophie.brown@unil.ch","first_name":"","last_name":""},"result":[{"value":{"start":2,"end":367,"text":"Myrmidones , compagnons du Pèléide Akhilleus , amis , soyez des hommes , et souvenez-vous de votre force et de votre courage , afin d'honorer le Pèléide , le plus brave des hommes , auprès des nefs des Argiens , et nous , ses belliqueux compagnons . Et que l'Atréide Agamemnôn qui commande au loin reconnaisse sa faute , lui qui a outragé le plus brave des Akhaiens","labels":["Speech"]},"id":"4egX3l9C9D","from_name":"speech","to_name":"text","type":"labels"},{"value":{"start":2,"end":367,"text":"Myrmidones , compagnons du Pèléide Akhilleus , amis , soyez des hommes , et souvenez-vous de votre force et de votre courage , afin d'honorer le Pèléide , le plus brave des hommes , auprès des nefs des Argiens , et nous , ses belliqueux compagnons . Et que l'Atréide Agamemnôn qui commande au loin reconnaisse sa faute , lui qui a outragé le plus brave des Akhaiens","labels":["Ardeur"]},"id":"cHiXExim0Y","from_name":"emotion","to_name":"text","type":"labels"}],"was_cancelled":false,"ground_truth":false,"created_at":"2021-11-15T12:37:31.277651Z","updated_at":"2021-11-15T12:37:31.277707Z","lead_time":37.985,"prediction":{},"result_count":0,"task":24,"parent_prediction":null,"parent_annotation":null}],"predictions":[],"file_upload":"b87ab5b6-16.csv","data":{"text":"— Myrmidones , compagnons du Pèléide Akhilleus , amis , soyez des hommes , et souvenez-vous de votre force et de votre courage , afin d'honorer le Pèléide , le plus brave des hommes , auprès des nefs des Argiens , et nous , ses belliqueux compagnons . Et que l'Atréide Agamemnôn qui commande au loin reconnaisse sa faute , lui qui a outragé le plus brave des Akhaiens ."},"meta":{},"created_at":"2021-11-15T11:33:43.624018Z","updated_at":"2021-11-15T11:33:43.624030Z","project":2},{"id":21,"annotations":[{"id":11,"completed_by":{"id":1,"email":"sophie.brown@unil.ch","first_name":"","last_name":""},"result":[{"value":{"start":2,"end":851,"text":"Zeus ! roi Dôdônaien , Pélasgique , qui , habitant au loin , commandes sur Dôdônè enveloppée par l'hiver , au milieu de tes divinateurs , les Selles , qui ne se lavent point les pieds et dorment sur la terre , si tu as déjà exaucé ma prière , et si , pour m'honorer , tu as rudement châtié le peuple des Akhaiens , accomplis encore mon voeu ! Je reste dans l'enceinte de mes nefs , mais j'envoie mon compagnon combattre en tête de nombreux Myrmidones . Ô Prévoyant Zeus ! donne-lui la victoire , affermis son coeur dans sa poitrine , et que Hektôr apprenne que mon compagnon sait combattre seul et que ses mains robustes n'attendent point pour agir que je me rue dans le carnage d'Arès . Mais , ayant repoussé la guerre et ses clameurs loin des nefs , qu'il revienne , sain et sauf , vers mes nefs rapides , avec mes armes et mes braves compagnons !","labels":["Speech"]},"id":"sOOQseUun5","from_name":"speech","to_name":"text","type":"labels"},{"value":{"start":690,"end":851,"text":"Mais , ayant repoussé la guerre et ses clameurs loin des nefs , qu'il revienne , sain et sauf , vers mes nefs rapides , avec mes armes et mes braves compagnons !","labels":["Peur"]},"id":"qPUw56c677","from_name":"emotion","to_name":"text","type":"labels"},{"value":{"start":2,"end":687,"text":"Zeus ! roi Dôdônaien , Pélasgique , qui , habitant au loin , commandes sur Dôdônè enveloppée par l'hiver , au milieu de tes divinateurs , les Selles , qui ne se lavent point les pieds et dorment sur la terre , si tu as déjà exaucé ma prière , et si , pour m'honorer , tu as rudement châtié le peuple des Akhaiens , accomplis encore mon voeu ! Je reste dans l'enceinte de mes nefs , mais j'envoie mon compagnon combattre en tête de nombreux Myrmidones . Ô Prévoyant Zeus ! donne-lui la victoire , affermis son coeur dans sa poitrine , et que Hektôr apprenne que mon compagnon sait combattre seul et que ses mains robustes n'attendent point pour agir que je me rue dans le carnage d'Arès","labels":["Ardeur"]},"id":"FWiFLndBte","from_name":"emotion","to_name":"text","type":"labels"}],"was_cancelled":false,"ground_truth":false,"created_at":"2021-11-15T12:35:21.310569Z","updated_at":"2021-11-15T12:35:21.310617Z","lead_time":133.432,"prediction":{},"result_count":0,"task":21,"parent_prediction":null,"parent_annotation":null}],"predictions":[],"file_upload":"b87ab5b6-16.csv","data":{"text":"— Zeus ! roi Dôdônaien , Pélasgique , qui , habitant au loin , commandes sur Dôdônè enveloppée par l'hiver , au milieu de tes divinateurs , les Selles , qui ne se lavent point les pieds et dorment sur la terre , si tu as déjà exaucé ma prière , et si , pour m'honorer , tu as rudement châtié le peuple des Akhaiens , accomplis encore mon voeu ! Je reste dans l'enceinte de mes nefs , mais j'envoie mon compagnon combattre en tête de nombreux Myrmidones . Ô Prévoyant Zeus ! donne-lui la victoire , affermis son coeur dans sa poitrine , et que Hektôr apprenne que mon compagnon sait combattre seul et que ses mains robustes n'attendent point pour agir que je me rue dans le carnage d'Arès . Mais , ayant repoussé la guerre et ses clameurs loin des nefs , qu'il revienne , sain et sauf , vers mes nefs rapides , avec mes armes et mes braves compagnons !"},"meta":{},"created_at":"2021-11-15T11:33:43.623886Z","updated_at":"2021-11-15T11:33:43.623897Z","project":2},{"id":18,"annotations":[{"id":9,"completed_by":{"id":1,"email":"sophie.brown@unil.ch","first_name":"","last_name":""},"result":[{"value":{"start":2,"end":634,"text":"Myrmidones , qu'aucun de vous n'oublie les menaces que , dans les nefs rapides , vous adressiez aux Troiens , durant les jours de ma colère , quand vous m'accusiez moihYpppHeNmême , disant : — Ô dur fils de Pèleus , sans doute une mère farouche t'a nourri de fiel , toi qui retiens de force tes compagnons sur leurs nefs ! Que nous retournions au moins dans nos demeures sur les nefs qui fendent la mer , puisqu'une colère inexorable est entrée dans ton coeur . — Souvent vous me parliez ainsi . Aujourd'hui , voici le grand combat dont vous étiez avides . Que chacun de vous , avec un coeur solide , lutte donc contre les Troiens .","labels":["Speech"]},"id":"R6PNBVpuSg","from_name":"speech","to_name":"text","type":"labels"},{"value":{"start":195,"end":461,"text":"Ô dur fils de Pèleus , sans doute une mère farouche t'a nourri de fiel , toi qui retiens de force tes compagnons sur leurs nefs ! Que nous retournions au moins dans nos demeures sur les nefs qui fendent la mer , puisqu'une colère inexorable est entrée dans ton coeur","labels":["Dégoût"]},"id":"03HnZ-VRnK","from_name":"emotion","to_name":"text","type":"labels"},{"value":{"start":466,"end":634,"text":"Souvent vous me parliez ainsi . Aujourd'hui , voici le grand combat dont vous étiez avides . Que chacun de vous , avec un coeur solide , lutte donc contre les Troiens .","labels":["Ardeur"]},"id":"8SO_yQ2M_X","from_name":"emotion","to_name":"text","type":"labels"},{"value":{"start":2,"end":190,"text":"Myrmidones , qu'aucun de vous n'oublie les menaces que , dans les nefs rapides , vous adressiez aux Troiens , durant les jours de ma colère , quand vous m'accusiez moihYpppHeNmême , disant","labels":["Ardeur"]},"id":"Mx5Az-8It0","from_name":"emotion","to_name":"text","type":"labels"}],"was_cancelled":false,"ground_truth":false,"created_at":"2021-11-15T12:29:38.787955Z","updated_at":"2021-11-15T12:29:38.788010Z","lead_time":116.244,"prediction":{},"result_count":0,"task":18,"parent_prediction":null,"parent_annotation":null}],"predictions":[],"file_upload":"b87ab5b6-16.csv","data":{"text":"— Myrmidones , qu'aucun de vous n'oublie les menaces que , dans les nefs rapides , vous adressiez aux Troiens , durant les jours de ma colère , quand vous m'accusiez moihYpppHeNmême , disant : — Ô dur fils de Pèleus , sans doute une mère farouche t'a nourri de fiel , toi qui retiens de force tes compagnons sur leurs nefs ! Que nous retournions au moins dans nos demeures sur les nefs qui fendent la mer , puisqu'une colère inexorable est entrée dans ton coeur . — Souvent vous me parliez ainsi . Aujourd'hui , voici le grand combat dont vous étiez avides . Que chacun de vous , avec un coeur solide , lutte donc contre les Troiens ."},"meta":{},"created_at":"2021-11-15T11:33:43.623753Z","updated_at":"2021-11-15T11:33:43.623764Z","project":2},{"id":9,"annotations":[{"id":7,"completed_by":{"id":1,"email":"sophie.brown@unil.ch","first_name":"","last_name":""},"result":[{"value":{"start":2,"end":188,"text":"Hâte-toi , divin Patroklos ! Je vois le feu ardent sur les nefs . Si elles brûlent , nous ne pourrons plus songer au retour . Revêts promptement mes armes , et j'assemblerai mon peuple .","labels":["Speech"]},"id":"9qSozrsAc_","from_name":"speech","to_name":"text","type":"labels"},{"value":{"start":2,"end":186,"text":"Hâte-toi , divin Patroklos ! Je vois le feu ardent sur les nefs . Si elles brûlent , nous ne pourrons plus songer au retour . Revêts promptement mes armes , et j'assemblerai mon peuple","labels":["Peur"]},"id":"hxpfr6iaFn","from_name":"emotion","to_name":"text","type":"labels"},{"value":{"start":2,"end":186,"text":"Hâte-toi , divin Patroklos ! Je vois le feu ardent sur les nefs . Si elles brûlent , nous ne pourrons plus songer au retour . Revêts promptement mes armes , et j'assemblerai mon peuple","labels":["Ardeur"]},"id":"d_Qm1YMZBF","from_name":"emotion","to_name":"text","type":"labels"}],"was_cancelled":false,"ground_truth":false,"created_at":"2021-11-15T12:21:20.560645Z","updated_at":"2021-11-15T12:21:20.560698Z","lead_time":22.396,"prediction":{},"result_count":0,"task":9,"parent_prediction":null,"parent_annotation":null}],"predictions":[],"file_upload":"b87ab5b6-16.csv","data":{"text":"— Hâte-toi , divin Patroklos ! Je vois le feu ardent sur les nefs . Si elles brûlent , nous ne pourrons plus songer au retour . Revêts promptement mes armes , et j'assemblerai mon peuple ."},"meta":{},"created_at":"2021-11-15T11:33:43.623359Z","updated_at":"2021-11-15T11:33:43.623370Z","project":2},{"id":4,"annotations":[{"id":2,"completed_by":{"id":1,"email":"sophie.brown@unil.ch","first_name":"","last_name":""},"result":[{"value":{"start":2,"end":1298,"text":"Ô Akhilleus , fils de Pèleus , le plus brave des Akhaiens , ne t'irrite point , car de grandes calamités accablent les Akhaiens . Déjà les plus braves d'entre eux gisent dans les nefs , frappés et blessés . Le robuste Tydéide Diomèdès est blessé , et Odysseus illustre par sa lance , et Agamemnôn . Eurypylos a la cuisse percée d'une flèche ; et les médecins les soignent et baignent leurs blessures avec des baumes . Mais toi , Akhilleus , tu es implacable ! Ô Pèlèiade , doué d'un courage inutile , qu'une colère telle que la tienne ne me saisisse jamais ! À qui viendras-tu désormais en aide , si tu ne sauves pas les Argiens de cette ruine terrible ? Ô inexorable ! Le cavalier Pèleus n'est point ton père , Thétis ne t'a point conçu . La mer bleue t'a enfanté et ton âme est dure comme les hauts rochers . Si tu fuis l'accomplissement d'un oracle , et si ta mère vénérable t'a averti de la part de Zeus , au moins envoie - moi promptement à la tête des Myrmidones , et que j'apporte une lueur de salut aux Danaens ! Laisse-moi couvrir mes épaules de tes armes . Les Troiens reculeront , me prenant pour toi , et les fils belliqueux des Akhaiens respireront , et nous chasserons facilement , nouveaux combattants , ces hommes écrasés de fatigue , loin des tentes et des nefs , vers leur ville","labels":["Speech"]},"id":"j5ZyrRXaTN","from_name":"speech","to_name":"text","type":"labels"},{"value":{"start":813,"end":1298,"text":"Si tu fuis l'accomplissement d'un oracle , et si ta mère vénérable t'a averti de la part de Zeus , au moins envoie - moi promptement à la tête des Myrmidones , et que j'apporte une lueur de salut aux Danaens ! Laisse-moi couvrir mes épaules de tes armes . Les Troiens reculeront , me prenant pour toi , et les fils belliqueux des Akhaiens respireront , et nous chasserons facilement , nouveaux combattants , ces hommes écrasés de fatigue , loin des tentes et des nefs , vers leur ville","labels":["Ardeur"]},"id":"cyvSswulKA","from_name":"emotion","to_name":"text","type":"labels"},{"value":{"start":420,"end":812,"text":"Mais toi , Akhilleus , tu es implacable ! Ô Pèlèiade , doué d'un courage inutile , qu'une colère telle que la tienne ne me saisisse jamais ! À qui viendras-tu désormais en aide , si tu ne sauves pas les Argiens de cette ruine terrible ? Ô inexorable ! Le cavalier Pèleus n'est point ton père , Thétis ne t'a point conçu . La mer bleue t'a enfanté et ton âme est dure comme les hauts rochers .","labels":["Colère"]},"id":"tHUe9CZ71Z","from_name":"emotion","to_name":"text","type":"labels"},{"value":{"start":2,"end":419,"text":"Ô Akhilleus , fils de Pèleus , le plus brave des Akhaiens , ne t'irrite point , car de grandes calamités accablent les Akhaiens . Déjà les plus braves d'entre eux gisent dans les nefs , frappés et blessés . Le robuste Tydéide Diomèdès est blessé , et Odysseus illustre par sa lance , et Agamemnôn . Eurypylos a la cuisse percée d'une flèche ; et les médecins les soignent et baignent leurs blessures avec des baumes .","labels":["Tristesse"]},"id":"vDCkQ8Pea5","from_name":"emotion","to_name":"text","type":"labels"}],"was_cancelled":false,"ground_truth":false,"created_at":"2021-11-15T12:05:24.667284Z","updated_at":"2021-11-15T12:05:24.667333Z","lead_time":347.856,"prediction":{},"result_count":0,"task":4,"parent_prediction":null,"parent_annotation":null}],"predictions":[],"file_upload":"b87ab5b6-16.csv","data":{"text":"— Ô Akhilleus , fils de Pèleus , le plus brave des Akhaiens , ne t'irrite point , car de grandes calamités accablent les Akhaiens . Déjà les plus braves d'entre eux gisent dans les nefs , frappés et blessés . Le robuste Tydéide Diomèdès est blessé , et Odysseus illustre par sa lance , et Agamemnôn . Eurypylos a la cuisse percée d'une flèche ; et les médecins les soignent et baignent leurs blessures avec des baumes . Mais toi , Akhilleus , tu es implacable ! Ô Pèlèiade , doué d'un courage inutile , qu'une colère telle que la tienne ne me saisisse jamais ! À qui viendras-tu désormais en aide , si tu ne sauves pas les Argiens de cette ruine terrible ? Ô inexorable ! Le cavalier Pèleus n'est point ton père , Thétis ne t'a point conçu . La mer bleue t'a enfanté et ton âme est dure comme les hauts rochers . Si tu fuis l'accomplissement d'un oracle , et si ta mère vénérable t'a averti de la part de Zeus , au moins envoie - moi promptement à la tête des Myrmidones , et que j'apporte une lueur de salut aux Danaens ! Laisse-moi couvrir mes épaules de tes armes . Les Troiens reculeront , me prenant pour toi , et les fils belliqueux des Akhaiens respireront , et nous chasserons facilement , nouveaux combattants , ces hommes écrasés de fatigue , loin des tentes et des nefs , vers leur ville ."},"meta":{},"created_at":"2021-11-15T11:33:43.623127Z","updated_at":"2021-11-15T11:33:43.623139Z","project":2},{"id":2,"annotations":[{"id":3,"completed_by":{"id":1,"email":"sophie.brown@unil.ch","first_name":"","last_name":""},"result":[{"value":{"start":2,"end":682,"text":"Pourquoi pleures-tu , Patroklos , comme une petite fille qui court après sa mère , saisit sa robe et la regarde en pleurant jusqu'à ce que celle-ci la prenne dans ses bras ? Semblable à cette enfant , ô Patroklos , tu verses des larmes abondantes . Quel message as-tu pour les Myrmidones ou pour moi ? As-tu seul reçu quelque nouvelle de la Phthiè ? On dit cependant que le fils d'Aktôr , Ménoitios , et l'Aiakide Pèleus vivent encore parmi les Myrmidones . Certes , nous serions accablés , s'ils étaient morts . Mais peut-être pleures-tu pour les Argiens qui périssent auprès des nefs creuses , par leur propre iniquité ? Parle , ne me cache rien afin que nous sachions tous deux","labels":["Speech"]},"id":"7xHdOGqYNe","from_name":"speech","to_name":"text","type":"labels"},{"value":{"start":2,"end":682,"text":"Pourquoi pleures-tu , Patroklos , comme une petite fille qui court après sa mère , saisit sa robe et la regarde en pleurant jusqu'à ce que celle-ci la prenne dans ses bras ? Semblable à cette enfant , ô Patroklos , tu verses des larmes abondantes . Quel message as-tu pour les Myrmidones ou pour moi ? As-tu seul reçu quelque nouvelle de la Phthiè ? On dit cependant que le fils d'Aktôr , Ménoitios , et l'Aiakide Pèleus vivent encore parmi les Myrmidones . Certes , nous serions accablés , s'ils étaient morts . Mais peut-être pleures-tu pour les Argiens qui périssent auprès des nefs creuses , par leur propre iniquité ? Parle , ne me cache rien afin que nous sachions tous deux","labels":["Ardeur"]},"id":"7xHdOGqYNe","from_name":"emotion","to_name":"text","type":"labels"},{"value":{"start":625,"end":682,"text":"Parle , ne me cache rien afin que nous sachions tous deux","labels":["Ardeur"]},"id":"A6Q20R3HBE","from_name":"emotion","to_name":"text","type":"labels"},{"value":{"start":2,"end":250,"text":"Pourquoi pleures-tu , Patroklos , comme une petite fille qui court après sa mère , saisit sa robe et la regarde en pleurant jusqu'à ce que celle-ci la prenne dans ses bras ? Semblable à cette enfant , ô Patroklos , tu verses des larmes abondantes .","labels":["Dégoût"]},"id":"UWcsbuFIX4","from_name":"emotion","to_name":"text","type":"labels"}],"was_cancelled":false,"ground_truth":false,"created_at":"2021-11-15T12:11:57.855005Z","updated_at":"2021-11-15T12:11:57.855057Z","lead_time":169.455,"prediction":{},"result_count":0,"task":2,"parent_prediction":null,"parent_annotation":null}],"predictions":[],"file_upload":"b87ab5b6-16.csv","data":{"text":"— Pourquoi pleures-tu , Patroklos , comme une petite fille qui court après sa mère , saisit sa robe et la regarde en pleurant jusqu'à ce que celle-ci la prenne dans ses bras ? Semblable à cette enfant , ô Patroklos , tu verses des larmes abondantes . Quel message as-tu pour les Myrmidones ou pour moi ? As-tu seul reçu quelque nouvelle de la Phthiè ? On dit cependant que le fils d'Aktôr , Ménoitios , et l'Aiakide Pèleus vivent encore parmi les Myrmidones . Certes , nous serions accablés , s'ils étaient morts . Mais peut-être pleures-tu pour les Argiens qui périssent auprès des nefs creuses , par leur propre iniquité ? Parle , ne me cache rien afin que nous sachions tous deux ."},"meta":{},"created_at":"2021-11-15T11:33:43.623033Z","updated_at":"2021-11-15T11:33:43.623045Z","project":2}]