[{"id":15,"annotations":[{"id":11,"completed_by":{"id":1,"email":"pauline.guignard@unil.ch","first_name":"","last_name":""},"result":[{"value":{"start":2,"end":358,"text":"Héros , il t'appartient aussi d'invoquer les dieux éternels . On dit aussi , en effet , qu'Aphroditè , fille de Zeus , t'a enfanté , et lui est né d'une déesse inférieure . Ta mère est fille de Zeus , et la sienne est fille du Vieillard de la mer . Pousse droit à lui l'airain indomptable , et que ses paroles injurieuses et ses menaces ne t'arrêtent pas .","labels":["Speech"]},"id":"mH8CzRY2YB","from_name":"speech","to_name":"text","type":"labels"},{"value":{"start":2,"end":358,"text":"Héros , il t'appartient aussi d'invoquer les dieux éternels . On dit aussi , en effet , qu'Aphroditè , fille de Zeus , t'a enfanté , et lui est né d'une déesse inférieure . Ta mère est fille de Zeus , et la sienne est fille du Vieillard de la mer . Pousse droit à lui l'airain indomptable , et que ses paroles injurieuses et ses menaces ne t'arrêtent pas .","labels":["Ardeur"]},"id":"Ms4oxs2tp7","from_name":"emotion","to_name":"text","type":"labels"},{"value":{"start":2,"end":355,"text":"Héros , il t'appartient aussi d'invoquer les dieux éternels . On dit aussi , en effet , qu'Aphroditè , fille de Zeus , t'a enfanté , et lui est né d'une déesse inférieure . Ta mère est fille de Zeus , et la sienne est fille du Vieillard de la mer . Pousse droit à lui l'airain indomptable , et que ses paroles injurieuses et ses menaces ne t'arrêtent pa","labels":["Ardeur"]},"id":"-99ek9cQeq","from_name":"emotion","to_name":"text","type":"labels"},{"value":{"start":2,"end":358,"text":"Héros , il t'appartient aussi d'invoquer les dieux éternels . On dit aussi , en effet , qu'Aphroditè , fille de Zeus , t'a enfanté , et lui est né d'une déesse inférieure . Ta mère est fille de Zeus , et la sienne est fille du Vieillard de la mer . Pousse droit à lui l'airain indomptable , et que ses paroles injurieuses et ses menaces ne t'arrêtent pas .","labels":["Ardeur"]},"id":"tMJskUIifu","from_name":"emotion","to_name":"text","type":"labels"},{"value":{"start":2,"end":358,"text":"Héros , il t'appartient aussi d'invoquer les dieux éternels . On dit aussi , en effet , qu'Aphroditè , fille de Zeus , t'a enfanté , et lui est né d'une déesse inférieure . Ta mère est fille de Zeus , et la sienne est fille du Vieillard de la mer . Pousse droit à lui l'airain indomptable , et que ses paroles injurieuses et ses menaces ne t'arrêtent pas .","labels":["Speech"]},"id":"13aE41WXEB","from_name":"speech","to_name":"text","type":"labels"}],"was_cancelled":false,"ground_truth":false,"created_at":"2021-11-08T10:41:35.576195Z","updated_at":"2021-11-10T10:08:36.277188Z","lead_time":424.211,"prediction":{},"result_count":0,"task":15,"parent_prediction":null,"parent_annotation":null}],"predictions":[],"file_upload":"5abef0b2-20.csv","data":{"text":"— Héros , il t'appartient aussi d'invoquer les dieux éternels . On dit aussi , en effet , qu'Aphroditè , fille de Zeus , t'a enfanté , et lui est né d'une déesse inférieure . Ta mère est fille de Zeus , et la sienne est fille du Vieillard de la mer . Pousse droit à lui l'airain indomptable , et que ses paroles injurieuses et ses menaces ne t'arrêtent pas ."},"meta":{},"created_at":"2021-11-03T14:40:05.274723Z","updated_at":"2021-11-10T10:08:36.253486Z","project":1},{"id":53,"annotations":[{"id":43,"completed_by":{"id":1,"email":"pauline.guignard@unil.ch","first_name":"","last_name":""},"result":[{"value":{"start":107,"end":116,"text":"Akhilleus","labels":["Speaker"]},"meta":{"text":["41"]},"id":"rjoIDbhYz9","from_name":"speech","to_name":"text","type":"labels"}],"was_cancelled":false,"ground_truth":false,"created_at":"2021-11-08T11:15:51.895346Z","updated_at":"2021-11-08T11:16:02.687131Z","lead_time":3255.688,"prediction":{},"result_count":0,"task":53,"parent_prediction":null,"parent_annotation":null}],"predictions":[],"file_upload":"5abef0b2-20.csv","data":{"text":"Il parla ainsi , et , secouant sa lance , il la jeta ; mais Athènè , d'un souffle , l'écarta de l'illustre Akhilleus , et la repoussa vers le divin Hektôr , et la fit tomber à ses pieds . Et Akhilleus , furieux , se rua pour le tuer , en jetant des cris horribles ; mais Apollôn enleva aisément le Priamide , comme le peut un dieu ; et il l'enveloppa d'une épaisse nuée . Et trois fois le divin Akhilleus aux pieds rapides , se précipitant , perça cette nuée épaisse de sa lance d'airain . Et , une quatrième fois , semblable à un daimôn , il se rua en avant , et il cria ces paroles outrageantes :"},"meta":{},"created_at":"2021-11-03T14:40:05.277431Z","updated_at":"2021-11-08T11:16:02.666338Z","project":1},{"id":49,"annotations":[{"id":42,"completed_by":{"id":1,"email":"pauline.guignard@unil.ch","first_name":"","last_name":""},"result":[{"value":{"start":67,"end":69,"text":"il","labels":["Speaker"]},"meta":{"text":["38"]},"id":"T_3pDzRBnp","from_name":"speech","to_name":"text","type":"labels"}],"was_cancelled":false,"ground_truth":false,"created_at":"2021-11-08T11:15:30.546895Z","updated_at":"2021-11-08T11:15:38.456006Z","lead_time":3231.466,"prediction":{},"result_count":0,"task":49,"parent_prediction":null,"parent_annotation":null}],"predictions":[],"file_upload":"5abef0b2-20.csv","data":{"text":"Il parla ainsi , et , regardant le divin Hektôr d'un oeil sombre , il dit :"},"meta":{},"created_at":"2021-11-03T14:40:05.277124Z","updated_at":"2021-11-08T11:15:38.436010Z","project":1},{"id":47,"annotations":[{"id":36,"completed_by":{"id":1,"email":"pauline.guignard@unil.ch","first_name":"","last_name":""},"result":[{"value":{"start":266,"end":275,"text":"Akhilleus","labels":["Speaker"]},"meta":{"text":["37"]},"id":"-kwX6WggW5","from_name":"speech","to_name":"text","type":"labels"}],"was_cancelled":false,"ground_truth":false,"created_at":"2021-11-08T11:09:49.796614Z","updated_at":"2021-11-08T11:14:37.371205Z","lead_time":3170.379,"prediction":{},"result_count":0,"task":47,"parent_prediction":null,"parent_annotation":null}],"predictions":[],"file_upload":"5abef0b2-20.csv","data":{"text":"Hektôr , voyant son frère Polydôros renversé et retenant ses entrailles avec ses mains , sentit un brouillard sur ses yeux , et il ne put se résoudre à combattre plus longtemps de loin , et il vint à Akhilleus , secouant sa lance aiguë et semblable à la flamme . Et Akhilleus le vit , et bondit en avant , et dit en triomphant :"},"meta":{},"created_at":"2021-11-03T14:40:05.276983Z","updated_at":"2021-11-08T11:14:37.351037Z","project":1},{"id":54,"annotations":[{"id":41,"completed_by":{"id":1,"email":"pauline.guignard@unil.ch","first_name":"","last_name":""},"result":[{"value":{"start":2,"end":321,"text":"Chien ! de nouveau tu échappes à la mort . Elle t'a approché de près , mais Phoibos Apollôn t'a sauvé , lui à qui tu fais des voeux quand tu marches à travers le retentissement des lances . Je te tuerai , si je te rencontre encore , et si quelque dieu me vient en aide . Maintenant , je poursuivrai les autres Troiens .","labels":["Speech"]},"id":"vC-Oj_FPj-","from_name":"speech","to_name":"text","type":"labels"},{"value":{"start":2,"end":321,"text":"Chien ! de nouveau tu échappes à la mort . Elle t'a approché de près , mais Phoibos Apollôn t'a sauvé , lui à qui tu fais des voeux quand tu marches à travers le retentissement des lances . Je te tuerai , si je te rencontre encore , et si quelque dieu me vient en aide . Maintenant , je poursuivrai les autres Troiens .","labels":["Colère"]},"id":"GG2MUaSQGW","from_name":"emotion","to_name":"text","type":"labels"}],"was_cancelled":false,"ground_truth":false,"created_at":"2021-11-08T11:13:57.954310Z","updated_at":"2021-11-08T11:14:04.711823Z","lead_time":3137.719,"prediction":{},"result_count":0,"task":54,"parent_prediction":null,"parent_annotation":null}],"predictions":[],"file_upload":"5abef0b2-20.csv","data":{"text":"— Chien ! de nouveau tu échappes à la mort . Elle t'a approché de près , mais Phoibos Apollôn t'a sauvé , lui à qui tu fais des voeux quand tu marches à travers le retentissement des lances . Je te tuerai , si je te rencontre encore , et si quelque dieu me vient en aide . Maintenant , je poursuivrai les autres Troiens ."},"meta":{},"created_at":"2021-11-03T14:40:05.277511Z","updated_at":"2021-11-08T11:14:04.691287Z","project":1},{"id":51,"annotations":[{"id":39,"completed_by":{"id":1,"email":"pauline.guignard@unil.ch","first_name":"","last_name":""},"result":[{"value":{"start":3,"end":9,"text":"Hektôr","labels":["Speaker"]},"meta":{"text":["40"]},"id":"jm7KyVWcGl","from_name":"speech","to_name":"text","type":"labels"}],"was_cancelled":false,"ground_truth":false,"created_at":"2021-11-08T11:11:32.099791Z","updated_at":"2021-11-08T11:13:16.762953Z","lead_time":3089.768,"prediction":{},"result_count":0,"task":51,"parent_prediction":null,"parent_annotation":null}],"predictions":[],"file_upload":"5abef0b2-20.csv","data":{"text":"Et Hektôr au casque mouvant lui répondit sans crainte :"},"meta":{},"created_at":"2021-11-03T14:40:05.277272Z","updated_at":"2021-11-08T11:13:16.742458Z","project":1},{"id":52,"annotations":[{"id":40,"completed_by":{"id":1,"email":"pauline.guignard@unil.ch","first_name":"","last_name":""},"result":[{"value":{"start":2,"end":386,"text":"Pèléide , n'espère point m'épouvanter par des paroles comme un petit enfant . Moi aussi je pourrais parler injurieusement et avec orgueil . Je sais que tu es brave et que je ne te vaux pas ; mais nos destinées sont sur les genoux des dieux . Bien que je sois moins fort que toi , je t'arracherai peuthYpppHeNêtre l'âme d'un coup de ma lance . Elle aussi , elle a une pointe perçante .","labels":["Speech"]},"id":"tSyo2K_z17","from_name":"speech","to_name":"text","type":"labels"},{"value":{"start":2,"end":386,"text":"Pèléide , n'espère point m'épouvanter par des paroles comme un petit enfant . Moi aussi je pourrais parler injurieusement et avec orgueil . Je sais que tu es brave et que je ne te vaux pas ; mais nos destinées sont sur les genoux des dieux . Bien que je sois moins fort que toi , je t'arracherai peuthYpppHeNêtre l'âme d'un coup de ma lance . Elle aussi , elle a une pointe perçante .","labels":["Ardeur"]},"id":"tSyo2K_z17","from_name":"emotion","to_name":"text","type":"labels"},{"value":{"start":80,"end":138,"text":"Moi aussi je pourrais parler injurieusement et avec orguei","labels":["Dégoût"]},"id":"S9sZnzRnfI","from_name":"emotion","to_name":"text","type":"labels"},{"value":{"start":244,"end":344,"text":"Bien que je sois moins fort que toi , je t'arracherai peuthYpppHeNêtre l'âme d'un coup de ma lance .","labels":["Dégoût"]},"id":"n8W15IHPWx","from_name":"emotion","to_name":"text","type":"labels"},{"value":{"start":2,"end":79,"text":"Pèléide , n'espère point m'épouvanter par des paroles comme un petit enfant .","labels":["Ardeur"]},"id":"zbCt32qDX1","from_name":"emotion","to_name":"text","type":"labels"},{"value":{"start":142,"end":243,"text":"Je sais que tu es brave et que je ne te vaux pas ; mais nos destinées sont sur les genoux des dieux .","labels":["Ardeur"]},"id":"1kzffjfWn4","from_name":"emotion","to_name":"text","type":"labels"},{"value":{"start":346,"end":386,"text":"lle aussi , elle a une pointe perçante .","labels":["Ardeur"]},"id":"nMVKx8TfGf","from_name":"emotion","to_name":"text","type":"labels"}],"was_cancelled":false,"ground_truth":false,"created_at":"2021-11-08T11:11:47.895637Z","updated_at":"2021-11-08T11:13:08.984754Z","lead_time":3081.987,"prediction":{},"result_count":0,"task":52,"parent_prediction":null,"parent_annotation":null}],"predictions":[],"file_upload":"5abef0b2-20.csv","data":{"text":"— Pèléide , n'espère point m'épouvanter par des paroles comme un petit enfant . Moi aussi je pourrais parler injurieusement et avec orgueil . Je sais que tu es brave et que je ne te vaux pas ; mais nos destinées sont sur les genoux des dieux . Bien que je sois moins fort que toi , je t'arracherai peuthYpppHeNêtre l'âme d'un coup de ma lance . Elle aussi , elle a une pointe perçante ."},"meta":{},"created_at":"2021-11-03T14:40:05.277351Z","updated_at":"2021-11-08T11:13:08.962368Z","project":1},{"id":50,"annotations":[{"id":38,"completed_by":{"id":1,"email":"pauline.guignard@unil.ch","first_name":"","last_name":""},"result":[{"value":{"start":2,"end":47,"text":"Viens ! approche , afin de mourir plus vite !","labels":["Speech"]},"id":"monFdWt2cr","from_name":"speech","to_name":"text","type":"labels"},{"value":{"start":2,"end":47,"text":"Viens ! approche , afin de mourir plus vite !","labels":["Ardeur"]},"id":"v5fAV10B3T","from_name":"emotion","to_name":"text","type":"labels"},{"value":{"start":2,"end":47,"text":"Viens ! approche , afin de mourir plus vite !","labels":["Dégoût"]},"id":"CCQsGTJ1LV","from_name":"emotion","to_name":"text","type":"labels"}],"was_cancelled":false,"ground_truth":false,"created_at":"2021-11-08T11:10:52.631611Z","updated_at":"2021-11-08T11:11:05.396726Z","lead_time":2958.404,"prediction":{},"result_count":0,"task":50,"parent_prediction":null,"parent_annotation":null}],"predictions":[],"file_upload":"5abef0b2-20.csv","data":{"text":"— Viens ! approche , afin de mourir plus vite !"},"meta":{},"created_at":"2021-11-03T14:40:05.277209Z","updated_at":"2021-11-08T11:11:05.376218Z","project":1},{"id":48,"annotations":[{"id":37,"completed_by":{"id":1,"email":"pauline.guignard@unil.ch","first_name":"","last_name":""},"result":[{"value":{"start":2,"end":154,"text":"Voici donc l'homme qui m'a déchiré le coeur et qui a tué mon irréprochable compagnon ! Ne nous évitons pas plus longtemps dans les détours de la mêlée .","labels":["Speech"]},"id":"81a2HyFfav","from_name":"speech","to_name":"text","type":"labels"},{"value":{"start":2,"end":154,"text":"Voici donc l'homme qui m'a déchiré le coeur et qui a tué mon irréprochable compagnon ! Ne nous évitons pas plus longtemps dans les détours de la mêlée .","labels":["Colère"]},"id":"81a2HyFfav","from_name":"emotion","to_name":"text","type":"labels"},{"value":{"start":2,"end":88,"text":"Voici donc l'homme qui m'a déchiré le coeur et qui a tué mon irréprochable compagnon !","labels":["Colère"]},"id":"OC1TUMJAxw","from_name":"emotion","to_name":"text","type":"labels"},{"value":{"start":89,"end":154,"text":"Ne nous évitons pas plus longtemps dans les détours de la mêlée .","labels":["Ardeur"]},"id":"AlmxK6jjF7","from_name":"emotion","to_name":"text","type":"labels"}],"was_cancelled":false,"ground_truth":false,"created_at":"2021-11-08T11:09:58.644258Z","updated_at":"2021-11-08T11:10:22.800178Z","lead_time":2915.823,"prediction":{},"result_count":0,"task":48,"parent_prediction":null,"parent_annotation":null}],"predictions":[],"file_upload":"5abef0b2-20.csv","data":{"text":"— Voici donc l'homme qui m'a déchiré le coeur et qui a tué mon irréprochable compagnon ! Ne nous évitons pas plus longtemps dans les détours de la mêlée ."},"meta":{},"created_at":"2021-11-03T14:40:05.277052Z","updated_at":"2021-11-08T11:10:22.785443Z","project":1},{"id":42,"annotations":[{"id":34,"completed_by":{"id":1,"email":"pauline.guignard@unil.ch","first_name":"","last_name":""},"result":[{"value":{"start":459,"end":468,"text":"Akhilleus","labels":["Speaker"]},"meta":{"text":["35"]},"id":"Zc4SLUtLn6","from_name":"speech","to_name":"text","type":"labels"}],"was_cancelled":false,"ground_truth":false,"created_at":"2021-11-08T11:07:56.519243Z","updated_at":"2021-11-08T11:08:26.809026Z","lead_time":2799.817,"prediction":{},"result_count":0,"task":42,"parent_prediction":null,"parent_annotation":null}],"predictions":[],"file_upload":"5abef0b2-20.csv","data":{"text":"Et Akhilleus , vêtu de courage et de force , se jeta sur les Troiens en poussant des cris horribles . Et il tua d'abord le brave Iphitiôn Otryntéide , chef de nombreux guerriers , et que la nymphe Nèis avait conçu du destructeur de citadelles Otrynteus , sous le neigeux Tmôlos , dans la fertile Hydè . Comme il se ruait en avant , le divin Akhilleus le frappa au milieu de la tête , et celle-ci se fendit en deux , et Iphitiôn tomba avec bruit , et le divin Akhilleus se glorifia ainsi :"},"meta":{},"created_at":"2021-11-03T14:40:05.276614Z","updated_at":"2021-11-08T11:08:26.787739Z","project":1},{"id":43,"annotations":[{"id":35,"completed_by":{"id":1,"email":"pauline.guignard@unil.ch","first_name":"","last_name":""},"result":[{"value":{"start":2,"end":225,"text":"Te voilà couché sur la terre , Otryntéide , le plus effrayant des hommes ! Tu es mort ici , toi qui es né non loin du lac Gygaios où est ton champ paternel , sur les bords poissonneux du Hyllos et du Hermos tourbillonnant .","labels":["Speech"]},"id":"GHQppAS72b","from_name":"speech","to_name":"text","type":"labels"},{"value":{"start":2,"end":225,"text":"Te voilà couché sur la terre , Otryntéide , le plus effrayant des hommes ! Tu es mort ici , toi qui es né non loin du lac Gygaios où est ton champ paternel , sur les bords poissonneux du Hyllos et du Hermos tourbillonnant .","labels":["Plaisir"]},"id":"LVa0SpVLXh","from_name":"emotion","to_name":"text","type":"labels"}],"was_cancelled":false,"ground_truth":false,"created_at":"2021-11-08T11:08:04.082497Z","updated_at":"2021-11-08T11:08:19.660971Z","lead_time":2792.665,"prediction":{},"result_count":0,"task":43,"parent_prediction":null,"parent_annotation":null}],"predictions":[],"file_upload":"5abef0b2-20.csv","data":{"text":"— Te voilà couché sur la terre , Otryntéide , le plus effrayant des hommes ! Tu es mort ici , toi qui es né non loin du lac Gygaios où est ton champ paternel , sur les bords poissonneux du Hyllos et du Hermos tourbillonnant ."},"meta":{},"created_at":"2021-11-03T14:40:05.276687Z","updated_at":"2021-11-08T11:08:19.639679Z","project":1},{"id":39,"annotations":[{"id":32,"completed_by":{"id":1,"email":"pauline.guignard@unil.ch","first_name":"","last_name":""},"result":[{"value":{"start":125,"end":140,"text":"Phoibos Apollôn","labels":["Speaker"]},"meta":{"text":["33"]},"id":"MA81TFKQI_","from_name":"speech","to_name":"text","type":"labels"}],"was_cancelled":false,"ground_truth":false,"created_at":"2021-11-08T11:06:27.389189Z","updated_at":"2021-11-08T11:07:18.339964Z","lead_time":2731.344,"prediction":{},"result_count":0,"task":39,"parent_prediction":null,"parent_annotation":null}],"predictions":[],"file_upload":"5abef0b2-20.csv","data":{"text":"Il parla ainsi , et aussitôt les Troiens tendirent leurs lances , et ils se serrèrent , et une grande clameur s'éleva . Mais Phoibos Apollôn s'approcha de Hektôr et lui dit :"},"meta":{},"created_at":"2021-11-03T14:40:05.276416Z","updated_at":"2021-11-08T11:07:18.317893Z","project":1},{"id":40,"annotations":[{"id":33,"completed_by":{"id":1,"email":"pauline.guignard@unil.ch","first_name":"","last_name":""},"result":[{"value":{"start":2,"end":160,"text":"Hektôr , ne sors point des rangs contre Akhilleus . Reste dans le tumulte de la mêlée , de peur qu'il te perce de la lance ou de l'épée , de loin ou de près .","labels":["Speech"]},"id":"KjysTxFk9F","from_name":"speech","to_name":"text","type":"labels"},{"value":{"start":3,"end":160,"text":"ektôr , ne sors point des rangs contre Akhilleus . Reste dans le tumulte de la mêlée , de peur qu'il te perce de la lance ou de l'épée , de loin ou de près .","labels":["Peur"]},"id":"eTpohlxZJQ","from_name":"emotion","to_name":"text","type":"labels"}],"was_cancelled":false,"ground_truth":false,"created_at":"2021-11-08T11:06:49.370677Z","updated_at":"2021-11-08T11:07:10.594307Z","lead_time":2723.6,"prediction":{},"result_count":0,"task":40,"parent_prediction":null,"parent_annotation":null}],"predictions":[],"file_upload":"5abef0b2-20.csv","data":{"text":"— Hektôr , ne sors point des rangs contre Akhilleus . Reste dans le tumulte de la mêlée , de peur qu'il te perce de la lance ou de l'épée , de loin ou de près ."},"meta":{},"created_at":"2021-11-03T14:40:05.276486Z","updated_at":"2021-11-08T11:07:10.572943Z","project":1},{"id":37,"annotations":[{"id":30,"completed_by":{"id":1,"email":"pauline.guignard@unil.ch","first_name":"","last_name":""},"result":[{"value":{"start":47,"end":53,"text":"Hektôr","labels":["Speaker"]},"meta":{"text":["31"]},"id":"ZzkNf3lITB","from_name":"speech","to_name":"text","type":"labels"}],"was_cancelled":false,"ground_truth":false,"created_at":"2021-11-08T11:05:06.712689Z","updated_at":"2021-11-08T11:06:13.901147Z","lead_time":2666.906,"prediction":{},"result_count":0,"task":37,"parent_prediction":null,"parent_annotation":null}],"predictions":[],"file_upload":"5abef0b2-20.csv","data":{"text":"Il parla ainsi , et , de son côté , l'illustre Hektôr animait les Troiens , leur promettant qu'il combattrait Akhilleus :"},"meta":{},"created_at":"2021-11-03T14:40:05.276276Z","updated_at":"2021-11-08T11:06:13.879242Z","project":1},{"id":38,"annotations":[{"id":31,"completed_by":{"id":1,"email":"pauline.guignard@unil.ch","first_name":"","last_name":""},"result":[{"value":{"start":2,"end":511,"text":"Troiens magnanimes , ne craignez point Akhilleus . Moi aussi , avec des paroles , je combattrais jusqu'aux immortels ; mais , avec la lance , ce serait impossible , car ils sont les plus forts . Akhilleus ne réussira point dans tout ce qu'il dit . S'il accomplit une de ses menaces , il n'accomplira point l'autre . Je vais marcher contre lui , quand même il serait tel que le feu par ses mains . Oui ! quand même il serait tel que le feu par ses mains , quand il serait par sa vigueur tel que le feu ardent .","labels":["Speech"]},"id":"5PgO0TJm1t","from_name":"speech","to_name":"text","type":"labels"},{"value":{"start":4,"end":249,"text":"oiens magnanimes , ne craignez point Akhilleus . Moi aussi , avec des paroles , je combattrais jusqu'aux immortels ; mais , avec la lance , ce serait impossible , car ils sont les plus forts . Akhilleus ne réussira point dans tout ce qu'il dit .","labels":["Dégoût"]},"id":"FtJBTS7j4p","from_name":"emotion","to_name":"text","type":"labels"},{"value":{"start":250,"end":511,"text":"S'il accomplit une de ses menaces , il n'accomplira point l'autre . Je vais marcher contre lui , quand même il serait tel que le feu par ses mains . Oui ! quand même il serait tel que le feu par ses mains , quand il serait par sa vigueur tel que le feu ardent .","labels":["Ardeur"]},"id":"OS87n_CSvF","from_name":"emotion","to_name":"text","type":"labels"}],"was_cancelled":false,"ground_truth":false,"created_at":"2021-11-08T11:05:16.220490Z","updated_at":"2021-11-08T11:06:06.610103Z","lead_time":2659.614,"prediction":{},"result_count":0,"task":38,"parent_prediction":null,"parent_annotation":null}],"predictions":[],"file_upload":"5abef0b2-20.csv","data":{"text":"— Troiens magnanimes , ne craignez point Akhilleus . Moi aussi , avec des paroles , je combattrais jusqu'aux immortels ; mais , avec la lance , ce serait impossible , car ils sont les plus forts . Akhilleus ne réussira point dans tout ce qu'il dit . S'il accomplit une de ses menaces , il n'accomplira point l'autre . Je vais marcher contre lui , quand même il serait tel que le feu par ses mains . Oui ! quand même il serait tel que le feu par ses mains , quand il serait par sa vigueur tel que le feu ardent ."},"meta":{},"created_at":"2021-11-03T14:40:05.276343Z","updated_at":"2021-11-08T11:06:06.589374Z","project":1},{"id":33,"annotations":[{"id":27,"completed_by":{"id":1,"email":"pauline.guignard@unil.ch","first_name":"","last_name":""},"result":[{"value":{"start":95,"end":106,"text":"d'Akhilleus","labels":["Speaker"]},"meta":{"text":["29"]},"id":"FCOuZO9HtK","from_name":"speech","to_name":"text","type":"labels"}],"was_cancelled":false,"ground_truth":false,"created_at":"2021-11-08T11:02:17.759086Z","updated_at":"2021-11-08T11:04:53.564010Z","lead_time":2586.566,"prediction":{},"result_count":0,"task":33,"parent_prediction":null,"parent_annotation":null}],"predictions":[],"file_upload":"5abef0b2-20.csv","data":{"text":"Ayant ainsi parlé , il le quitta . Puis , il dispersa l'épais brouillard qui couvrait les yeux d'Akhilleus , et celui-ci vit tout clairement de ses yeux , et , plein de colère , il dit dans son esprit :"},"meta":{},"created_at":"2021-11-03T14:40:05.275998Z","updated_at":"2021-11-08T11:04:53.540299Z","project":1},{"id":36,"annotations":[{"id":29,"completed_by":{"id":1,"email":"pauline.guignard@unil.ch","first_name":"","last_name":""},"result":[{"value":{"start":2,"end":496,"text":"Ne restez pas plus longtemps loin de l'ennemi , divins Akhaiens ! Marchez , homme contre homme , et prêts au combat . Il m'est difficile , malgré ma force , de poursuivre et d'attaquer seul tant de guerriers ; ni Arès , bien qu'il soit un dieu immortel , ni Athènè , n'y suffiraient . Je vous aiderai de mes mains , de mes pieds , de toute ma vigueur , sans jamais faiblir ; et je serai partout , au travers de la mêlée ; et je ne pense pas qu'aucun Troien se réjouisse de rencontrer ma lance .","labels":["Speech"]},"id":"WKXB6-PzDp","from_name":"speech","to_name":"text","type":"labels"},{"value":{"start":2,"end":496,"text":"Ne restez pas plus longtemps loin de l'ennemi , divins Akhaiens ! Marchez , homme contre homme , et prêts au combat . Il m'est difficile , malgré ma force , de poursuivre et d'attaquer seul tant de guerriers ; ni Arès , bien qu'il soit un dieu immortel , ni Athènè , n'y suffiraient . Je vous aiderai de mes mains , de mes pieds , de toute ma vigueur , sans jamais faiblir ; et je serai partout , au travers de la mêlée ; et je ne pense pas qu'aucun Troien se réjouisse de rencontrer ma lance .","labels":["Ardeur"]},"id":"1OweNIsF8O","from_name":"emotion","to_name":"text","type":"labels"}],"was_cancelled":false,"ground_truth":false,"created_at":"2021-11-08T11:04:18.568582Z","updated_at":"2021-11-08T11:04:44.590771Z","lead_time":2577.595,"prediction":{},"result_count":0,"task":36,"parent_prediction":null,"parent_annotation":null}],"predictions":[],"file_upload":"5abef0b2-20.csv","data":{"text":"— Ne restez pas plus longtemps loin de l'ennemi , divins Akhaiens ! Marchez , homme contre homme , et prêts au combat . Il m'est difficile , malgré ma force , de poursuivre et d'attaquer seul tant de guerriers ; ni Arès , bien qu'il soit un dieu immortel , ni Athènè , n'y suffiraient . Je vous aiderai de mes mains , de mes pieds , de toute ma vigueur , sans jamais faiblir ; et je serai partout , au travers de la mêlée ; et je ne pense pas qu'aucun Troien se réjouisse de rencontrer ma lance ."},"meta":{},"created_at":"2021-11-03T14:40:05.276212Z","updated_at":"2021-11-08T11:04:44.570174Z","project":1},{"id":31,"annotations":[{"id":25,"completed_by":{"id":1,"email":"pauline.guignard@unil.ch","first_name":"","last_name":""},"result":[{"value":{"start":599,"end":608,"text":"Poseidaôn","labels":["Speaker"]},"meta":{"text":["26"]},"id":"nedQDsm4B7","from_name":"speech","to_name":"text","type":"labels"}],"was_cancelled":false,"ground_truth":false,"created_at":"2021-11-08T11:01:02.214409Z","updated_at":"2021-11-08T11:02:04.407870Z","lead_time":2417.415,"prediction":{},"result_count":0,"task":31,"parent_prediction":null,"parent_annotation":null}],"predictions":[],"file_upload":"5abef0b2-20.csv","data":{"text":"Et , dès que Poseidaôn qui ébranle la terre eut entendu ces paroles , il se jeta dans la mêlée , à travers le retentissement des lances , jusqu'au lieu où se trouvaient Ainéias et Akhilleus . Et il couvrit d'un brouillard les yeux du Pèléide ; et , arrachant du bouclier du magnanime Ainéias la lance à pointe d'airain , il la posa aux pieds d'Akhilleus . Puis , il enleva de terre Ainéias ; et celui-ci franchit les épaisses masses de guerriers et de chevaux , poussé par la main du dieu . Et quand il fut arrivé aux dernières lignes de la bataille , là où les Kaukônes s'armaient pour le combat , Poseidaôn qui ébranle la terre , s'approchant , lui dit ces paroles ailées :"},"meta":{},"created_at":"2021-11-03T14:40:05.275867Z","updated_at":"2021-11-08T11:02:04.386115Z","project":1},{"id":32,"annotations":[{"id":26,"completed_by":{"id":1,"email":"pauline.guignard@unil.ch","first_name":"","last_name":""},"result":[{"value":{"start":2,"end":366,"text":"Ainéias , qui d'entre les dieux t'a persuadé , insensé , de combattre Akhilleus , qui est plus fort que toi et plus cher aux immortels ? Recule quand tu le rencontreras , de peur que , malgré la moire , tu descendes chez Aidès . Mais , quand Akhilleus aura subi la destinée et la mort , ose combattre aux premiers rangs , car aucun autre des Akhaiens ne te tuera .","labels":["Speech"]},"id":"6cIkG-3bd0","from_name":"speech","to_name":"text","type":"labels"},{"value":{"start":2,"end":366,"text":"Ainéias , qui d'entre les dieux t'a persuadé , insensé , de combattre Akhilleus , qui est plus fort que toi et plus cher aux immortels ? Recule quand tu le rencontreras , de peur que , malgré la moire , tu descendes chez Aidès . Mais , quand Akhilleus aura subi la destinée et la mort , ose combattre aux premiers rangs , car aucun autre des Akhaiens ne te tuera .","labels":["Ardeur"]},"id":"6cIkG-3bd0","from_name":"emotion","to_name":"text","type":"labels"},{"value":{"start":3,"end":138,"text":"inéias , qui d'entre les dieux t'a persuadé , insensé , de combattre Akhilleus , qui est plus fort que toi et plus cher aux immortels ?","labels":["Colère"]},"id":"twS3sLzySZ","from_name":"emotion","to_name":"text","type":"labels"},{"value":{"start":139,"end":366,"text":"Recule quand tu le rencontreras , de peur que , malgré la moire , tu descendes chez Aidès . Mais , quand Akhilleus aura subi la destinée et la mort , ose combattre aux premiers rangs , car aucun autre des Akhaiens ne te tuera .","labels":["Ardeur"]},"id":"KBDOHTys-E","from_name":"emotion","to_name":"text","type":"labels"}],"was_cancelled":false,"ground_truth":false,"created_at":"2021-11-08T11:01:31.877359Z","updated_at":"2021-11-08T11:01:56.764981Z","lead_time":2409.769,"prediction":{},"result_count":0,"task":32,"parent_prediction":null,"parent_annotation":null}],"predictions":[],"file_upload":"5abef0b2-20.csv","data":{"text":"— Ainéias , qui d'entre les dieux t'a persuadé , insensé , de combattre Akhilleus , qui est plus fort que toi et plus cher aux immortels ? Recule quand tu le rencontreras , de peur que , malgré la moire , tu descendes chez Aidès . Mais , quand Akhilleus aura subi la destinée et la mort , ose combattre aux premiers rangs , car aucun autre des Akhaiens ne te tuera ."},"meta":{},"created_at":"2021-11-03T14:40:05.275934Z","updated_at":"2021-11-08T11:01:56.743772Z","project":1},{"id":30,"annotations":[{"id":24,"completed_by":{"id":1,"email":"pauline.guignard@unil.ch","first_name":"","last_name":""},"result":[{"value":{"start":2,"end":337,"text":"Poseidaôn , vois s'il te convient , dans ton esprit , de sauver Ainéias ou de laisser le Pèléide Akhilleus le tuer ; car nous avons souvent juré , moi et Pallas Athènè , au milieu des dieux , que jamais nous n'éloignerions le jour fatal d'un Troien , même quand Troiè brûlerait tout entière dans le feu allumé par les fils des Akhaiens","labels":["Speech"]},"id":"5WGeQLMYDa","from_name":"speech","to_name":"text","type":"labels"},{"value":{"start":3,"end":118,"text":"oseidaôn , vois s'il te convient , dans ton esprit , de sauver Ainéias ou de laisser le Pèléide Akhilleus le tuer ;","labels":["Calme"]},"id":"qmyxx670Fv","from_name":"emotion","to_name":"text","type":"labels"},{"value":{"start":119,"end":337,"text":"car nous avons souvent juré , moi et Pallas Athènè , au milieu des dieux , que jamais nous n'éloignerions le jour fatal d'un Troien , même quand Troiè brûlerait tout entière dans le feu allumé par les fils des Akhaiens","labels":["Ardeur"]},"id":"PrWfUJ9j7f","from_name":"emotion","to_name":"text","type":"labels"}],"was_cancelled":false,"ground_truth":false,"created_at":"2021-11-08T10:59:55.302225Z","updated_at":"2021-11-08T11:00:24.795235Z","lead_time":2317.806,"prediction":{},"result_count":0,"task":30,"parent_prediction":null,"parent_annotation":null}],"predictions":[],"file_upload":"5abef0b2-20.csv","data":{"text":"— Poseidaôn , vois s'il te convient , dans ton esprit , de sauver Ainéias ou de laisser le Pèléide Akhilleus le tuer ; car nous avons souvent juré , moi et Pallas Athènè , au milieu des dieux , que jamais nous n'éloignerions le jour fatal d'un Troien , même quand Troiè brûlerait tout entière dans le feu allumé par les fils des Akhaiens ."},"meta":{},"created_at":"2021-11-03T14:40:05.275782Z","updated_at":"2021-11-08T11:00:24.777618Z","project":1},{"id":27,"annotations":[{"id":21,"completed_by":{"id":1,"email":"pauline.guignard@unil.ch","first_name":"","last_name":""},"result":[{"value":{"start":386,"end":395,"text":"Poseidaôn","labels":["Speaker"]},"meta":{"text":["22"]},"id":"o-3-gbN0dR","from_name":"speech","to_name":"text","type":"labels"}],"was_cancelled":false,"ground_truth":false,"created_at":"2021-11-08T10:57:10.376499Z","updated_at":"2021-11-08T10:59:19.001360Z","lead_time":2252.007,"prediction":{},"result_count":0,"task":27,"parent_prediction":null,"parent_annotation":null}],"predictions":[],"file_upload":"5abef0b2-20.csv","data":{"text":"Et Akhilleus , arrachant de la gaîne son épée aiguë , se rua avec un cri terrible . Et Ainéias saisit un lourd rocher , tel que deux hommes de maintenant ne pourraient le porter ; mais il le remuait aisément . Alors , Ainéias eût frappé Akhilleus , qui se ruait , soit au casque , soit au bouclier qui le préservait de la mort , et le Pèléide , avec l'épée , lui eût arraché l'âme , si Poseidaôn qui ébranle la terre ne s'en fût aperçu . Et aussitôt , il dit , au milieu des dieux immortels :"},"meta":{},"created_at":"2021-11-03T14:40:05.275565Z","updated_at":"2021-11-08T10:59:18.980591Z","project":1},{"id":28,"annotations":[{"id":22,"completed_by":{"id":1,"email":"pauline.guignard@unil.ch","first_name":"","last_name":""},"result":[{"value":{"start":2,"end":806,"text":"Hélas ! je gémis sur le magnanime Ainéias , qui va descendre chez Aidès , dompté par le Pèléide . L'archer Apollôn a persuadé l'insensé et ne le sauvera point . Mais , innocent qu'il est , pourquoi subirait-il les maux mérités par d'autres ? N'ahYpppHeNthYpppHeNil point toujours offert des présents agréables aux dieux qui habitent le large Ouranos ? Allons ! sauvons-le de la mort , de peur que le Kronide ne s'irrite si Akhilleus le tue . Sa destinée est de survivre , afin que la race de Dardanos ne périsse point , lui que le Kronide a le plus aimé parmi tous les enfants que lui ont donnés les femmes mortelles . Le Kroniôn est plein de haine pour la race de Priamos . La force d'Ainéias commandera sur les Troiens , et les fils de ses fils régneront , et ceux qui naîtront dans les temps à venir .","labels":["Speech"]},"id":"sMYjdMzNd3","from_name":"speech","to_name":"text","type":"labels"},{"value":{"start":2,"end":243,"text":"Hélas ! je gémis sur le magnanime Ainéias , qui va descendre chez Aidès , dompté par le Pèléide . L'archer Apollôn a persuadé l'insensé et ne le sauvera point . Mais , innocent qu'il est , pourquoi subirait-il les maux mérités par d'autres ?","labels":["Tristesse"]},"id":"_2REsZc7yz","from_name":"emotion","to_name":"text","type":"labels"},{"value":{"start":244,"end":441,"text":"N'ahYpppHeNthYpppHeNil point toujours offert des présents agréables aux dieux qui habitent le large Ouranos ? Allons ! sauvons-le de la mort , de peur que le Kronide ne s'irrite si Akhilleus le tue","labels":["Ardeur"]},"id":"YyNApdZ-dK","from_name":"emotion","to_name":"text","type":"labels"},{"value":{"start":444,"end":806,"text":"Sa destinée est de survivre , afin que la race de Dardanos ne périsse point , lui que le Kronide a le plus aimé parmi tous les enfants que lui ont donnés les femmes mortelles . Le Kroniôn est plein de haine pour la race de Priamos . La force d'Ainéias commandera sur les Troiens , et les fils de ses fils régneront , et ceux qui naîtront dans les temps à venir .","labels":["Peur"]},"id":"3iOx5gomOC","from_name":"emotion","to_name":"text","type":"labels"}],"was_cancelled":false,"ground_truth":false,"created_at":"2021-11-08T10:57:36.897473Z","updated_at":"2021-11-08T10:59:11.276579Z","lead_time":2244.286,"prediction":{},"result_count":0,"task":28,"parent_prediction":null,"parent_annotation":null}],"predictions":[],"file_upload":"5abef0b2-20.csv","data":{"text":"— Hélas ! je gémis sur le magnanime Ainéias , qui va descendre chez Aidès , dompté par le Pèléide . L'archer Apollôn a persuadé l'insensé et ne le sauvera point . Mais , innocent qu'il est , pourquoi subirait-il les maux mérités par d'autres ? N'ahYpppHeNthYpppHeNil point toujours offert des présents agréables aux dieux qui habitent le large Ouranos ? Allons ! sauvons-le de la mort , de peur que le Kronide ne s'irrite si Akhilleus le tue . Sa destinée est de survivre , afin que la race de Dardanos ne périsse point , lui que le Kronide a le plus aimé parmi tous les enfants que lui ont donnés les femmes mortelles . Le Kroniôn est plein de haine pour la race de Priamos . La force d'Ainéias commandera sur les Troiens , et les fils de ses fils régneront , et ceux qui naîtront dans les temps à venir ."},"meta":{},"created_at":"2021-11-03T14:40:05.275637Z","updated_at":"2021-11-08T10:59:11.260507Z","project":1},{"id":23,"annotations":[{"id":19,"completed_by":{"id":1,"email":"pauline.guignard@unil.ch","first_name":"","last_name":""},"result":[{"value":{"start":3,"end":10,"text":"Ainéias","labels":["Speaker"]},"meta":{"text":["20"]},"id":"XiecNUy8DB","from_name":"speech","to_name":"text","type":"labels"}],"was_cancelled":false,"ground_truth":false,"created_at":"2021-11-08T10:50:28.269562Z","updated_at":"2021-11-08T10:55:49.508587Z","lead_time":2042.515,"prediction":{},"result_count":0,"task":23,"parent_prediction":null,"parent_annotation":null}],"predictions":[],"file_upload":"5abef0b2-20.csv","data":{"text":"Et Ainéias lui répondit :"},"meta":{},"created_at":"2021-11-03T14:40:05.275266Z","updated_at":"2021-11-08T10:55:49.488873Z","project":1},{"id":24,"annotations":[{"id":20,"completed_by":{"id":1,"email":"pauline.guignard@unil.ch","first_name":"","last_name":""},"result":[{"value":{"start":2,"end":2783,"text":"N'espère point , par des paroles , m'épouvanter comme un enfant , car moi aussi je pourrais me répandre en outrages . L'un et l'autre nous connaissons notre race et nos parents , sachant tous deux la tradition des anciens hommes , bien que tu n'aies jamais vu mes parents , ni moi les tiens . On dit que tu es le fils de l'illustre Pèleus et que ta mère est la nymphe marine Thétis aux beaux cheveux . Moi , je me glorifie d'être le fils du magnanime Ankhisès , et ma mère est Aphroditè . Les uns ou les autres , aujourd'hui , pleureront leur fils bien-aimé ; car je ne pense point que des paroles enfantines nous éloignent du combat . Veux-tu bien connaître ma race , célèbre parmi la multitude des hommes ? Zeus qui amasse les nuées engendra d'abord Dardanos , et celui-ci bâtit Dardaniè . Et la sainte Ilios , citadelle des hommes , ne s'élevait point encore dans la plaine , et les peuples habitaient aux pieds de l'Ida où abondent les sources . Et Dardanos engendra le roi Érikhthonios , qui fut le plus riche des hommes . Dans ses marécages paissaient trois mille juments fières de leurs poulains . Et Boréas , sous la forme d'un cheval aux crins bleus , les aima et les couvrit comme elles paissaient , et elles firent douze poulines qui bondissaient dans les champs fertiles , courant sur la cime des épis sans les courber . Et quand elles bondissaient sur le large dos de la mer , elles couraient sur la cime des écumes blanches . Et Érikthonios engendra le roi des Troiens , Trôos . Et Trôos engendra trois fils irréprochables , Ilos , Assarakos et le divin Ganymèdès , qui fut le plus beau des hommes mortels , et que les dieux enlevèrent à cause de sa beauté , afin qu'il fût l'échanson de Zeus et qu'il habitât parmi les immortels . Et Ilos engendra l'illustre Laomédôn , et Laomédôn engendra Tithonos , Priamos , Lampos , Klytios et Hikétaôn , nourrisson d'Arès . Mais Assarakos engendra Kapys , qui engendra Ankhisès , et Ankhisès m'a engendré , comme Priamos a engendré le divin Hektôr . Je me glorifie de ce sang et de cette race . Zeus , comme il le veut , augmente ou diminue la vertu des hommes , étant le plus puissant . Mais , debout dans la mêlée , ne parlons point plus longtemps comme de petits enfants . Nous pourrions aisément amasser plus d'injures que n'en porterait une nef à cent avirons . La langue des hommes est rapide et abonde en discours qui se multiplient de part et d'autre , et tout ce que tu diras , tu pourras l'entendre . Faut-il que nous luttions d'injures et d'outrages , comme des femmes furieuses qui combattent sur une place publique à coups de mensonges et de vérités , car la colère les mène ? Les paroles ne me feront pas reculer avant que tu n'aies combattu . Agis donc promptement , et goûtons tous deux de nos lances d'airain .","labels":["Speech"]},"id":"--HmAr8vz3","from_name":"speech","to_name":"text","type":"labels"},{"value":{"start":2,"end":2783,"text":"N'espère point , par des paroles , m'épouvanter comme un enfant , car moi aussi je pourrais me répandre en outrages . L'un et l'autre nous connaissons notre race et nos parents , sachant tous deux la tradition des anciens hommes , bien que tu n'aies jamais vu mes parents , ni moi les tiens . On dit que tu es le fils de l'illustre Pèleus et que ta mère est la nymphe marine Thétis aux beaux cheveux . Moi , je me glorifie d'être le fils du magnanime Ankhisès , et ma mère est Aphroditè . Les uns ou les autres , aujourd'hui , pleureront leur fils bien-aimé ; car je ne pense point que des paroles enfantines nous éloignent du combat . Veux-tu bien connaître ma race , célèbre parmi la multitude des hommes ? Zeus qui amasse les nuées engendra d'abord Dardanos , et celui-ci bâtit Dardaniè . Et la sainte Ilios , citadelle des hommes , ne s'élevait point encore dans la plaine , et les peuples habitaient aux pieds de l'Ida où abondent les sources . Et Dardanos engendra le roi Érikhthonios , qui fut le plus riche des hommes . Dans ses marécages paissaient trois mille juments fières de leurs poulains . Et Boréas , sous la forme d'un cheval aux crins bleus , les aima et les couvrit comme elles paissaient , et elles firent douze poulines qui bondissaient dans les champs fertiles , courant sur la cime des épis sans les courber . Et quand elles bondissaient sur le large dos de la mer , elles couraient sur la cime des écumes blanches . Et Érikthonios engendra le roi des Troiens , Trôos . Et Trôos engendra trois fils irréprochables , Ilos , Assarakos et le divin Ganymèdès , qui fut le plus beau des hommes mortels , et que les dieux enlevèrent à cause de sa beauté , afin qu'il fût l'échanson de Zeus et qu'il habitât parmi les immortels . Et Ilos engendra l'illustre Laomédôn , et Laomédôn engendra Tithonos , Priamos , Lampos , Klytios et Hikétaôn , nourrisson d'Arès . Mais Assarakos engendra Kapys , qui engendra Ankhisès , et Ankhisès m'a engendré , comme Priamos a engendré le divin Hektôr . Je me glorifie de ce sang et de cette race . Zeus , comme il le veut , augmente ou diminue la vertu des hommes , étant le plus puissant . Mais , debout dans la mêlée , ne parlons point plus longtemps comme de petits enfants . Nous pourrions aisément amasser plus d'injures que n'en porterait une nef à cent avirons . La langue des hommes est rapide et abonde en discours qui se multiplient de part et d'autre , et tout ce que tu diras , tu pourras l'entendre . Faut-il que nous luttions d'injures et d'outrages , comme des femmes furieuses qui combattent sur une place publique à coups de mensonges et de vérités , car la colère les mène ? Les paroles ne me feront pas reculer avant que tu n'aies combattu . Agis donc promptement , et goûtons tous deux de nos lances d'airain .","labels":["Ardeur"]},"id":"--HmAr8vz3","from_name":"emotion","to_name":"text","type":"labels"},{"value":{"start":2467,"end":2645,"text":"Faut-il que nous luttions d'injures et d'outrages , comme des femmes furieuses qui combattent sur une place publique à coups de mensonges et de vérités , car la colère les mène ?","labels":["Dégoût"]},"id":"WHA_2KI8yU","from_name":"emotion","to_name":"text","type":"labels"},{"value":{"start":2,"end":119,"text":"N'espère point , par des paroles , m'épouvanter comme un enfant , car moi aussi je pourrais me répandre en outrages .","labels":["Colère"]},"id":"BXqyZz3dQ5","from_name":"emotion","to_name":"text","type":"labels"},{"value":{"start":120,"end":403,"text":"L'un et l'autre nous connaissons notre race et nos parents , sachant tous deux la tradition des anciens hommes , bien que tu n'aies jamais vu mes parents , ni moi les tiens . On dit que tu es le fils de l'illustre Pèleus et que ta mère est la nymphe marine Thétis aux beaux cheveux .","labels":["Calme"]},"id":"f5Jt05SGRu","from_name":"emotion","to_name":"text","type":"labels"},{"value":{"start":404,"end":637,"text":"Moi , je me glorifie d'être le fils du magnanime Ankhisès , et ma mère est Aphroditè . Les uns ou les autres , aujourd'hui , pleureront leur fils bien-aimé ; car je ne pense point que des paroles enfantines nous éloignent du combat .","labels":["Ardeur"]},"id":"sA24Q3GDXS","from_name":"emotion","to_name":"text","type":"labels"},{"value":{"start":639,"end":2005,"text":"eux-tu bien connaître ma race , célèbre parmi la multitude des hommes ? Zeus qui amasse les nuées engendra d'abord Dardanos , et celui-ci bâtit Dardaniè . Et la sainte Ilios , citadelle des hommes , ne s'élevait point encore dans la plaine , et les peuples habitaient aux pieds de l'Ida où abondent les sources . Et Dardanos engendra le roi Érikhthonios , qui fut le plus riche des hommes . Dans ses marécages paissaient trois mille juments fières de leurs poulains . Et Boréas , sous la forme d'un cheval aux crins bleus , les aima et les couvrit comme elles paissaient , et elles firent douze poulines qui bondissaient dans les champs fertiles , courant sur la cime des épis sans les courber . Et quand elles bondissaient sur le large dos de la mer , elles couraient sur la cime des écumes blanches . Et Érikthonios engendra le roi des Troiens , Trôos . Et Trôos engendra trois fils irréprochables , Ilos , Assarakos et le divin Ganymèdès , qui fut le plus beau des hommes mortels , et que les dieux enlevèrent à cause de sa beauté , afin qu'il fût l'échanson de Zeus et qu'il habitât parmi les immortels . Et Ilos engendra l'illustre Laomédôn , et Laomédôn engendra Tithonos , Priamos , Lampos , Klytios et Hikétaôn , nourrisson d'Arès . Mais Assarakos engendra Kapys , qui engendra Ankhisès , et Ankhisès m'a engendré , comme Priamos a engendré le divin Hektôr .","labels":["Calme"]},"id":"IOx3cpcCgD","from_name":"emotion","to_name":"text","type":"labels"},{"value":{"start":2006,"end":2143,"text":"Je me glorifie de ce sang et de cette race . Zeus , comme il le veut , augmente ou diminue la vertu des hommes , étant le plus puissant .","labels":["Ardeur"]},"id":"fAj0MqZWaf","from_name":"emotion","to_name":"text","type":"labels"},{"value":{"start":2144,"end":2466,"text":"Mais , debout dans la mêlée , ne parlons point plus longtemps comme de petits enfants . Nous pourrions aisément amasser plus d'injures que n'en porterait une nef à cent avirons . La langue des hommes est rapide et abonde en discours qui se multiplient de part et d'autre , et tout ce que tu diras , tu pourras l'entendre .","labels":["Ardeur"]},"id":"VfihEk1W8x","from_name":"emotion","to_name":"text","type":"labels"},{"value":{"start":1495,"end":1497,"text":"Et","labels":["Speech"]},"id":"jlUkeuVOHD","from_name":"speech","to_name":"text","type":"labels"}],"was_cancelled":false,"ground_truth":false,"created_at":"2021-11-08T10:50:51.866369Z","updated_at":"2021-11-08T10:55:30.022339Z","lead_time":2023.028,"prediction":{},"result_count":0,"task":24,"parent_prediction":null,"parent_annotation":null}],"predictions":[],"file_upload":"5abef0b2-20.csv","data":{"text":"— N'espère point , par des paroles , m'épouvanter comme un enfant , car moi aussi je pourrais me répandre en outrages . L'un et l'autre nous connaissons notre race et nos parents , sachant tous deux la tradition des anciens hommes , bien que tu n'aies jamais vu mes parents , ni moi les tiens . On dit que tu es le fils de l'illustre Pèleus et que ta mère est la nymphe marine Thétis aux beaux cheveux . Moi , je me glorifie d'être le fils du magnanime Ankhisès , et ma mère est Aphroditè . Les uns ou les autres , aujourd'hui , pleureront leur fils bien-aimé ; car je ne pense point que des paroles enfantines nous éloignent du combat . Veux-tu bien connaître ma race , célèbre parmi la multitude des hommes ? Zeus qui amasse les nuées engendra d'abord Dardanos , et celui-ci bâtit Dardaniè . Et la sainte Ilios , citadelle des hommes , ne s'élevait point encore dans la plaine , et les peuples habitaient aux pieds de l'Ida où abondent les sources . Et Dardanos engendra le roi Érikhthonios , qui fut le plus riche des hommes . Dans ses marécages paissaient trois mille juments fières de leurs poulains . Et Boréas , sous la forme d'un cheval aux crins bleus , les aima et les couvrit comme elles paissaient , et elles firent douze poulines qui bondissaient dans les champs fertiles , courant sur la cime des épis sans les courber . Et quand elles bondissaient sur le large dos de la mer , elles couraient sur la cime des écumes blanches . Et Érikthonios engendra le roi des Troiens , Trôos . Et Trôos engendra trois fils irréprochables , Ilos , Assarakos et le divin Ganymèdès , qui fut le plus beau des hommes mortels , et que les dieux enlevèrent à cause de sa beauté , afin qu'il fût l'échanson de Zeus et qu'il habitât parmi les immortels . Et Ilos engendra l'illustre Laomédôn , et Laomédôn engendra Tithonos , Priamos , Lampos , Klytios et Hikétaôn , nourrisson d'Arès . Mais Assarakos engendra Kapys , qui engendra Ankhisès , et Ankhisès m'a engendré , comme Priamos a engendré le divin Hektôr . Je me glorifie de ce sang et de cette race . Zeus , comme il le veut , augmente ou diminue la vertu des hommes , étant le plus puissant . Mais , debout dans la mêlée , ne parlons point plus longtemps comme de petits enfants . Nous pourrions aisément amasser plus d'injures que n'en porterait une nef à cent avirons . La langue des hommes est rapide et abonde en discours qui se multiplient de part et d'autre , et tout ce que tu diras , tu pourras l'entendre . Faut-il que nous luttions d'injures et d'outrages , comme des femmes furieuses qui combattent sur une place publique à coups de mensonges et de vérités , car la colère les mène ? Les paroles ne me feront pas reculer avant que tu n'aies combattu . Agis donc promptement , et goûtons tous deux de nos lances d'airain ."},"meta":{},"created_at":"2021-11-03T14:40:05.275356Z","updated_at":"2021-11-08T10:55:30.001680Z","project":1},{"id":21,"annotations":[{"id":17,"completed_by":{"id":1,"email":"pauline.guignard@unil.ch","first_name":"","last_name":""},"result":[{"value":{"start":1018,"end":1027,"text":"Akhilleus","labels":["Speaker"]},"meta":{"text":["18"]},"id":"RDCkXCbrNQ","from_name":"speech","to_name":"text","type":"labels"}],"was_cancelled":false,"ground_truth":false,"created_at":"2021-11-08T10:48:23.780013Z","updated_at":"2021-11-08T10:50:20.722043Z","lead_time":1713.727,"prediction":{},"result_count":0,"task":21,"parent_prediction":null,"parent_annotation":null}],"predictions":[],"file_upload":"5abef0b2-20.csv","data":{"text":"Et toute la plaine était emplie et resplendissait de l'airain des chevaux et des hommes , et la terre retentissait sous les pieds des deux armées . Et , au milieu de tous , s'avançaient , prêts à combattre , Ainéias Ankhisiade et le divin Akhilleus . Et Ainéias marchait , menaçant , secouant son casque solide et portant devant sa poitrine son bouclier terrible , et brandissant sa lance d'airain . Et le Pèléide se ruait sur lui , comme un lion dangereux que toute une foule désire tuer . Et il avance , méprisant ses ennemis ; mais , dès qu'un des jeunes hommes l'a blessé , il ouvre la gueule , et l'écume jaillit à travers ses dents , et son coeur rugit dans sa poitrine , et il se bat les deux flancs et les reins de sa queue , s'animant au combat . Puis , les yeux flambants , il bondit avec force droit sur les hommes , afin de les déchirer ou d'en être tué lui-même . Ainsi sa force et son orgueil poussaient Akhilleus contre le magnanime Ainéias . Et , quand ils se furent rencontrés , le premier , le divin Akhilleus aux pieds rapides parla ainsi :"},"meta":{},"created_at":"2021-11-03T14:40:05.275132Z","updated_at":"2021-11-08T10:50:20.700923Z","project":1},{"id":22,"annotations":[{"id":18,"completed_by":{"id":1,"email":"pauline.guignard@unil.ch","first_name":"","last_name":""},"result":[{"value":{"start":2,"end":1089,"text":"Ainéias , pourquoi sors-tu de la foule des guerriers ? Désires-tu me combattre dans l'espoir de commander aux Troiens dompteurs de chevaux , avec la puissance de Priamos ? Mais si tu me tuais , Priamos ne te donnerait point cette récompense , car il a des fils , et lui-même n'est pas insensé . Les Troiens , si tu me tuais , t'auraienthYpppHeNils promis un domaine excellent où tu jouirais de tes vignes et de tes moissons ? Mais je pense que tu le mériteras peu aisément , car déjà je t'ai vu fuir devant ma lance . Ne te souviens-tu pas que je t'ai précipité déjà des cimes Idaiennes , loin de tes boeufs , et que , sans te retourner dans ta fuite , tu te réfugias à Lyrnessos ? Mais , l'ayant renversée , avec l'aide de Zeus et d'Athènè , j'en emmenai toutes les femmes qui pleuraient leur liberté . Zeus et les autres dieux te sauvèrent . Cependant , je ne pense pas qu'ils te sauvent aujourd'hui comme tu l'espères . Je te conseille donc de ne pas me tenir tête , et de rentrer dans la foule avant qu'il te soit arrivé malheur . L'insensé ne connaît son mal qu'après l'avoir subi .","labels":["Speech"]},"id":"oIkkeuPw4C","from_name":"speech","to_name":"text","type":"labels"},{"value":{"start":3,"end":173,"text":"inéias , pourquoi sors-tu de la foule des guerriers ? Désires-tu me combattre dans l'espoir de commander aux Troiens dompteurs de chevaux , avec la puissance de Priamos ?","labels":["Colère"]},"id":"obD7R5_rGN","from_name":"emotion","to_name":"text","type":"labels"},{"value":{"start":174,"end":1089,"text":"Mais si tu me tuais , Priamos ne te donnerait point cette récompense , car il a des fils , et lui-même n'est pas insensé . Les Troiens , si tu me tuais , t'auraienthYpppHeNils promis un domaine excellent où tu jouirais de tes vignes et de tes moissons ? Mais je pense que tu le mériteras peu aisément , car déjà je t'ai vu fuir devant ma lance . Ne te souviens-tu pas que je t'ai précipité déjà des cimes Idaiennes , loin de tes boeufs , et que , sans te retourner dans ta fuite , tu te réfugias à Lyrnessos ? Mais , l'ayant renversée , avec l'aide de Zeus et d'Athènè , j'en emmenai toutes les femmes qui pleuraient leur liberté . Zeus et les autres dieux te sauvèrent . Cependant , je ne pense pas qu'ils te sauvent aujourd'hui comme tu l'espères . Je te conseille donc de ne pas me tenir tête , et de rentrer dans la foule avant qu'il te soit arrivé malheur . L'insensé ne connaît son mal qu'après l'avoir subi .","labels":["Dégoût"]},"id":"eFLyFFd6LS","from_name":"emotion","to_name":"text","type":"labels"}],"was_cancelled":false,"ground_truth":false,"created_at":"2021-11-08T10:48:49.231749Z","updated_at":"2021-11-08T10:50:09.960956Z","lead_time":1702.962,"prediction":{},"result_count":0,"task":22,"parent_prediction":null,"parent_annotation":null}],"predictions":[],"file_upload":"5abef0b2-20.csv","data":{"text":"— Ainéias , pourquoi sors-tu de la foule des guerriers ? Désires-tu me combattre dans l'espoir de commander aux Troiens dompteurs de chevaux , avec la puissance de Priamos ? Mais si tu me tuais , Priamos ne te donnerait point cette récompense , car il a des fils , et lui-même n'est pas insensé . Les Troiens , si tu me tuais , t'auraienthYpppHeNils promis un domaine excellent où tu jouirais de tes vignes et de tes moissons ? Mais je pense que tu le mériteras peu aisément , car déjà je t'ai vu fuir devant ma lance . Ne te souviens-tu pas que je t'ai précipité déjà des cimes Idaiennes , loin de tes boeufs , et que , sans te retourner dans ta fuite , tu te réfugias à Lyrnessos ? Mais , l'ayant renversée , avec l'aide de Zeus et d'Athènè , j'en emmenai toutes les femmes qui pleuraient leur liberté . Zeus et les autres dieux te sauvèrent . Cependant , je ne pense pas qu'ils te sauvent aujourd'hui comme tu l'espères . Je te conseille donc de ne pas me tenir tête , et de rentrer dans la foule avant qu'il te soit arrivé malheur . L'insensé ne connaît son mal qu'après l'avoir subi ."},"meta":{},"created_at":"2021-11-03T14:40:05.275203Z","updated_at":"2021-11-08T10:50:09.939247Z","project":1},{"id":18,"annotations":[{"id":15,"completed_by":{"id":1,"email":"pauline.guignard@unil.ch","first_name":"","last_name":""},"result":[{"value":{"start":3,"end":12,"text":"Poseidaôn","labels":["Speaker"]},"meta":{"text":["16"]},"id":"eJb91oEG3w","from_name":"speech","to_name":"text","type":"labels"}],"was_cancelled":false,"ground_truth":false,"created_at":"2021-11-08T10:45:45.904590Z","updated_at":"2021-11-08T10:47:02.623916Z","lead_time":1515.631,"prediction":{},"result_count":0,"task":18,"parent_prediction":null,"parent_annotation":null}],"predictions":[],"file_upload":"5abef0b2-20.csv","data":{"text":"Et Poseidaôn qui ébranle la terre lui répondit :"},"meta":{},"created_at":"2021-11-03T14:40:05.274928Z","updated_at":"2021-11-08T10:47:02.602746Z","project":1},{"id":19,"annotations":[{"id":16,"completed_by":{"id":1,"email":"pauline.guignard@unil.ch","first_name":"","last_name":""},"result":[{"value":{"start":2,"end":577,"text":"Hèrè , ne t'irrite point hors de raison , car cela ne te convient pas . Je ne veux point que nous combattions les autres dieux , étant de beaucoup plus forts qu'eux . Asseyons-nous hors de la mêlée , sur la colline , et laissons aux hommes le souci de la guerre . Si Arès commence le combat , ou Phoibos Apollôn , et s'ils arrêtent Akhilleus et l'empêchent d'agir , alors une lutte terrible s'engagera entre eux et nous , et je pense que , promptement vaincus , ils retourneront dans l'Ouranos , vers l'assemblée des immortels , rudement domptés par nos mains irrésistibles .","labels":["Speech"]},"id":"eXGreyhSRU","from_name":"speech","to_name":"text","type":"labels"},{"value":{"start":2,"end":577,"text":"Hèrè , ne t'irrite point hors de raison , car cela ne te convient pas . Je ne veux point que nous combattions les autres dieux , étant de beaucoup plus forts qu'eux . Asseyons-nous hors de la mêlée , sur la colline , et laissons aux hommes le souci de la guerre . Si Arès commence le combat , ou Phoibos Apollôn , et s'ils arrêtent Akhilleus et l'empêchent d'agir , alors une lutte terrible s'engagera entre eux et nous , et je pense que , promptement vaincus , ils retourneront dans l'Ouranos , vers l'assemblée des immortels , rudement domptés par nos mains irrésistibles .","labels":["Calme"]},"id":"eXGreyhSRU","from_name":"emotion","to_name":"text","type":"labels"}],"was_cancelled":false,"ground_truth":false,"created_at":"2021-11-08T10:46:15.846628Z","updated_at":"2021-11-08T10:46:49.784806Z","lead_time":1502.787,"prediction":{},"result_count":0,"task":19,"parent_prediction":null,"parent_annotation":null}],"predictions":[],"file_upload":"5abef0b2-20.csv","data":{"text":"— Hèrè , ne t'irrite point hors de raison , car cela ne te convient pas . Je ne veux point que nous combattions les autres dieux , étant de beaucoup plus forts qu'eux . Asseyons-nous hors de la mêlée , sur la colline , et laissons aux hommes le souci de la guerre . Si Arès commence le combat , ou Phoibos Apollôn , et s'ils arrêtent Akhilleus et l'empêchent d'agir , alors une lutte terrible s'engagera entre eux et nous , et je pense que , promptement vaincus , ils retourneront dans l'Ouranos , vers l'assemblée des immortels , rudement domptés par nos mains irrésistibles ."},"meta":{},"created_at":"2021-11-03T14:40:05.274995Z","updated_at":"2021-11-08T10:46:49.764436Z","project":1},{"id":16,"annotations":[{"id":13,"completed_by":{"id":1,"email":"pauline.guignard@unil.ch","first_name":"","last_name":""},"result":[{"value":{"start":215,"end":235,"text":"Hèrè aux bras blancs","labels":["Speaker"]},"meta":{"text":["14"]},"id":"5R5R8_eIjD","from_name":"speech","to_name":"text","type":"labels"}],"was_cancelled":false,"ground_truth":false,"created_at":"2021-11-08T10:43:11.143432Z","updated_at":"2021-11-08T10:45:33.117189Z","lead_time":1426.124,"prediction":{},"result_count":0,"task":16,"parent_prediction":null,"parent_annotation":null}],"predictions":[],"file_upload":"5abef0b2-20.csv","data":{"text":"Ayant ainsi parlé , il inspira une grande force au prince des peuples , qui courut en avant , armé de l'airain splendide . Mais le fils d'Ankhisès , courant au Pèléide à travers la mêlée des hommes , fut aperçu par Hèrè aux bras blancs , et celle-ci , réunissant les dieux , leur dit :"},"meta":{},"created_at":"2021-11-03T14:40:05.274787Z","updated_at":"2021-11-08T10:45:33.095550Z","project":1},{"id":17,"annotations":[{"id":14,"completed_by":{"id":1,"email":"pauline.guignard@unil.ch","first_name":"","last_name":""},"result":[{"value":{"start":2,"end":762,"text":"Poseidaôn et Athènè , songez à ceci dans votre esprit : Ainéias , armé de l'airain splendide , court au Pèléide , et Phoibos Apollôn l'y excite . Allons , écartons ce dieu , et qu'un de nous assiste Akhilleus et lui donne la force et l'intrépidité . Qu'il sache que les plus puissants des immortels l'aiment , et que ce sont les plus faibles qui viennent en aide aux Troiens dans le combat . Tous , nous sommes descendus de l'Ouranos dans la mêlée , afin de le préserver des Troiens , en ce jour ; et il subira ensuite ce que la destinée lui a filé avec le lin , depuis que sa mère l'a enfanté . Si Akhilleus , dans ce combat , ne ressent pas l'inspiration des dieux , il redoutera la rencontre d'un immortel , car l'apparition des dieux épouvante les hommes .","labels":["Speech"]},"id":"7Ekd3KEeqK","from_name":"speech","to_name":"text","type":"labels"},{"value":{"start":58,"end":145,"text":"Ainéias , armé de l'airain splendide , court au Pèléide , et Phoibos Apollôn l'y excite","labels":["Dégoût"]},"id":"A2HgX19JrN","from_name":"emotion","to_name":"text","type":"labels"},{"value":{"start":157,"end":173,"text":"écartons ce dieu","labels":["Colère"]},"id":"4DpuDbEyNV","from_name":"emotion","to_name":"text","type":"labels"},{"value":{"start":176,"end":595,"text":"et qu'un de nous assiste Akhilleus et lui donne la force et l'intrépidité . Qu'il sache que les plus puissants des immortels l'aiment , et que ce sont les plus faibles qui viennent en aide aux Troiens dans le combat . Tous , nous sommes descendus de l'Ouranos dans la mêlée , afin de le préserver des Troiens , en ce jour ; et il subira ensuite ce que la destinée lui a filé avec le lin , depuis que sa mère l'a enfanté","labels":["Ardeur"]},"id":"1rvawKfPwX","from_name":"emotion","to_name":"text","type":"labels"},{"value":{"start":598,"end":762,"text":"Si Akhilleus , dans ce combat , ne ressent pas l'inspiration des dieux , il redoutera la rencontre d'un immortel , car l'apparition des dieux épouvante les hommes .","labels":["Dégoût"]},"id":"xF7_slUmdh","from_name":"emotion","to_name":"text","type":"labels"}],"was_cancelled":false,"ground_truth":false,"created_at":"2021-11-08T10:43:59.114490Z","updated_at":"2021-11-08T10:45:23.286972Z","lead_time":1416.29,"prediction":{},"result_count":0,"task":17,"parent_prediction":null,"parent_annotation":null}],"predictions":[],"file_upload":"5abef0b2-20.csv","data":{"text":"— Poseidaôn et Athènè , songez à ceci dans votre esprit : Ainéias , armé de l'airain splendide , court au Pèléide , et Phoibos Apollôn l'y excite . Allons , écartons ce dieu , et qu'un de nous assiste Akhilleus et lui donne la force et l'intrépidité . Qu'il sache que les plus puissants des immortels l'aiment , et que ce sont les plus faibles qui viennent en aide aux Troiens dans le combat . Tous , nous sommes descendus de l'Ouranos dans la mêlée , afin de le préserver des Troiens , en ce jour ; et il subira ensuite ce que la destinée lui a filé avec le lin , depuis que sa mère l'a enfanté . Si Akhilleus , dans ce combat , ne ressent pas l'inspiration des dieux , il redoutera la rencontre d'un immortel , car l'apparition des dieux épouvante les hommes ."},"meta":{},"created_at":"2021-11-03T14:40:05.274865Z","updated_at":"2021-11-08T10:45:23.266567Z","project":1},{"id":12,"annotations":[{"id":9,"completed_by":{"id":1,"email":"pauline.guignard@unil.ch","first_name":"","last_name":""},"result":[{"value":{"start":3,"end":10,"text":"Ainéias","labels":["Speaker"]},"meta":{"text":["10"]},"id":"_PYY2Ra3bZ","from_name":"speech","to_name":"text","type":"labels"}],"was_cancelled":false,"ground_truth":false,"created_at":"2021-11-08T10:38:56.456785Z","updated_at":"2021-11-08T10:41:08.096033Z","lead_time":1161.101,"prediction":{},"result_count":0,"task":12,"parent_prediction":null,"parent_annotation":null}],"predictions":[],"file_upload":"5abef0b2-20.csv","data":{"text":"Et Ainéias , lui répondant , parla ainsi :"},"meta":{},"created_at":"2021-11-03T14:40:05.274523Z","updated_at":"2021-11-08T10:41:08.074450Z","project":1},{"id":13,"annotations":[{"id":10,"completed_by":{"id":1,"email":"pauline.guignard@unil.ch","first_name":"","last_name":""},"result":[{"value":{"start":2,"end":845,"text":"Priamide , pourquoi me pousses-tu à combattre l'orgueilleux Pèléiôn ? Je ne tiendrais pas tête pour la première fois au rapide Akhilleus . Déjà , autrefois , de sa lance , il m'a chassé de l'Ida , quand , ravissant nos boeufs , il détruisit Lyrnessos et Pèdasos ; mais Zeus me sauva , en donnant la force et la rapidité à mes genoux . Certes , je serais tombé sous les mains d'Akhilleus et d'Athènè qui marchait devant lui et l'excitait à tuer les Léléges et les Troiens , à l'aide de sa lance d'airain . Aucun guerrier ne peut lutter contre Akhilleus . Un des dieux est toujours auprès de lui qui le préserve . Ses traits vont droit au but , et ne s'arrêtent qu'après s'être enfoncés dans le corps de l'homme . Si un dieu rendait le combat égal entre nous , il ne me dompterait pas aisément , bien qu'il se vante d'être tout entier d'airain .","labels":["Speech"]},"id":"WXqS7YFLiq","from_name":"speech","to_name":"text","type":"labels"},{"value":{"start":2,"end":845,"text":"Priamide , pourquoi me pousses-tu à combattre l'orgueilleux Pèléiôn ? Je ne tiendrais pas tête pour la première fois au rapide Akhilleus . Déjà , autrefois , de sa lance , il m'a chassé de l'Ida , quand , ravissant nos boeufs , il détruisit Lyrnessos et Pèdasos ; mais Zeus me sauva , en donnant la force et la rapidité à mes genoux . Certes , je serais tombé sous les mains d'Akhilleus et d'Athènè qui marchait devant lui et l'excitait à tuer les Léléges et les Troiens , à l'aide de sa lance d'airain . Aucun guerrier ne peut lutter contre Akhilleus . Un des dieux est toujours auprès de lui qui le préserve . Ses traits vont droit au but , et ne s'arrêtent qu'après s'être enfoncés dans le corps de l'homme . Si un dieu rendait le combat égal entre nous , il ne me dompterait pas aisément , bien qu'il se vante d'être tout entier d'airain .","labels":["Ardeur"]},"id":"WXqS7YFLiq","from_name":"emotion","to_name":"text","type":"labels"},{"value":{"start":3,"end":845,"text":"riamide , pourquoi me pousses-tu à combattre l'orgueilleux Pèléiôn ? Je ne tiendrais pas tête pour la première fois au rapide Akhilleus . Déjà , autrefois , de sa lance , il m'a chassé de l'Ida , quand , ravissant nos boeufs , il détruisit Lyrnessos et Pèdasos ; mais Zeus me sauva , en donnant la force et la rapidité à mes genoux . Certes , je serais tombé sous les mains d'Akhilleus et d'Athènè qui marchait devant lui et l'excitait à tuer les Léléges et les Troiens , à l'aide de sa lance d'airain . Aucun guerrier ne peut lutter contre Akhilleus . Un des dieux est toujours auprès de lui qui le préserve . Ses traits vont droit au but , et ne s'arrêtent qu'après s'être enfoncés dans le corps de l'homme . Si un dieu rendait le combat égal entre nous , il ne me dompterait pas aisément , bien qu'il se vante d'être tout entier d'airain .","labels":["Ardeur"]},"id":"y-yRGymJ22","from_name":"emotion","to_name":"text","type":"labels"},{"value":{"start":714,"end":843,"text":"Si un dieu rendait le combat égal entre nous , il ne me dompterait pas aisément , bien qu'il se vante d'être tout entier d'airain","labels":["Dégoût"]},"id":"exGzBxn93s","from_name":"emotion","to_name":"text","type":"labels"}],"was_cancelled":false,"ground_truth":false,"created_at":"2021-11-08T10:40:05.848843Z","updated_at":"2021-11-08T10:40:55.267282Z","lead_time":1148.272,"prediction":{},"result_count":0,"task":13,"parent_prediction":null,"parent_annotation":null}],"predictions":[],"file_upload":"5abef0b2-20.csv","data":{"text":"— Priamide , pourquoi me pousses-tu à combattre l'orgueilleux Pèléiôn ? Je ne tiendrais pas tête pour la première fois au rapide Akhilleus . Déjà , autrefois , de sa lance , il m'a chassé de l'Ida , quand , ravissant nos boeufs , il détruisit Lyrnessos et Pèdasos ; mais Zeus me sauva , en donnant la force et la rapidité à mes genoux . Certes , je serais tombé sous les mains d'Akhilleus et d'Athènè qui marchait devant lui et l'excitait à tuer les Léléges et les Troiens , à l'aide de sa lance d'airain . Aucun guerrier ne peut lutter contre Akhilleus . Un des dieux est toujours auprès de lui qui le préserve . Ses traits vont droit au but , et ne s'arrêtent qu'après s'être enfoncés dans le corps de l'homme . Si un dieu rendait le combat égal entre nous , il ne me dompterait pas aisément , bien qu'il se vante d'être tout entier d'airain ."},"meta":{},"created_at":"2021-11-03T14:40:05.274593Z","updated_at":"2021-11-08T10:40:55.246021Z","project":1},{"id":10,"annotations":[{"id":7,"completed_by":{"id":1,"email":"pauline.guignard@unil.ch","first_name":"","last_name":""},"result":[{"value":{"start":137,"end":144,"text":"Apollôn","labels":["Speaker"]},"meta":{"text":["8"]},"id":"G3e9eRzbnY","from_name":"speech","to_name":"text","type":"labels"}],"was_cancelled":false,"ground_truth":false,"created_at":"2021-11-08T10:37:48.488792Z","updated_at":"2021-11-08T10:38:43.329012Z","lead_time":1016.316,"prediction":{},"result_count":0,"task":10,"parent_prediction":null,"parent_annotation":null}],"predictions":[],"file_upload":"5abef0b2-20.csv","data":{"text":"Mais Akhilleus ne désirait rencontrer que le Priamide Hektôr dans la mêlée , et il ne songeait qu'à boire le sang du brave Priamide . Et Apollôn qui soulève les peuples excita Ainéias contre le Pèléide , et il le remplit d'une grande force , et semblable par la voix à Lykaôn , fils de Priamos , le fils de Zeus dit à Ainéias :"},"meta":{},"created_at":"2021-11-03T14:40:05.274393Z","updated_at":"2021-11-08T10:38:43.301216Z","project":1},{"id":4,"annotations":[{"id":5,"completed_by":{"id":1,"email":"pauline.guignard@unil.ch","first_name":"","last_name":""},"result":[{"value":{"start":3,"end":7,"text":"Zeus","labels":["Speaker"]},"meta":{"text":["6"]},"id":"021WBgsib4","from_name":"speech","to_name":"text","type":"labels"}],"was_cancelled":false,"ground_truth":false,"created_at":"2021-11-08T10:33:34.478622Z","updated_at":"2021-11-08T10:35:40.137935Z","lead_time":833.143,"prediction":{},"result_count":0,"task":4,"parent_prediction":null,"parent_annotation":null}],"predictions":[],"file_upload":"5abef0b2-20.csv","data":{"text":"Et Zeus qui amasse les nuées , lui répondant , parla ainsi :"},"meta":{},"created_at":"2021-11-03T14:40:05.273966Z","updated_at":"2021-11-08T10:35:40.116486Z","project":1},{"id":5,"annotations":[{"id":6,"completed_by":{"id":1,"email":"pauline.guignard@unil.ch","first_name":"","last_name":""},"result":[{"value":{"start":2,"end":619,"text":"Tu as dit , Poseidaôn , dans quel dessein je vous ai tous réunis , car ces peuples périssables m'occupent en effet . Assis au faîte de l'Olympos , je me réjouirai en les regardant combattre , mais vous , allez tous vers les Troiens et les Akhaiens . Secourez les uns ou les autres , selon que votre coeur vous y poussera ; car si Akhilleus combat seul et librement les Troiens , jamais ils ne soutiendront la rencontre du rapide Pèléiôn . Déjà , son aspect seul les a épouvantés ; et , maintenant qu'il est plein de fureur à cause de son compagnon , je crains qu'il renverse les murailles d'Ilios , malgré le destin .","labels":["Speech"]},"id":"nBw3bR9_Od","from_name":"speech","to_name":"text","type":"labels"},{"value":{"start":2,"end":619,"text":"Tu as dit , Poseidaôn , dans quel dessein je vous ai tous réunis , car ces peuples périssables m'occupent en effet . Assis au faîte de l'Olympos , je me réjouirai en les regardant combattre , mais vous , allez tous vers les Troiens et les Akhaiens . Secourez les uns ou les autres , selon que votre coeur vous y poussera ; car si Akhilleus combat seul et librement les Troiens , jamais ils ne soutiendront la rencontre du rapide Pèléiôn . Déjà , son aspect seul les a épouvantés ; et , maintenant qu'il est plein de fureur à cause de son compagnon , je crains qu'il renverse les murailles d'Ilios , malgré le destin .","labels":["Plaisir"]},"id":"nBw3bR9_Od","from_name":"emotion","to_name":"text","type":"labels"},{"value":{"start":149,"end":191,"text":"je me réjouirai en les regardant combattre","labels":["Speech"]},"id":"9giAZZwevw","from_name":"speech","to_name":"text","type":"labels"}],"was_cancelled":false,"ground_truth":false,"created_at":"2021-11-08T10:33:56.307743Z","updated_at":"2021-11-08T10:35:25.928338Z","lead_time":818.933,"prediction":{},"result_count":0,"task":5,"parent_prediction":null,"parent_annotation":null}],"predictions":[],"file_upload":"5abef0b2-20.csv","data":{"text":"— Tu as dit , Poseidaôn , dans quel dessein je vous ai tous réunis , car ces peuples périssables m'occupent en effet . Assis au faîte de l'Olympos , je me réjouirai en les regardant combattre , mais vous , allez tous vers les Troiens et les Akhaiens . Secourez les uns ou les autres , selon que votre coeur vous y poussera ; car si Akhilleus combat seul et librement les Troiens , jamais ils ne soutiendront la rencontre du rapide Pèléiôn . Déjà , son aspect seul les a épouvantés ; et , maintenant qu'il est plein de fureur à cause de son compagnon , je crains qu'il renverse les murailles d'Ilios , malgré le destin ."},"meta":{},"created_at":"2021-11-03T14:40:05.274042Z","updated_at":"2021-11-08T10:35:25.907791Z","project":1},{"id":2,"annotations":[{"id":3,"completed_by":{"id":1,"email":"pauline.guignard@unil.ch","first_name":"","last_name":""},"result":[{"value":{"start":536,"end":545,"text":"Poseidaôn","labels":["Speaker"]},"meta":{"text":["4"]},"id":"vxj2xB_JZT","from_name":"speech","to_name":"text","type":"labels"}],"was_cancelled":false,"ground_truth":false,"created_at":"2021-11-08T10:32:37.789031Z","updated_at":"2021-11-08T10:33:16.587710Z","lead_time":689.593,"prediction":{},"result_count":0,"task":2,"parent_prediction":null,"parent_annotation":null}],"predictions":[],"file_upload":"5abef0b2-20.csv","data":{"text":"Et Zeus ordonna à Thémis de convoquer les dieux à l'agora , de toutes les cimes de l'Olympos . Et celle-ci , volant çà et là , leur commanda de se rendre à la demeure de Zeus . Et aucun des fleuves n'y manqua , sauf Okéanos ; ni aucune des nymphes qui habitent les belles forêts , et les sources des fleuves et les prairies herbues . Et tous les dieux vinrent s'asseoir , dans la demeure de Zeus qui amasse les nuées , sous les portiques brillants que Hèphaistos avait habilement construits pour le père Zeus . Et ils vinrent tous ; et Poseidaôn , ayant entendu la déesse , vint aussi de la mer ; et il s'assit au milieu d'eux , et il interrogea la pensée de Zeus :"},"meta":{},"created_at":"2021-11-03T14:40:05.273833Z","updated_at":"2021-11-08T10:33:16.566082Z","project":1},{"id":3,"annotations":[{"id":4,"completed_by":{"id":1,"email":"pauline.guignard@unil.ch","first_name":"","last_name":""},"result":[{"value":{"start":2,"end":192,"text":"Pourquoi , ô foudroyant , convoques-tu de nouveau les dieux à l'agora ? Serait-ce pour délibérer sur les Troiens et les Akhaiens ? Bientôt , en effet , ils vont engager la bataille ardente .","labels":["Speech"]},"id":"C8ir2LqrJP","from_name":"speech","to_name":"text","type":"labels"},{"value":{"start":2,"end":192,"text":"Pourquoi , ô foudroyant , convoques-tu de nouveau les dieux à l'agora ? Serait-ce pour délibérer sur les Troiens et les Akhaiens ? Bientôt , en effet , ils vont engager la bataille ardente .","labels":["Ardeur"]},"id":"Wr9qJWWADR","from_name":"emotion","to_name":"text","type":"labels"}],"was_cancelled":false,"ground_truth":false,"created_at":"2021-11-08T10:32:46.058731Z","updated_at":"2021-11-08T10:33:01.029561Z","lead_time":674.032,"prediction":{},"result_count":0,"task":3,"parent_prediction":null,"parent_annotation":null}],"predictions":[],"file_upload":"5abef0b2-20.csv","data":{"text":"— Pourquoi , ô foudroyant , convoques-tu de nouveau les dieux à l'agora ? Serait-ce pour délibérer sur les Troiens et les Akhaiens ? Bientôt , en effet , ils vont engager la bataille ardente ."},"meta":{},"created_at":"2021-11-03T14:40:05.273902Z","updated_at":"2021-11-08T10:33:01.005562Z","project":1},{"id":34,"annotations":[{"id":28,"completed_by":{"id":1,"email":"pauline.guignard@unil.ch","first_name":"","last_name":""},"result":[{"value":{"start":2,"end":443,"text":"Ô dieux ! certes , voici un grand prodige . Ma lance gît sur la terre , devant moi , et je ne vois plus le guerrier contre qui je l'ai jetée et que je voulais tuer ! Certes , Ainéias est cher aux dieux immortels . Je pensais qu'il s'en vantait faussement . Qu'il vive ! Il n'aura plus le désir de me braver , maintenant qu'il a évité la mort . Mais , allons ! j'exhorterai les Danaens belliqueux et j'éprouverai la force des autres Troiens .","labels":["Speech"]},"id":"oiTnmH5K3S","from_name":"speech","to_name":"text","type":"labels"},{"value":{"start":346,"end":441,"text":"Mais , allons ! j'exhorterai les Danaens belliqueux et j'éprouverai la force des autres Troiens","labels":["Colère"]},"id":"breu3XL6u1","from_name":"emotion","to_name":"text","type":"labels"},{"value":{"start":2,"end":213,"text":"Ô dieux ! certes , voici un grand prodige . Ma lance gît sur la terre , devant moi , et je ne vois plus le guerrier contre qui je l'ai jetée et que je voulais tuer ! Certes , Ainéias est cher aux dieux immortels","labels":["Peur"]},"id":"MLfjXqXUy7","from_name":"emotion","to_name":"text","type":"labels"},{"value":{"start":216,"end":256,"text":"Je pensais qu'il s'en vantait faussement","labels":["Dégoût"]},"id":"TeCHSUchyi","from_name":"emotion","to_name":"text","type":"labels"},{"value":{"start":259,"end":345,"text":"Qu'il vive ! Il n'aura plus le désir de me braver , maintenant qu'il a évité la mort .","labels":["Ardeur"]},"id":"WnsEAOOcOc","from_name":"emotion","to_name":"text","type":"labels"}],"was_cancelled":false,"ground_truth":false,"created_at":"2021-11-08T11:03:44.093644Z","updated_at":"2021-11-08T11:03:44.093693Z","lead_time":84.152,"prediction":{},"result_count":0,"task":34,"parent_prediction":null,"parent_annotation":null}],"predictions":[],"file_upload":"5abef0b2-20.csv","data":{"text":"— Ô dieux ! certes , voici un grand prodige . Ma lance gît sur la terre , devant moi , et je ne vois plus le guerrier contre qui je l'ai jetée et que je voulais tuer ! Certes , Ainéias est cher aux dieux immortels . Je pensais qu'il s'en vantait faussement . Qu'il vive ! Il n'aura plus le désir de me braver , maintenant qu'il a évité la mort . Mais , allons ! j'exhorterai les Danaens belliqueux et j'éprouverai la force des autres Troiens ."},"meta":{},"created_at":"2021-11-03T14:40:05.276067Z","updated_at":"2021-11-03T14:40:05.276084Z","project":1},{"id":29,"annotations":[{"id":23,"completed_by":{"id":1,"email":"pauline.guignard@unil.ch","first_name":"","last_name":""},"result":[{"value":{"start":16,"end":20,"text":"Hèrè","labels":["Speaker"]},"id":"Sn6ZfkBMCB","from_name":"speech","to_name":"text","type":"labels"}],"was_cancelled":false,"ground_truth":false,"created_at":"2021-11-08T10:59:26.960672Z","updated_at":"2021-11-08T10:59:26.960700Z","lead_time":5.23,"prediction":{},"result_count":0,"task":29,"parent_prediction":null,"parent_annotation":null}],"predictions":[],"file_upload":"5abef0b2-20.csv","data":{"text":"Et la vénérable Hèrè aux yeux de boeuf lui répondit :"},"meta":{},"created_at":"2021-11-03T14:40:05.275706Z","updated_at":"2021-11-03T14:40:05.275731Z","project":1},{"id":14,"annotations":[{"id":12,"completed_by":{"id":1,"email":"pauline.guignard@unil.ch","first_name":"","last_name":""},"result":[{"value":{"start":10,"end":17,"text":"Apollôn","labels":["Speaker"]},"id":"JXHurxmlWt","from_name":"speech","to_name":"text","type":"labels"}],"was_cancelled":false,"ground_truth":false,"created_at":"2021-11-08T10:42:31.977200Z","updated_at":"2021-11-08T10:42:31.977229Z","lead_time":5.282,"prediction":{},"result_count":0,"task":14,"parent_prediction":null,"parent_annotation":null}],"predictions":[],"file_upload":"5abef0b2-20.csv","data":{"text":"Et le roi Apollôn , fils de Zeus , lui répondit :"},"meta":{},"created_at":"2021-11-03T14:40:05.274657Z","updated_at":"2021-11-03T14:40:05.274674Z","project":1},{"id":11,"annotations":[{"id":8,"completed_by":{"id":1,"email":"pauline.guignard@unil.ch","first_name":"","last_name":""},"result":[{"value":{"start":2,"end":119,"text":"Ainéias , prince des Troiens , où est la promesse que tu faisais aux rois d'Ilios de combattre le Pèléide Akhilleus ?","labels":["Speech"]},"id":"lfynf8fuoO","from_name":"speech","to_name":"text","type":"labels"},{"value":{"start":2,"end":119,"text":"Ainéias , prince des Troiens , où est la promesse que tu faisais aux rois d'Ilios de combattre le Pèléide Akhilleus ?","labels":["Colère"]},"id":"lfynf8fuoO","from_name":"emotion","to_name":"text","type":"labels"}],"was_cancelled":false,"ground_truth":false,"created_at":"2021-11-08T10:38:28.431978Z","updated_at":"2021-11-08T10:38:28.432032Z","lead_time":37.716,"prediction":{},"result_count":0,"task":11,"parent_prediction":null,"parent_annotation":null}],"predictions":[],"file_upload":"5abef0b2-20.csv","data":{"text":"— Ainéias , prince des Troiens , où est la promesse que tu faisais aux rois d'Ilios de combattre le Pèléide Akhilleus ?"},"meta":{},"created_at":"2021-11-03T14:40:05.274460Z","updated_at":"2021-11-03T14:40:05.274477Z","project":1}]