[{"id":31,"annotations":[{"id":27,"completed_by":{"id":1,"email":"marie.fasel@unil.ch","first_name":"","last_name":""},"result":[{"value":{"start":57,"end":66,"text":"Akhilleus","labels":["Speaker"]},"meta":{"text":["29"]},"id":"_1VIZwqyng","from_name":"speech","to_name":"text","type":"labels"},{"value":{"start":57,"end":66,"text":"Akhilleus","labels":["Speaker"]},"meta":{"text":["28"]},"id":"phBLGDx7XD","from_name":"speech","to_name":"text","type":"labels"}],"was_cancelled":false,"ground_truth":false,"created_at":"2021-11-16T18:46:04.621275Z","updated_at":"2021-11-20T14:30:24.688617Z","lead_time":1194.124,"prediction":{},"result_count":0,"task":31,"parent_prediction":null,"parent_annotation":null}],"predictions":[],"file_upload":"8d8b98f2-19.csv","data":{"text":"Et les princes vénérables des Akhaiens , réunis autour d'Akhilleus , le suppliaient de manger , mais il ne le voulait pas :"},"meta":{},"created_at":"2021-11-09T12:21:25.546485Z","updated_at":"2021-11-20T14:30:24.656903Z","project":1},{"id":11,"annotations":[{"id":10,"completed_by":{"id":1,"email":"marie.fasel@unil.ch","first_name":"","last_name":""},"result":[{"value":{"start":2,"end":3571,"text":"Ô chers héros Danaens , serviteurs d'Arès , il est juste d'écouter celui qui parle , et il ne convient point de l'interrompre , car cela est pénible , même pour le plus habile . Qui pourrait écouter et entendre au milieu du tumulte des hommes ? La voix sonore du meilleur agorète est vaine . Je parlerai au Pèléide . Vous , Argiens , écoutez mes paroles , et que chacun connaisse ma pensée . Souvent les Akhaiens m'ont accusé , mais je n'ai point causé leurs maux . Zeus , la moire , Érinnyes qui errent dans les ténèbres , ont jeté la fureur dans mon âme , au milieu de l'agora , le jour où j'ai enlevé la récompense d'Akhilleus . Mais qu'auraishYpppHeN je fait ? Une déesse accomplit tout , la vénérable fille de Zeus , la fatale Atè qui égare les hommes . Ses pieds aériens ne touchent point la terre , mais elle passe sur la tête des hommes qu'elle blesse , et elle n'enchaîne pas qu'eux . Autrefois , en effet , elle a égaré Zeus qui l'emporte sur les hommes et les dieux . Hèrè trompa le Kronide par ses ruses , le jour où Alkménè allait enfanter la force Hèracléenne , dans Thèbè aux fortes murailles . Et , plein de joie , Zeus dit au milieu de tous les dieux : — Écoutez-moi , dieux et déesses , afin que je dise ce que mon esprit m'inspire . Aujourd'hui , Eileithya , qui préside aux douloureux enfantements , appellera à la lumière un homme de ceux qui sont de ma race et de mon sang , et qui commandera sur tous ses voisins . Et la vénérable Hèrè qui médite des ruses parla ainsi : — Tu mens , et tu n'accompliras point tes paroles . Allons , Olympien ! jure , par un inviolable serment , qu'il commandera sur tous ses voisins , l'homme de ton sang et de ta race qui , aujourd'hui , tombera d'entre les genoux d'une femme . Elle parla ainsi , et Zeus ne comprit point sa ruse , et il jura un grand serment dont il devait souffrir dans la suite . Et , quittant à la hâte le faîte de l'Olympos , Hèrè parvint dans Argos Akhaienne où elle savait que l'illustre épouse de Sthénélos Persèiade portait un fils dans son sein . Et elle le fit naître avant le temps , à sept mois . Et elle retarda les douleurs de l'enfantement et les couches d'Alkménè . Puis , l'annonçant au Kroniôn Zeus , elle lui dit : — Père Zeus qui tiens la foudre éclatante , je t'annoncerai ceci : l'homme illustre est né qui commandera sur les Argiens . C'est Eurystheus , fils de Sthénélos Persèiade . Il est de ta race , et il n'est pas indigne de commander sur les Argiens . Elle parla ainsi , et une douleur aiguë et profonde blessa le coeur de Zeus . Et , saisissant Atè par ses tresses brillantes , il jura , par un inviolable serment , qu'elle ne reviendrait plus jamais dans l'Olympos et dans l'Ouranos étoilé , Atè , qui égare tous les esprits . Il parla ainsi , et , la faisant tournoyer , il la jeta , de l'Ouranos étoilé , au milieu des hommes . Et c'est par elle qu'il gémissait , quand il voyait son fils bien - aimé accablé de travaux sous le joug violent d'Eurystheus . Et il en est ainsi de moi . Quand le grand Hektôr au casque mouvant accablait les Argiens auprès des poupes des nefs , je ne pouvais oublier cette fureur qui m'avait égaré . Mais , puisque je t'ai offensé et que Zeus m'a ravi l'esprit , je veux t'apaiser et te faire des présents infinis . Va donc au combat et encourage les troupes ; et je préparerai les présents que le divin Odysseus , hier sous tes tentes , t'a promis . Ou , si tu le désires , attends , malgré ton ardeur à combattre . Des hérauts vont t'apporter ces présents , de ma nef , et tu verras ce que je veux te donner pour t'apaiser .","labels":["Speech"]},"id":"5TJNo6uGAk","from_name":"speech","to_name":"text","type":"labels"},{"value":{"start":2971,"end":3144,"text":"Et il en est ainsi de moi . Quand le grand Hektôr au casque mouvant accablait les Argiens auprès des poupes des nefs , je ne pouvais oublier cette fureur qui m'avait égaré .","labels":["Colère"]},"id":"AojjrXttC5","from_name":"emotion","to_name":"text","type":"labels"},{"value":{"start":3145,"end":3571,"text":"Mais , puisque je t'ai offensé et que Zeus m'a ravi l'esprit , je veux t'apaiser et te faire des présents infinis . Va donc au combat et encourage les troupes ; et je préparerai les présents que le divin Odysseus , hier sous tes tentes , t'a promis . Ou , si tu le désires , attends , malgré ton ardeur à combattre . Des hérauts vont t'apporter ces présents , de ma nef , et tu verras ce que je veux te donner pour t'apaiser .","labels":["Calme"]},"id":"lei5Aj0Uy6","from_name":"emotion","to_name":"text","type":"labels"},{"value":{"start":2,"end":895,"text":"Ô chers héros Danaens , serviteurs d'Arès , il est juste d'écouter celui qui parle , et il ne convient point de l'interrompre , car cela est pénible , même pour le plus habile . Qui pourrait écouter et entendre au milieu du tumulte des hommes ? La voix sonore du meilleur agorète est vaine . Je parlerai au Pèléide . Vous , Argiens , écoutez mes paroles , et que chacun connaisse ma pensée . Souvent les Akhaiens m'ont accusé , mais je n'ai point causé leurs maux . Zeus , la moire , Érinnyes qui errent dans les ténèbres , ont jeté la fureur dans mon âme , au milieu de l'agora , le jour où j'ai enlevé la récompense d'Akhilleus . Mais qu'auraishYpppHeN je fait ? Une déesse accomplit tout , la vénérable fille de Zeus , la fatale Atè qui égare les hommes . Ses pieds aériens ne touchent point la terre , mais elle passe sur la tête des hommes qu'elle blesse , et elle n'enchaîne pas qu'eux .","labels":["Calme"]},"id":"g3sdA-_Lyg","from_name":"emotion","to_name":"text","type":"labels"}],"was_cancelled":false,"ground_truth":false,"created_at":"2021-11-10T18:42:02.830684Z","updated_at":"2021-11-20T14:26:18.659658Z","lead_time":948.083,"prediction":{},"result_count":0,"task":11,"parent_prediction":null,"parent_annotation":null}],"predictions":[],"file_upload":"8d8b98f2-19.csv","data":{"text":"— Ô chers héros Danaens , serviteurs d'Arès , il est juste d'écouter celui qui parle , et il ne convient point de l'interrompre , car cela est pénible , même pour le plus habile . Qui pourrait écouter et entendre au milieu du tumulte des hommes ? La voix sonore du meilleur agorète est vaine . Je parlerai au Pèléide . Vous , Argiens , écoutez mes paroles , et que chacun connaisse ma pensée . Souvent les Akhaiens m'ont accusé , mais je n'ai point causé leurs maux . Zeus , la moire , Érinnyes qui errent dans les ténèbres , ont jeté la fureur dans mon âme , au milieu de l'agora , le jour où j'ai enlevé la récompense d'Akhilleus . Mais qu'auraishYpppHeN je fait ? Une déesse accomplit tout , la vénérable fille de Zeus , la fatale Atè qui égare les hommes . Ses pieds aériens ne touchent point la terre , mais elle passe sur la tête des hommes qu'elle blesse , et elle n'enchaîne pas qu'eux . Autrefois , en effet , elle a égaré Zeus qui l'emporte sur les hommes et les dieux . Hèrè trompa le Kronide par ses ruses , le jour où Alkménè allait enfanter la force Hèracléenne , dans Thèbè aux fortes murailles . Et , plein de joie , Zeus dit au milieu de tous les dieux : — Écoutez-moi , dieux et déesses , afin que je dise ce que mon esprit m'inspire . Aujourd'hui , Eileithya , qui préside aux douloureux enfantements , appellera à la lumière un homme de ceux qui sont de ma race et de mon sang , et qui commandera sur tous ses voisins . Et la vénérable Hèrè qui médite des ruses parla ainsi : — Tu mens , et tu n'accompliras point tes paroles . Allons , Olympien ! jure , par un inviolable serment , qu'il commandera sur tous ses voisins , l'homme de ton sang et de ta race qui , aujourd'hui , tombera d'entre les genoux d'une femme . Elle parla ainsi , et Zeus ne comprit point sa ruse , et il jura un grand serment dont il devait souffrir dans la suite . Et , quittant à la hâte le faîte de l'Olympos , Hèrè parvint dans Argos Akhaienne où elle savait que l'illustre épouse de Sthénélos Persèiade portait un fils dans son sein . Et elle le fit naître avant le temps , à sept mois . Et elle retarda les douleurs de l'enfantement et les couches d'Alkménè . Puis , l'annonçant au Kroniôn Zeus , elle lui dit : — Père Zeus qui tiens la foudre éclatante , je t'annoncerai ceci : l'homme illustre est né qui commandera sur les Argiens . C'est Eurystheus , fils de Sthénélos Persèiade . Il est de ta race , et il n'est pas indigne de commander sur les Argiens . Elle parla ainsi , et une douleur aiguë et profonde blessa le coeur de Zeus . Et , saisissant Atè par ses tresses brillantes , il jura , par un inviolable serment , qu'elle ne reviendrait plus jamais dans l'Olympos et dans l'Ouranos étoilé , Atè , qui égare tous les esprits . Il parla ainsi , et , la faisant tournoyer , il la jeta , de l'Ouranos étoilé , au milieu des hommes . Et c'est par elle qu'il gémissait , quand il voyait son fils bien - aimé accablé de travaux sous le joug violent d'Eurystheus . Et il en est ainsi de moi . Quand le grand Hektôr au casque mouvant accablait les Argiens auprès des poupes des nefs , je ne pouvais oublier cette fureur qui m'avait égaré . Mais , puisque je t'ai offensé et que Zeus m'a ravi l'esprit , je veux t'apaiser et te faire des présents infinis . Va donc au combat et encourage les troupes ; et je préparerai les présents que le divin Odysseus , hier sous tes tentes , t'a promis . Ou , si tu le désires , attends , malgré ton ardeur à combattre . Des hérauts vont t'apporter ces présents , de ma nef , et tu verras ce que je veux te donner pour t'apaiser ."},"meta":{},"created_at":"2021-11-09T12:21:25.545485Z","updated_at":"2021-11-20T14:26:18.629856Z","project":1},{"id":44,"annotations":[{"id":37,"completed_by":{"id":1,"email":"marie.fasel@unil.ch","first_name":"","last_name":""},"result":[{"value":{"start":2,"end":205,"text":"Xanthos , pourquoi m'annoncer la mort ? Que t'importe ? Je sais que ma destinée est de mourir ici , loin de mon père et de ma mère , mais je ne m'arrêterai qu'après avoir assouvi les Troiens de combats .","labels":["Speech"]},"id":"lN49SUIJNS","from_name":"speech","to_name":"text","type":"labels"},{"value":{"start":2,"end":205,"text":"Xanthos , pourquoi m'annoncer la mort ? Que t'importe ? Je sais que ma destinée est de mourir ici , loin de mon père et de ma mère , mais je ne m'arrêterai qu'après avoir assouvi les Troiens de combats .","labels":["Colère"]},"id":"Nv5bd65C7k","from_name":"emotion","to_name":"text","type":"labels"}],"was_cancelled":false,"ground_truth":false,"created_at":"2021-11-16T18:56:15.793640Z","updated_at":"2021-11-16T18:56:37.881339Z","lead_time":1099.291,"prediction":{},"result_count":0,"task":44,"parent_prediction":null,"parent_annotation":null}],"predictions":[],"file_upload":"8d8b98f2-19.csv","data":{"text":"— Xanthos , pourquoi m'annoncer la mort ? Que t'importe ? Je sais que ma destinée est de mourir ici , loin de mon père et de ma mère , mais je ne m'arrêterai qu'après avoir assouvi les Troiens de combats ."},"meta":{},"created_at":"2021-11-09T12:21:25.546485Z","updated_at":"2021-11-16T18:56:37.851755Z","project":1},{"id":43,"annotations":[{"id":36,"completed_by":{"id":1,"email":"marie.fasel@unil.ch","first_name":"","last_name":""},"result":[{"value":{"start":59,"end":68,"text":"Akhilleus","labels":["Speaker"]},"meta":{"text":["37"]},"id":"mPqTkJx0GX","from_name":"speech","to_name":"text","type":"labels"}],"was_cancelled":false,"ground_truth":false,"created_at":"2021-11-16T18:56:09.728684Z","updated_at":"2021-11-16T18:56:23.486052Z","lead_time":1084.9,"prediction":{},"result_count":0,"task":43,"parent_prediction":null,"parent_annotation":null}],"predictions":[],"file_upload":"8d8b98f2-19.csv","data":{"text":"Et comme il parlait , les Érinnyes arrêtèrent sa voix , et Akhilleus aux pieds rapides lui répondit , furieux :"},"meta":{},"created_at":"2021-11-09T12:21:25.546485Z","updated_at":"2021-11-16T18:56:23.456757Z","project":1},{"id":42,"annotations":[{"id":35,"completed_by":{"id":1,"email":"marie.fasel@unil.ch","first_name":"","last_name":""},"result":[{"value":{"start":2,"end":591,"text":"Certes , nous te sauverons aujourd'hui , très brave Akhilleus ; cependant , ton dernier jour approche . Ne nous en accuse point , mais le grand Zeus et la moire puissante . Ce n'est ni par notre lenteur , ni par notre lâcheté que les Troiens ont arraché tes armes des épaules de Patroklos . C'est le dieu excellent que Lètô aux beaux cheveux a enfanté , qui , ayant tué le Ménoitiade au premier rang , a donné la victoire à Hektôr . Quand notre course serait telle que le souffle de Zéphyros , le plus rapide des vents , tu n'en tomberais pas moins sous les coups d'un dieu et d'un homme .","labels":["Speech"]},"id":"UwbjNlZGlN","from_name":"speech","to_name":"text","type":"labels"},{"value":{"start":2,"end":591,"text":"Certes , nous te sauverons aujourd'hui , très brave Akhilleus ; cependant , ton dernier jour approche . Ne nous en accuse point , mais le grand Zeus et la moire puissante . Ce n'est ni par notre lenteur , ni par notre lâcheté que les Troiens ont arraché tes armes des épaules de Patroklos . C'est le dieu excellent que Lètô aux beaux cheveux a enfanté , qui , ayant tué le Ménoitiade au premier rang , a donné la victoire à Hektôr . Quand notre course serait telle que le souffle de Zéphyros , le plus rapide des vents , tu n'en tomberais pas moins sous les coups d'un dieu et d'un homme .","labels":["Calme"]},"id":"Kwc9iBUCEL","from_name":"emotion","to_name":"text","type":"labels"}],"was_cancelled":false,"ground_truth":false,"created_at":"2021-11-16T18:55:10.811611Z","updated_at":"2021-11-16T18:55:59.520788Z","lead_time":1060.916,"prediction":{},"result_count":0,"task":42,"parent_prediction":null,"parent_annotation":null}],"predictions":[],"file_upload":"8d8b98f2-19.csv","data":{"text":"— Certes , nous te sauverons aujourd'hui , très brave Akhilleus ; cependant , ton dernier jour approche . Ne nous en accuse point , mais le grand Zeus et la moire puissante . Ce n'est ni par notre lenteur , ni par notre lâcheté que les Troiens ont arraché tes armes des épaules de Patroklos . C'est le dieu excellent que Lètô aux beaux cheveux a enfanté , qui , ayant tué le Ménoitiade au premier rang , a donné la victoire à Hektôr . Quand notre course serait telle que le souffle de Zéphyros , le plus rapide des vents , tu n'en tomberais pas moins sous les coups d'un dieu et d'un homme ."},"meta":{},"created_at":"2021-11-09T12:21:25.546485Z","updated_at":"2021-11-16T18:55:59.491939Z","project":1},{"id":41,"annotations":[{"id":34,"completed_by":{"id":1,"email":"marie.fasel@unil.ch","first_name":"","last_name":""},"result":[{"value":{"start":33,"end":40,"text":"Xanthos","labels":["Speaker"]},"meta":{"text":["35"]},"id":"VYqivbcqDb","from_name":"speech","to_name":"text","type":"labels"}],"was_cancelled":false,"ground_truth":false,"created_at":"2021-11-16T18:55:01.707515Z","updated_at":"2021-11-16T18:55:17.827561Z","lead_time":1019.236,"prediction":{},"result_count":0,"task":41,"parent_prediction":null,"parent_annotation":null}],"predictions":[],"file_upload":"8d8b98f2-19.csv","data":{"text":"Et le cheval aux pieds rapides , Xanthos , lui parla sous le joug ; et il inclina la tête , et toute sa crinière . flottant autour du timon , tombait jusqu'à terre . Et la déesse Hèrè aux bras blancs lui permit de parler :"},"meta":{},"created_at":"2021-11-09T12:21:25.546485Z","updated_at":"2021-11-16T18:55:17.796541Z","project":1},{"id":40,"annotations":[{"id":33,"completed_by":{"id":1,"email":"marie.fasel@unil.ch","first_name":"","last_name":""},"result":[{"value":{"start":2,"end":196,"text":"Xanthos et Balios , illustres enfants de Podargè , ramenez cette fois votre conducteur parmi les Danaens , quand nous serons rassasiés du combat , et ne l'abandonnez point mort comme Patroklos .","labels":["Speech"]},"id":"N9cl-4rX-d","from_name":"speech","to_name":"text","type":"labels"},{"value":{"start":2,"end":196,"text":"Xanthos et Balios , illustres enfants de Podargè , ramenez cette fois votre conducteur parmi les Danaens , quand nous serons rassasiés du combat , et ne l'abandonnez point mort comme Patroklos .","labels":["Colère"]},"id":"Eb2D7t-sHM","from_name":"emotion","to_name":"text","type":"labels"}],"was_cancelled":false,"ground_truth":false,"created_at":"2021-11-16T18:53:43.577379Z","updated_at":"2021-11-16T18:54:23.515359Z","lead_time":964.917,"prediction":{},"result_count":0,"task":40,"parent_prediction":null,"parent_annotation":null}],"predictions":[],"file_upload":"8d8b98f2-19.csv","data":{"text":"— Xanthos et Balios , illustres enfants de Podargè , ramenez cette fois votre conducteur parmi les Danaens , quand nous serons rassasiés du combat , et ne l'abandonnez point mort comme Patroklos ."},"meta":{},"created_at":"2021-11-09T12:21:25.546485Z","updated_at":"2021-11-16T18:54:23.486962Z","project":1},{"id":39,"annotations":[{"id":32,"completed_by":{"id":1,"email":"marie.fasel@unil.ch","first_name":"","last_name":""},"result":[{"value":{"start":249,"end":258,"text":"Akhilleus","labels":["Speaker"]},"meta":{"text":["33"]},"id":"GnFpCwODRo","from_name":"speech","to_name":"text","type":"labels"}],"was_cancelled":false,"ground_truth":false,"created_at":"2021-11-16T18:53:31.144375Z","updated_at":"2021-11-16T18:53:51.154389Z","lead_time":932.565,"prediction":{},"result_count":0,"task":39,"parent_prediction":null,"parent_annotation":null}],"predictions":[],"file_upload":"8d8b98f2-19.csv","data":{"text":"Et Automédôn et Alkimos lièrent les chevaux au joug avec de belles courroies ; ils leur mirent les freins dans la bouche , et ils raidirent les rênes vers le siège du char . Et Automédôn y monta , saisissant d'une main habile le fouet brillant , et Akhilleus y monta aussi , tout resplendissant sous ses armes , comme le matinal Hypérionade , et il dit rudement aux chevaux de son père :"},"meta":{},"created_at":"2021-11-09T12:21:25.546485Z","updated_at":"2021-11-16T18:53:51.124051Z","project":1},{"id":36,"annotations":[{"id":31,"completed_by":{"id":1,"email":"marie.fasel@unil.ch","first_name":"","last_name":""},"result":[{"value":{"start":2,"end":337,"text":"Ma fille , délaisses-tu déjà ce héros ? Akhilleus n'esthYpppHeNil plus rien dans ton esprit ? Devant ses nefs aux antennes dressées , il est assis , gémissant sur son cher compagnon . Les autres mangent , et lui reste sans nourriture . Va ! verse dans sa poitrine le nektar et la douce ambroisie , pour que la faim ne l'accable point .","labels":["Speech"]},"id":"7DW-dD2Y5t","from_name":"speech","to_name":"text","type":"labels"},{"value":{"start":2,"end":337,"text":"Ma fille , délaisses-tu déjà ce héros ? Akhilleus n'esthYpppHeNil plus rien dans ton esprit ? Devant ses nefs aux antennes dressées , il est assis , gémissant sur son cher compagnon . Les autres mangent , et lui reste sans nourriture . Va ! verse dans sa poitrine le nektar et la douce ambroisie , pour que la faim ne l'accable point .","labels":["Ardeur"]},"id":"MFbcntsVyH","from_name":"emotion","to_name":"text","type":"labels"}],"was_cancelled":false,"ground_truth":false,"created_at":"2021-11-16T18:49:43.843137Z","updated_at":"2021-11-16T18:50:37.814529Z","lead_time":739.206,"prediction":{},"result_count":0,"task":36,"parent_prediction":null,"parent_annotation":null}],"predictions":[],"file_upload":"8d8b98f2-19.csv","data":{"text":"— Ma fille , délaisses-tu déjà ce héros ? Akhilleus n'esthYpppHeNil plus rien dans ton esprit ? Devant ses nefs aux antennes dressées , il est assis , gémissant sur son cher compagnon . Les autres mangent , et lui reste sans nourriture . Va ! verse dans sa poitrine le nektar et la douce ambroisie , pour que la faim ne l'accable point ."},"meta":{},"created_at":"2021-11-09T12:21:25.546485Z","updated_at":"2021-11-16T18:50:37.784543Z","project":1},{"id":35,"annotations":[{"id":30,"completed_by":{"id":1,"email":"marie.fasel@unil.ch","first_name":"","last_name":""},"result":[{"value":{"start":137,"end":144,"text":"Kroniôn","labels":["Speaker"]},"meta":{"text":["31"]},"id":"TgCbk-2voi","from_name":"speech","to_name":"text","type":"labels"}],"was_cancelled":false,"ground_truth":false,"created_at":"2021-11-16T18:49:36.042864Z","updated_at":"2021-11-16T18:49:50.540338Z","lead_time":691.948,"prediction":{},"result_count":0,"task":35,"parent_prediction":null,"parent_annotation":null}],"predictions":[],"file_upload":"8d8b98f2-19.csv","data":{"text":"Il parla ainsi en pleurant , et les princes vénérables gémirent , chacun se souvenant de ce qu'il avait laissé dans ses demeures . Et le Kroniôn , les voyant pleurer , fut saisi de compassion , et il dit à Athènè ces paroles ailées :"},"meta":{},"created_at":"2021-11-09T12:21:25.546485Z","updated_at":"2021-11-16T18:49:50.512996Z","project":1},{"id":34,"annotations":[{"id":29,"completed_by":{"id":1,"email":"marie.fasel@unil.ch","first_name":"","last_name":""},"result":[{"value":{"start":2,"end":1219,"text":"Certes , autrefois , ô malheureux , le plus cher de mes compagnons , tu m'apprêtais toihYpppHeNmême , avec soin , un excellent repas , quand les Akhaiens portaient la guerre lamentable aux Troiens dompteurs de chevaux . Et , maintenant , tu gîs , percé par l'airain , et mon coeur , plein du regret de ta mort , se refuse à toute nourriture . Je ne pourrais subir une douleur plus amère , même si j'apprenais la mort de mon père qui , peut-être , dans la Phthiè , verse en ce moment des larmes , privé du secours de son fils , tandis que , sur une terre étrangère je combats les Troiens dompteurs de chevaux pour la cause de l'exécrable Hélénè ; ou même , si je regrettais mon fils bien-aimé , qu'on élève à Skyros , Néoptolémos semblable à un dieu , s'il vit encore . Autrefois , j'espérais dans mon coeur que je mourrais seul devant Troiè , loin d'Argos féconde en chevaux , et que tu conduirais mon fils , de Skyros vers la Phthiè , sur ta nef rapide ; et que tu lui remettrais mes domaines , mes serviteurs et ma haute et grande demeure . Car je pense que Pèleus n'existe plus , ou que , s'il traîne un reste de vie , il attend , accablé par l'affreuse vieillesse , qu'on lui porte la triste nouvelle de ma mort .","labels":["Speech"]},"id":"kQR3Eo6YlU","from_name":"speech","to_name":"text","type":"labels"},{"value":{"start":2,"end":1219,"text":"Certes , autrefois , ô malheureux , le plus cher de mes compagnons , tu m'apprêtais toihYpppHeNmême , avec soin , un excellent repas , quand les Akhaiens portaient la guerre lamentable aux Troiens dompteurs de chevaux . Et , maintenant , tu gîs , percé par l'airain , et mon coeur , plein du regret de ta mort , se refuse à toute nourriture . Je ne pourrais subir une douleur plus amère , même si j'apprenais la mort de mon père qui , peut-être , dans la Phthiè , verse en ce moment des larmes , privé du secours de son fils , tandis que , sur une terre étrangère je combats les Troiens dompteurs de chevaux pour la cause de l'exécrable Hélénè ; ou même , si je regrettais mon fils bien-aimé , qu'on élève à Skyros , Néoptolémos semblable à un dieu , s'il vit encore . Autrefois , j'espérais dans mon coeur que je mourrais seul devant Troiè , loin d'Argos féconde en chevaux , et que tu conduirais mon fils , de Skyros vers la Phthiè , sur ta nef rapide ; et que tu lui remettrais mes domaines , mes serviteurs et ma haute et grande demeure . Car je pense que Pèleus n'existe plus , ou que , s'il traîne un reste de vie , il attend , accablé par l'affreuse vieillesse , qu'on lui porte la triste nouvelle de ma mort .","labels":["Tristesse"]},"id":"uBqnRTwNg8","from_name":"emotion","to_name":"text","type":"labels"}],"was_cancelled":false,"ground_truth":false,"created_at":"2021-11-16T18:48:08.042619Z","updated_at":"2021-11-16T18:49:20.862499Z","lead_time":661.957,"prediction":{},"result_count":0,"task":34,"parent_prediction":null,"parent_annotation":null}],"predictions":[],"file_upload":"8d8b98f2-19.csv","data":{"text":"— Certes , autrefois , ô malheureux , le plus cher de mes compagnons , tu m'apprêtais toihYpppHeNmême , avec soin , un excellent repas , quand les Akhaiens portaient la guerre lamentable aux Troiens dompteurs de chevaux . Et , maintenant , tu gîs , percé par l'airain , et mon coeur , plein du regret de ta mort , se refuse à toute nourriture . Je ne pourrais subir une douleur plus amère , même si j'apprenais la mort de mon père qui , peut-être , dans la Phthiè , verse en ce moment des larmes , privé du secours de son fils , tandis que , sur une terre étrangère je combats les Troiens dompteurs de chevaux pour la cause de l'exécrable Hélénè ; ou même , si je regrettais mon fils bien-aimé , qu'on élève à Skyros , Néoptolémos semblable à un dieu , s'il vit encore . Autrefois , j'espérais dans mon coeur que je mourrais seul devant Troiè , loin d'Argos féconde en chevaux , et que tu conduirais mon fils , de Skyros vers la Phthiè , sur ta nef rapide ; et que tu lui remettrais mes domaines , mes serviteurs et ma haute et grande demeure . Car je pense que Pèleus n'existe plus , ou que , s'il traîne un reste de vie , il attend , accablé par l'affreuse vieillesse , qu'on lui porte la triste nouvelle de ma mort ."},"meta":{},"created_at":"2021-11-09T12:21:25.546485Z","updated_at":"2021-11-16T18:49:20.831648Z","project":1},{"id":32,"annotations":[{"id":28,"completed_by":{"id":1,"email":"marie.fasel@unil.ch","first_name":"","last_name":""},"result":[{"value":{"start":2,"end":199,"text":"Je vous conjure , si mes chers compagnons veulent m'écouter , de ne point m'ordonner de boire et de manger , car je suis en proie à une amère douleur . Je puis attendre jusqu'au coucher de Hélios .","labels":["Speech"]},"id":"D5_inkA0Gs","from_name":"speech","to_name":"text","type":"labels"},{"value":{"start":2,"end":199,"text":"Je vous conjure , si mes chers compagnons veulent m'écouter , de ne point m'ordonner de boire et de manger , car je suis en proie à une amère douleur . Je puis attendre jusqu'au coucher de Hélios .","labels":["Tristesse"]},"id":"VLcfM8HBOa","from_name":"emotion","to_name":"text","type":"labels"}],"was_cancelled":false,"ground_truth":false,"created_at":"2021-11-16T18:46:23.015540Z","updated_at":"2021-11-16T18:46:49.410954Z","lead_time":510.813,"prediction":{},"result_count":0,"task":32,"parent_prediction":null,"parent_annotation":null}],"predictions":[],"file_upload":"8d8b98f2-19.csv","data":{"text":"— Je vous conjure , si mes chers compagnons veulent m'écouter , de ne point m'ordonner de boire et de manger , car je suis en proie à une amère douleur . Je puis attendre jusqu'au coucher de Hélios ."},"meta":{},"created_at":"2021-11-09T12:21:25.546485Z","updated_at":"2021-11-16T18:46:49.382015Z","project":1},{"id":29,"annotations":[{"id":26,"completed_by":{"id":1,"email":"marie.fasel@unil.ch","first_name":"","last_name":""},"result":[{"value":{"start":2,"end":782,"text":"O Patroklos , si doux pour moi , malheureuse ! Je t'ai laissé vivant quand je quittai cette tente , et voici que je te retrouve mort , prince des peuples ! Pour moi le mal suit le mal . L'homme à qui mon père et ma mère vénérable m'avaient donnée , je l'ai vu , devant sa ville , percé de l'airain aigu . Et mes trois frères , que ma mère avait enfantés , et que j'aimais , trouvèrent aussi leur jour fatal . Et tu ne me permettais point de pleurer , quand le rapide Akhilleus eut tué mon époux et renversé la ville du divin Mynès , et tu me disais que tu ferais de moi la jeune épouse du divin Akhilleus , et que tu me conduirais sur tes nefs dans la Phthiè , pour y faire le festin nuptial au milieu des Myrmidones . Aussi toi qui étais si doux , je pleurerai toujours ta mort .","labels":["Speech"]},"id":"da2he7DF__","from_name":"speech","to_name":"text","type":"labels"},{"value":{"start":2,"end":782,"text":"O Patroklos , si doux pour moi , malheureuse ! Je t'ai laissé vivant quand je quittai cette tente , et voici que je te retrouve mort , prince des peuples ! Pour moi le mal suit le mal . L'homme à qui mon père et ma mère vénérable m'avaient donnée , je l'ai vu , devant sa ville , percé de l'airain aigu . Et mes trois frères , que ma mère avait enfantés , et que j'aimais , trouvèrent aussi leur jour fatal . Et tu ne me permettais point de pleurer , quand le rapide Akhilleus eut tué mon époux et renversé la ville du divin Mynès , et tu me disais que tu ferais de moi la jeune épouse du divin Akhilleus , et que tu me conduirais sur tes nefs dans la Phthiè , pour y faire le festin nuptial au milieu des Myrmidones . Aussi toi qui étais si doux , je pleurerai toujours ta mort .","labels":["Tristesse"]},"id":"HY9jYWAeXx","from_name":"emotion","to_name":"text","type":"labels"}],"was_cancelled":false,"ground_truth":false,"created_at":"2021-11-16T18:44:39.740395Z","updated_at":"2021-11-16T18:45:30.012012Z","lead_time":431.421,"prediction":{},"result_count":0,"task":29,"parent_prediction":null,"parent_annotation":null}],"predictions":[],"file_upload":"8d8b98f2-19.csv","data":{"text":"— O Patroklos , si doux pour moi , malheureuse ! Je t'ai laissé vivant quand je quittai cette tente , et voici que je te retrouve mort , prince des peuples ! Pour moi le mal suit le mal . L'homme à qui mon père et ma mère vénérable m'avaient donnée , je l'ai vu , devant sa ville , percé de l'airain aigu . Et mes trois frères , que ma mère avait enfantés , et que j'aimais , trouvèrent aussi leur jour fatal . Et tu ne me permettais point de pleurer , quand le rapide Akhilleus eut tué mon époux et renversé la ville du divin Mynès , et tu me disais que tu ferais de moi la jeune épouse du divin Akhilleus , et que tu me conduirais sur tes nefs dans la Phthiè , pour y faire le festin nuptial au milieu des Myrmidones . Aussi toi qui étais si doux , je pleurerai toujours ta mort ."},"meta":{},"created_at":"2021-11-09T12:21:25.546485Z","updated_at":"2021-11-16T18:45:29.982501Z","project":1},{"id":28,"annotations":[{"id":25,"completed_by":{"id":1,"email":"marie.fasel@unil.ch","first_name":"","last_name":""},"result":[{"value":{"start":11,"end":19,"text":"Breisèis","labels":["Speaker"]},"meta":{"text":["26"]},"id":"qjzLNPNXUn","from_name":"speech","to_name":"text","type":"labels"}],"was_cancelled":false,"ground_truth":false,"created_at":"2021-11-16T18:44:31.379602Z","updated_at":"2021-11-16T18:44:56.486927Z","lead_time":397.894,"prediction":{},"result_count":0,"task":28,"parent_prediction":null,"parent_annotation":null}],"predictions":[],"file_upload":"8d8b98f2-19.csv","data":{"text":"Et dès que Breisèis , semblable à Aphroditè d'or , eut vu Patroklos percé de l'airain aigu , elle se lamenta en l'entourant de ses bras , et elle déchira de ses mains sa poitrine , son cou délicat et son beau visage . Et la jeune femme , semblable aux déesses , dit en pleurant :"},"meta":{},"created_at":"2021-11-09T12:21:25.546485Z","updated_at":"2021-11-16T18:44:56.455029Z","project":1},{"id":26,"annotations":[{"id":24,"completed_by":{"id":1,"email":"marie.fasel@unil.ch","first_name":"","last_name":""},"result":[{"value":{"start":2,"end":326,"text":"Père Zeus ! certes , tu causes de grands maux aux hommes . L'Atréide n'eût jamais excité la colère dans ma poitrine , et il ne m'eût jamais enlevé cette jeune femme contre ma volonté dans un mauvais dessein , si Zeus n'eût voulu donner la mort à une foule d'Akhaiens . Maintenant , allez manger , afin que nous combattions .","labels":["Speech"]},"id":"Nd-gy9sWO7","from_name":"speech","to_name":"text","type":"labels"},{"value":{"start":2,"end":326,"text":"Père Zeus ! certes , tu causes de grands maux aux hommes . L'Atréide n'eût jamais excité la colère dans ma poitrine , et il ne m'eût jamais enlevé cette jeune femme contre ma volonté dans un mauvais dessein , si Zeus n'eût voulu donner la mort à une foule d'Akhaiens . Maintenant , allez manger , afin que nous combattions .","labels":["Colère"]},"id":"7oks_hBHy9","from_name":"emotion","to_name":"text","type":"labels"}],"was_cancelled":false,"ground_truth":false,"created_at":"2021-11-16T18:43:00.005791Z","updated_at":"2021-11-16T18:44:02.819635Z","lead_time":344.23,"prediction":{},"result_count":0,"task":26,"parent_prediction":null,"parent_annotation":null}],"predictions":[],"file_upload":"8d8b98f2-19.csv","data":{"text":"— Père Zeus ! certes , tu causes de grands maux aux hommes . L'Atréide n'eût jamais excité la colère dans ma poitrine , et il ne m'eût jamais enlevé cette jeune femme contre ma volonté dans un mauvais dessein , si Zeus n'eût voulu donner la mort à une foule d'Akhaiens . Maintenant , allez manger , afin que nous combattions ."},"meta":{},"created_at":"2021-11-09T12:21:25.546485Z","updated_at":"2021-11-16T18:44:02.790762Z","project":1},{"id":25,"annotations":[{"id":23,"completed_by":{"id":1,"email":"marie.fasel@unil.ch","first_name":"","last_name":""},"result":[{"value":{"start":248,"end":257,"text":"Akhilleus","labels":["Speaker"]},"meta":{"text":["24"]},"id":"K4-9rCWqDd","from_name":"speech","to_name":"text","type":"labels"}],"was_cancelled":false,"ground_truth":false,"created_at":"2021-11-16T18:42:52.796559Z","updated_at":"2021-11-16T18:43:07.258527Z","lead_time":288.67,"prediction":{},"result_count":0,"task":25,"parent_prediction":null,"parent_annotation":null}],"predictions":[],"file_upload":"8d8b98f2-19.csv","data":{"text":"Il parla ainsi , et , de l'airain cruel , il coupa la gorge du sanglier . Et Talthybios jeta , en tournant , la victime dans les grands flots de la blanche mer , pour être mangée par les poissons . Et , se levant au milieu des belliqueux Argiens , Akhilleus dit :"},"meta":{},"created_at":"2021-11-09T12:21:25.546485Z","updated_at":"2021-11-16T18:43:07.230127Z","project":1},{"id":24,"annotations":[{"id":22,"completed_by":{"id":1,"email":"marie.fasel@unil.ch","first_name":"","last_name":""},"result":[{"value":{"start":2,"end":453,"text":"Qu'ils le sachent tous , Zeus le plus haut et le très puissant , et Gaia , et Hélios , et les Erinnyes qui , sous la terre , punissent les hommes parjures : je n'ai jamais porté la main sur la vierge Breisèis , ni partagé son lit , et je ne l'ai soumise à aucun travail ; mais elle est restée intacte dans mes tentes . Et si je ne jure point la vérité , que les dieux m'envoient tous les maux dont ils accablent celui qui les outrage en se parjurant .","labels":["Speech"]},"id":"_IQrhpjzFT","from_name":"speech","to_name":"text","type":"labels"},{"value":{"start":2,"end":453,"text":"Qu'ils le sachent tous , Zeus le plus haut et le très puissant , et Gaia , et Hélios , et les Erinnyes qui , sous la terre , punissent les hommes parjures : je n'ai jamais porté la main sur la vierge Breisèis , ni partagé son lit , et je ne l'ai soumise à aucun travail ; mais elle est restée intacte dans mes tentes . Et si je ne jure point la vérité , que les dieux m'envoient tous les maux dont ils accablent celui qui les outrage en se parjurant .","labels":["Ardeur"]},"id":"apr7aO78eo","from_name":"emotion","to_name":"text","type":"labels"}],"was_cancelled":false,"ground_truth":false,"created_at":"2021-11-16T18:40:07.973714Z","updated_at":"2021-11-16T18:42:39.921495Z","lead_time":261.334,"prediction":{},"result_count":0,"task":24,"parent_prediction":null,"parent_annotation":null}],"predictions":[],"file_upload":"8d8b98f2-19.csv","data":{"text":"— Qu'ils le sachent tous , Zeus le plus haut et le très puissant , et Gaia , et Hélios , et les Erinnyes qui , sous la terre , punissent les hommes parjures : je n'ai jamais porté la main sur la vierge Breisèis , ni partagé son lit , et je ne l'ai soumise à aucun travail ; mais elle est restée intacte dans mes tentes . Et si je ne jure point la vérité , que les dieux m'envoient tous les maux dont ils accablent celui qui les outrage en se parjurant ."},"meta":{},"created_at":"2021-11-09T12:21:25.546485Z","updated_at":"2021-11-16T18:42:39.893217Z","project":1},{"id":23,"annotations":[{"id":21,"completed_by":{"id":1,"email":"marie.fasel@unil.ch","first_name":"","last_name":""},"result":[{"value":{"start":6,"end":15,"text":"Agamemnôn","labels":["Speaker"]},"meta":{"text":["22"]},"id":"YlsEcee6fy","from_name":"speech","to_name":"text","type":"labels"}],"was_cancelled":false,"ground_truth":false,"created_at":"2021-11-16T18:40:00.992612Z","updated_at":"2021-11-16T18:40:16.848201Z","lead_time":118.254,"prediction":{},"result_count":0,"task":23,"parent_prediction":null,"parent_annotation":null}],"predictions":[],"file_upload":"8d8b98f2-19.csv","data":{"text":"Alors Agamemnôn se leva . Talthybios , semblable à un dieu par la voix , debout auprès du prince des peuples , tenait un sanglier dans ses mains . Et l'Atréide saisit le couteau toujours suspendu auprès de la grande gaîne de son épée , et , coupant les soies du sanglier , les mains levées vers Zeus , il les lui voua . Et les Argiens , assis en silence , écoutaient le roi respectueusement . Et , suppliant , il dit , regardant le large Ouranos :"},"meta":{},"created_at":"2021-11-09T12:21:25.546485Z","updated_at":"2021-11-16T18:40:16.816409Z","project":1},{"id":21,"annotations":[{"id":20,"completed_by":{"id":1,"email":"marie.fasel@unil.ch","first_name":"","last_name":""},"result":[{"value":{"start":2,"end":1133,"text":"Ô Akhilleus Pèléide , le plus brave des Akhaiens , tu l'emportes de beaucoup sur moi , et tu vaux beaucoup mieux que moi par ta lance , mais ma sagesse est supérieure à la tienne , car je suis ton aîné , et je sais plus de choses . C'est pourquoi , cède à mes paroles . Le combat accable bientôt des hommes qui ont faim . L'airain couche d'abord sur la terre une moisson épaisse , mais elle diminue quand Zeus , qui est le juge du combat des hommes , incline ses balances . Ce n'est point par leur ventre vide que les Akhaiens doivent pleurer les morts . Les nôtres tombent en grand nombre tous les jours ; quand donc pourrions-nous respirer ? Il faut , avec un esprit patient , ensevelir nos morts , et pleurer ce jour-là ; mais ceux que la guerre haïssable a épargnés , qu'ils mangent et boivent , afin que , vêtus de l'airain indompté , ils puissent mieux combatte l'ennemi , et sans relâche . Qu'aucun de vous n'attende un meilleur conseil , car tout autre serait fatal à qui resterait auprès des nefs des Argiens . Mais , bientôt , marchons tous ensemble contre les Troiens dompteurs de chevaux , et soulevons une rude mêlée .","labels":["Speech"]},"id":"uYAomq2SPi","from_name":"speech","to_name":"text","type":"labels"},{"value":{"start":2,"end":1133,"text":"Ô Akhilleus Pèléide , le plus brave des Akhaiens , tu l'emportes de beaucoup sur moi , et tu vaux beaucoup mieux que moi par ta lance , mais ma sagesse est supérieure à la tienne , car je suis ton aîné , et je sais plus de choses . C'est pourquoi , cède à mes paroles . Le combat accable bientôt des hommes qui ont faim . L'airain couche d'abord sur la terre une moisson épaisse , mais elle diminue quand Zeus , qui est le juge du combat des hommes , incline ses balances . Ce n'est point par leur ventre vide que les Akhaiens doivent pleurer les morts . Les nôtres tombent en grand nombre tous les jours ; quand donc pourrions-nous respirer ? Il faut , avec un esprit patient , ensevelir nos morts , et pleurer ce jour-là ; mais ceux que la guerre haïssable a épargnés , qu'ils mangent et boivent , afin que , vêtus de l'airain indompté , ils puissent mieux combatte l'ennemi , et sans relâche . Qu'aucun de vous n'attende un meilleur conseil , car tout autre serait fatal à qui resterait auprès des nefs des Argiens . Mais , bientôt , marchons tous ensemble contre les Troiens dompteurs de chevaux , et soulevons une rude mêlée .","labels":["Calme"]},"id":"sdvoy7hoi1","from_name":"emotion","to_name":"text","type":"labels"}],"was_cancelled":false,"ground_truth":false,"created_at":"2021-11-10T19:52:49.429643Z","updated_at":"2021-11-10T19:55:11.418735Z","lead_time":1430.44,"prediction":{},"result_count":0,"task":21,"parent_prediction":null,"parent_annotation":null}],"predictions":[],"file_upload":"8d8b98f2-19.csv","data":{"text":"— Ô Akhilleus Pèléide , le plus brave des Akhaiens , tu l'emportes de beaucoup sur moi , et tu vaux beaucoup mieux que moi par ta lance , mais ma sagesse est supérieure à la tienne , car je suis ton aîné , et je sais plus de choses . C'est pourquoi , cède à mes paroles . Le combat accable bientôt des hommes qui ont faim . L'airain couche d'abord sur la terre une moisson épaisse , mais elle diminue quand Zeus , qui est le juge du combat des hommes , incline ses balances . Ce n'est point par leur ventre vide que les Akhaiens doivent pleurer les morts . Les nôtres tombent en grand nombre tous les jours ; quand donc pourrions-nous respirer ? Il faut , avec un esprit patient , ensevelir nos morts , et pleurer ce jour-là ; mais ceux que la guerre haïssable a épargnés , qu'ils mangent et boivent , afin que , vêtus de l'airain indompté , ils puissent mieux combatte l'ennemi , et sans relâche . Qu'aucun de vous n'attende un meilleur conseil , car tout autre serait fatal à qui resterait auprès des nefs des Argiens . Mais , bientôt , marchons tous ensemble contre les Troiens dompteurs de chevaux , et soulevons une rude mêlée ."},"meta":{},"created_at":"2021-11-09T12:21:25.546485Z","updated_at":"2021-11-10T19:55:11.388583Z","project":1},{"id":20,"annotations":[{"id":19,"completed_by":{"id":1,"email":"marie.fasel@unil.ch","first_name":"","last_name":""},"result":[{"value":{"start":11,"end":19,"text":"Odysseus","labels":["Speaker"]},"meta":{"text":["20"]},"id":"fa-N8AewOh","from_name":"speech","to_name":"text","type":"labels"}],"was_cancelled":false,"ground_truth":false,"created_at":"2021-11-10T19:52:41.642787Z","updated_at":"2021-11-10T19:52:58.479316Z","lead_time":1297.502,"prediction":{},"result_count":0,"task":20,"parent_prediction":null,"parent_annotation":null}],"predictions":[],"file_upload":"8d8b98f2-19.csv","data":{"text":"Et le sage Odysseus , lui répondant , parla ainsi :"},"meta":{},"created_at":"2021-11-09T12:21:25.546485Z","updated_at":"2021-11-10T19:52:58.450123Z","project":1},{"id":19,"annotations":[{"id":18,"completed_by":{"id":1,"email":"marie.fasel@unil.ch","first_name":"","last_name":""},"result":[{"value":{"start":2,"end":816,"text":"Atréide Agnmemnôn , très llustre roi des hommes , tu t'inquiéteras de ceci quand la guerre aura pris fin et quand ma fureur sera moins grande dans ma poitrine . Ils gisent encore sans sépulture ceux qu'a tués le Priamide Hektôr , tandis que Zeus lui donnait la victoire , et vous songez à manger ! J'ordonnerai plutôt aux fils des Akhaiens de combattre maintenant , sans avoir mangé , et de ne préparer un grand repas qu'au coucher de Hélios , après avoir vengé notre injure . Pour moi , rien n'entrera auparavant dans ma bouche , ni pain , ni vin . Mon compagnon est mort ; il est couché sous ma tente , percé de l'airain aigu , les pieds du côté de l'entrée , et mes autres compagnons pleurent autour de lui . Et je n'ai plus d'autre désir dans le coeur que le carnage , le sang et le gémissement des guerriers .","labels":["Speech"]},"id":"rX4IfIVE8a","from_name":"speech","to_name":"text","type":"labels"},{"value":{"start":2,"end":816,"text":"Atréide Agnmemnôn , très llustre roi des hommes , tu t'inquiéteras de ceci quand la guerre aura pris fin et quand ma fureur sera moins grande dans ma poitrine . Ils gisent encore sans sépulture ceux qu'a tués le Priamide Hektôr , tandis que Zeus lui donnait la victoire , et vous songez à manger ! J'ordonnerai plutôt aux fils des Akhaiens de combattre maintenant , sans avoir mangé , et de ne préparer un grand repas qu'au coucher de Hélios , après avoir vengé notre injure . Pour moi , rien n'entrera auparavant dans ma bouche , ni pain , ni vin . Mon compagnon est mort ; il est couché sous ma tente , percé de l'airain aigu , les pieds du côté de l'entrée , et mes autres compagnons pleurent autour de lui . Et je n'ai plus d'autre désir dans le coeur que le carnage , le sang et le gémissement des guerriers .","labels":["Colère"]},"id":"-fOAWuol31","from_name":"emotion","to_name":"text","type":"labels"}],"was_cancelled":false,"ground_truth":false,"created_at":"2021-11-10T19:51:27.908666Z","updated_at":"2021-11-10T19:52:30.048461Z","lead_time":1269.062,"prediction":{},"result_count":0,"task":19,"parent_prediction":null,"parent_annotation":null}],"predictions":[],"file_upload":"8d8b98f2-19.csv","data":{"text":"— Atréide Agnmemnôn , très llustre roi des hommes , tu t'inquiéteras de ceci quand la guerre aura pris fin et quand ma fureur sera moins grande dans ma poitrine . Ils gisent encore sans sépulture ceux qu'a tués le Priamide Hektôr , tandis que Zeus lui donnait la victoire , et vous songez à manger ! J'ordonnerai plutôt aux fils des Akhaiens de combattre maintenant , sans avoir mangé , et de ne préparer un grand repas qu'au coucher de Hélios , après avoir vengé notre injure . Pour moi , rien n'entrera auparavant dans ma bouche , ni pain , ni vin . Mon compagnon est mort ; il est couché sous ma tente , percé de l'airain aigu , les pieds du côté de l'entrée , et mes autres compagnons pleurent autour de lui . Et je n'ai plus d'autre désir dans le coeur que le carnage , le sang et le gémissement des guerriers ."},"meta":{},"created_at":"2021-11-09T12:21:25.546485Z","updated_at":"2021-11-10T19:52:30.019302Z","project":1},{"id":18,"annotations":[{"id":17,"completed_by":{"id":1,"email":"marie.fasel@unil.ch","first_name":"","last_name":""},"result":[{"value":{"start":3,"end":12,"text":"Akhilleus","labels":["Speaker"]},"meta":{"text":["18"]},"id":"P7wbxgLeNF","from_name":"speech","to_name":"text","type":"labels"}],"was_cancelled":false,"ground_truth":false,"created_at":"2021-11-10T19:51:20.833953Z","updated_at":"2021-11-10T19:51:35.606605Z","lead_time":1214.631,"prediction":{},"result_count":0,"task":18,"parent_prediction":null,"parent_annotation":null}],"predictions":[],"file_upload":"8d8b98f2-19.csv","data":{"text":"Et Akhilleus aux pieds rapides , lui répondant , parla ainsi :"},"meta":{},"created_at":"2021-11-09T12:21:25.546485Z","updated_at":"2021-11-10T19:51:35.576639Z","project":1},{"id":17,"annotations":[{"id":16,"completed_by":{"id":1,"email":"marie.fasel@unil.ch","first_name":"","last_name":""},"result":[{"value":{"start":2,"end":758,"text":"Laertiade , je me réjouis de ce que tu as dit . Tu n'as rien oublié , et tu as tout expliqué convenablement . Certes , je veux faire ce serment , car mon coeur me l'ordonne et je ne me parjurerai point devant les dieux . Qu'Akhilleus attende , malgré son désir de combattre , et que tous attendent réunis , jusqu'à ce que les présents soient apportés de mes tentes et que nous ayons consacré notre alliance . Et toi , Odysseus , je te le commande et te l'ordonne , prends les plus illustres des jeunes fils des Akhaiens , et qu'ils apportent de mes nefs tout ce que tu as promis hier au Pèléide ; et amène aussi les femmes . Et Talthybios préparera promptement , dans le vaste camp des Akhaiens , le sanglier qui sera tué , en offrande à Zeus et à Hélios .","labels":["Speech"]},"id":"9wF1yEAVke","from_name":"speech","to_name":"text","type":"labels"},{"value":{"start":2,"end":111,"text":"Laertiade , je me réjouis de ce que tu as dit . Tu n'as rien oublié , et tu as tout expliqué convenablement .","labels":["Joie"]},"id":"Vwzbr0CJHw","from_name":"emotion","to_name":"text","type":"labels"},{"value":{"start":112,"end":758,"text":"Certes , je veux faire ce serment , car mon coeur me l'ordonne et je ne me parjurerai point devant les dieux . Qu'Akhilleus attende , malgré son désir de combattre , et que tous attendent réunis , jusqu'à ce que les présents soient apportés de mes tentes et que nous ayons consacré notre alliance . Et toi , Odysseus , je te le commande et te l'ordonne , prends les plus illustres des jeunes fils des Akhaiens , et qu'ils apportent de mes nefs tout ce que tu as promis hier au Pèléide ; et amène aussi les femmes . Et Talthybios préparera promptement , dans le vaste camp des Akhaiens , le sanglier qui sera tué , en offrande à Zeus et à Hélios .","labels":["Calme"]},"id":"SZVUh-ScZy","from_name":"emotion","to_name":"text","type":"labels"}],"was_cancelled":false,"ground_truth":false,"created_at":"2021-11-10T19:38:36.683211Z","updated_at":"2021-11-10T19:51:10.228606Z","lead_time":1189.246,"prediction":{},"result_count":0,"task":17,"parent_prediction":null,"parent_annotation":null}],"predictions":[],"file_upload":"8d8b98f2-19.csv","data":{"text":"— Laertiade , je me réjouis de ce que tu as dit . Tu n'as rien oublié , et tu as tout expliqué convenablement . Certes , je veux faire ce serment , car mon coeur me l'ordonne et je ne me parjurerai point devant les dieux . Qu'Akhilleus attende , malgré son désir de combattre , et que tous attendent réunis , jusqu'à ce que les présents soient apportés de mes tentes et que nous ayons consacré notre alliance . Et toi , Odysseus , je te le commande et te l'ordonne , prends les plus illustres des jeunes fils des Akhaiens , et qu'ils apportent de mes nefs tout ce que tu as promis hier au Pèléide ; et amène aussi les femmes . Et Talthybios préparera promptement , dans le vaste camp des Akhaiens , le sanglier qui sera tué , en offrande à Zeus et à Hélios ."},"meta":{},"created_at":"2021-11-09T12:21:25.545485Z","updated_at":"2021-11-10T19:51:10.197567Z","project":1},{"id":16,"annotations":[{"id":15,"completed_by":{"id":1,"email":"marie.fasel@unil.ch","first_name":"","last_name":""},"result":[{"value":{"start":23,"end":32,"text":"Agamemnôn","labels":["Speaker"]},"meta":{"text":["16"]},"id":"otquW-curB","from_name":"speech","to_name":"text","type":"labels"}],"was_cancelled":false,"ground_truth":false,"created_at":"2021-11-10T19:38:28.733922Z","updated_at":"2021-11-10T19:38:45.160585Z","lead_time":444.182,"prediction":{},"result_count":0,"task":16,"parent_prediction":null,"parent_annotation":null}],"predictions":[],"file_upload":"8d8b98f2-19.csv","data":{"text":"Et le roi des hommes , Agamemnôn . lui répondit :"},"meta":{},"created_at":"2021-11-09T12:21:25.545485Z","updated_at":"2021-11-10T19:38:45.129271Z","project":1},{"id":15,"annotations":[{"id":14,"completed_by":{"id":1,"email":"marie.fasel@unil.ch","first_name":"","last_name":""},"result":[{"value":{"start":2,"end":1483,"text":"Bien que tu sois brave , ô Akhilleus semblable à un dieu , ne pousse point vers Ilios , contre les Troiens , les fils des Akhaiens qui n'ont point mangé ; car la mêlée sera longue , dès que les phalanges des guerriers se seront heurtées , et qu'un dieu leur aura inspiré à tous la vigueur . Ordonne que les Akhaiens se nourrissent de pain et de vin dans les nefs rapides . Cela seul donne la force et le courage . Un guerrier ne peut , sans manger , combattre tout un jour , jusqu'à la chute de Hélios . Quelle que soit son ardeur , ses membres sont lourds , la soif et la faim le tourmentent , et ses genoux sont rompus . Mais celui qui a bu et mangé combat tout un jour contre l'ennemi , plein de courage , et ses membres ne sont las que lorsque tous se retirent de la mêlée . Renvoie l'armée et ordonne-lui de préparer le repas . Et le roi des hommes , Agamemnôn , fera porter ses présents au milieu de l'agora , afin que tous les Akhaiens les voient de leurs yeux ; et tu te réjouiras dans ton cour . Et Agamemnôn jurera , debout , au milieu des Argiens , qu'il n'est jamais entré dans le lit de Breisèis , et qu'il ne l'a point possédée , comme c'est la coutume , ô roi , des hommes et des femmes . Et toi , Akhilleus , apaise ton coeur dans ta poitrine . Ensuite , Agamemnôn t'offrira un festin sous sa tente , afin que rien ne manque à ce qui t'est dû . Et toi . Atréide , sois plus équitable désormais . Il est convenable qu'un roi apaise celui qu'il a offensé le premier .","labels":["Speech"]},"id":"xz-R96Q1km","from_name":"speech","to_name":"text","type":"labels"},{"value":{"start":2,"end":1483,"text":"Bien que tu sois brave , ô Akhilleus semblable à un dieu , ne pousse point vers Ilios , contre les Troiens , les fils des Akhaiens qui n'ont point mangé ; car la mêlée sera longue , dès que les phalanges des guerriers se seront heurtées , et qu'un dieu leur aura inspiré à tous la vigueur . Ordonne que les Akhaiens se nourrissent de pain et de vin dans les nefs rapides . Cela seul donne la force et le courage . Un guerrier ne peut , sans manger , combattre tout un jour , jusqu'à la chute de Hélios . Quelle que soit son ardeur , ses membres sont lourds , la soif et la faim le tourmentent , et ses genoux sont rompus . Mais celui qui a bu et mangé combat tout un jour contre l'ennemi , plein de courage , et ses membres ne sont las que lorsque tous se retirent de la mêlée . Renvoie l'armée et ordonne-lui de préparer le repas . Et le roi des hommes , Agamemnôn , fera porter ses présents au milieu de l'agora , afin que tous les Akhaiens les voient de leurs yeux ; et tu te réjouiras dans ton cour . Et Agamemnôn jurera , debout , au milieu des Argiens , qu'il n'est jamais entré dans le lit de Breisèis , et qu'il ne l'a point possédée , comme c'est la coutume , ô roi , des hommes et des femmes . Et toi , Akhilleus , apaise ton coeur dans ta poitrine . Ensuite , Agamemnôn t'offrira un festin sous sa tente , afin que rien ne manque à ce qui t'est dû . Et toi . Atréide , sois plus équitable désormais . Il est convenable qu'un roi apaise celui qu'il a offensé le premier .","labels":["Calme"]},"id":"TcxYje5Kxk","from_name":"emotion","to_name":"text","type":"labels"}],"was_cancelled":false,"ground_truth":false,"created_at":"2021-11-10T19:35:11.438156Z","updated_at":"2021-11-10T19:38:11.998830Z","lead_time":411.014,"prediction":{},"result_count":0,"task":15,"parent_prediction":null,"parent_annotation":null}],"predictions":[],"file_upload":"8d8b98f2-19.csv","data":{"text":"— Bien que tu sois brave , ô Akhilleus semblable à un dieu , ne pousse point vers Ilios , contre les Troiens , les fils des Akhaiens qui n'ont point mangé ; car la mêlée sera longue , dès que les phalanges des guerriers se seront heurtées , et qu'un dieu leur aura inspiré à tous la vigueur . Ordonne que les Akhaiens se nourrissent de pain et de vin dans les nefs rapides . Cela seul donne la force et le courage . Un guerrier ne peut , sans manger , combattre tout un jour , jusqu'à la chute de Hélios . Quelle que soit son ardeur , ses membres sont lourds , la soif et la faim le tourmentent , et ses genoux sont rompus . Mais celui qui a bu et mangé combat tout un jour contre l'ennemi , plein de courage , et ses membres ne sont las que lorsque tous se retirent de la mêlée . Renvoie l'armée et ordonne-lui de préparer le repas . Et le roi des hommes , Agamemnôn , fera porter ses présents au milieu de l'agora , afin que tous les Akhaiens les voient de leurs yeux ; et tu te réjouiras dans ton cour . Et Agamemnôn jurera , debout , au milieu des Argiens , qu'il n'est jamais entré dans le lit de Breisèis , et qu'il ne l'a point possédée , comme c'est la coutume , ô roi , des hommes et des femmes . Et toi , Akhilleus , apaise ton coeur dans ta poitrine . Ensuite , Agamemnôn t'offrira un festin sous sa tente , afin que rien ne manque à ce qui t'est dû . Et toi . Atréide , sois plus équitable désormais . Il est convenable qu'un roi apaise celui qu'il a offensé le premier ."},"meta":{},"created_at":"2021-11-09T12:21:25.545485Z","updated_at":"2021-11-10T19:38:11.970938Z","project":1},{"id":14,"annotations":[{"id":13,"completed_by":{"id":1,"email":"marie.fasel@unil.ch","first_name":"","last_name":""},"result":[{"value":{"start":11,"end":19,"text":"Odysseus","labels":["Speaker"]},"meta":{"text":["14"]},"id":"LMNKXNMMby","from_name":"speech","to_name":"text","type":"labels"}],"was_cancelled":false,"ground_truth":false,"created_at":"2021-11-10T19:35:01.895987Z","updated_at":"2021-11-10T19:35:19.747647Z","lead_time":238.773,"prediction":{},"result_count":0,"task":14,"parent_prediction":null,"parent_annotation":null}],"predictions":[],"file_upload":"8d8b98f2-19.csv","data":{"text":"Et le sage Odysseus , lui répondant , parla ainsi :"},"meta":{},"created_at":"2021-11-09T12:21:25.545485Z","updated_at":"2021-11-10T19:35:19.719642Z","project":1},{"id":13,"annotations":[{"id":12,"completed_by":{"id":1,"email":"marie.fasel@unil.ch","first_name":"","last_name":""},"result":[{"value":{"start":2,"end":444,"text":"Très llustre Atréide Agamemnôn , roi des hommes , si tu veux me faire ces présents , comme cela est juste , ou les garder , tu le peux . Ne songeons maintenant qu'à combattre . Il ne s'agit ni d'éviter le combat , ni de perdre le temps , mais d'accomplir un grand travail . Il faut qu'on revoie Akhilleus aux premiers rangs , enfonçant de sa lance d'airain les phalanges troiennes , et que chacun de vous se souvienne de combattre un ennemi .","labels":["Speech"]},"id":"1KQDFQYzY7","from_name":"speech","to_name":"text","type":"labels"},{"value":{"start":2,"end":444,"text":"Très llustre Atréide Agamemnôn , roi des hommes , si tu veux me faire ces présents , comme cela est juste , ou les garder , tu le peux . Ne songeons maintenant qu'à combattre . Il ne s'agit ni d'éviter le combat , ni de perdre le temps , mais d'accomplir un grand travail . Il faut qu'on revoie Akhilleus aux premiers rangs , enfonçant de sa lance d'airain les phalanges troiennes , et que chacun de vous se souvienne de combattre un ennemi .","labels":["Ardeur"]},"id":"hmBwiK9_kM","from_name":"emotion","to_name":"text","type":"labels"}],"was_cancelled":false,"ground_truth":false,"created_at":"2021-11-10T19:32:46.851932Z","updated_at":"2021-11-10T19:34:48.663249Z","lead_time":207.677,"prediction":{},"result_count":0,"task":13,"parent_prediction":null,"parent_annotation":null}],"predictions":[],"file_upload":"8d8b98f2-19.csv","data":{"text":"— Très llustre Atréide Agamemnôn , roi des hommes , si tu veux me faire ces présents , comme cela est juste , ou les garder , tu le peux . Ne songeons maintenant qu'à combattre . Il ne s'agit ni d'éviter le combat , ni de perdre le temps , mais d'accomplir un grand travail . Il faut qu'on revoie Akhilleus aux premiers rangs , enfonçant de sa lance d'airain les phalanges troiennes , et que chacun de vous se souvienne de combattre un ennemi ."},"meta":{},"created_at":"2021-11-09T12:21:25.545485Z","updated_at":"2021-11-10T19:34:48.632944Z","project":1},{"id":12,"annotations":[{"id":11,"completed_by":{"id":1,"email":"marie.fasel@unil.ch","first_name":"","last_name":""},"result":[{"value":{"start":3,"end":12,"text":"Akhilleus","labels":["Speaker"]},"meta":{"text":["12"]},"id":"751AIjQrQj","from_name":"speech","to_name":"text","type":"labels"}],"was_cancelled":false,"ground_truth":false,"created_at":"2021-11-10T19:32:34.369575Z","updated_at":"2021-11-10T19:32:54.638346Z","lead_time":93.662,"prediction":{},"result_count":0,"task":12,"parent_prediction":null,"parent_annotation":null}],"predictions":[],"file_upload":"8d8b98f2-19.csv","data":{"text":"Et Akhilleus aux pieds rapides lui répondit :"},"meta":{},"created_at":"2021-11-09T12:21:25.545485Z","updated_at":"2021-11-10T19:32:54.609485Z","project":1},{"id":10,"annotations":[{"id":9,"completed_by":{"id":1,"email":"marie.fasel@unil.ch","first_name":"","last_name":""},"result":[{"value":{"start":138,"end":147,"text":"Agamemnôn","labels":["Speaker"]},"meta":{"text":["10"]},"id":"084Ro766Sm","from_name":"speech","to_name":"text","type":"labels"}],"was_cancelled":false,"ground_truth":false,"created_at":"2021-11-10T18:41:40.414108Z","updated_at":"2021-11-10T18:42:16.929598Z","lead_time":344.962,"prediction":{},"result_count":0,"task":10,"parent_prediction":null,"parent_annotation":null}],"predictions":[],"file_upload":"8d8b98f2-19.csv","data":{"text":"Il parla ainsi , et les Akhaiens aux belles knèmides se réjouirent que le magnanime Pèléiôn renonçât à sa colère . Et le roi des hommes , Agamemnôn , parla de son siège , ne se levant point au milieu d'eux :"},"meta":{},"created_at":"2021-11-09T12:21:25.545485Z","updated_at":"2021-11-10T18:42:16.901278Z","project":1},{"id":9,"annotations":[{"id":7,"completed_by":{"id":1,"email":"marie.fasel@unil.ch","first_name":"","last_name":""},"result":[{"value":{"start":2,"end":915,"text":"Atréide , n'eûthYpppHeNil pas mieux valu nous entendre , quand , pleins de colère , nous avons consumé notre coeur pour cette jeune femme ? Plût aux dieux que la flèche d'Artémis l'eût tuée sur les nefs , le jour où je la pris dans Lyrnessos bien peuplée ! Tant d'Akhaiens n'auraient pas mordu la vaste terre sous des mains ennemies , à cause de ma colère . Ceci n'a servi qu'à Hektôr et aux Troiens ; et je pense que les Akhaiens se souviendront longtemps de notre querelle . Mais oublions le passé , malgré notre douleur ; et , dans notre poitrine , soumettons notre âme à la nécessité . Aujourd'hui , je dépose ma colère . Il ne convient pas que je sois toujours irrité . Mais toi , appelle promptement au combat les Akhaiens chevelus , afin que je marche aux Troiens et que je voie s'ils veulent dormir auprès des nefs . Il courbera volontiers les genoux , celui qui aura échappé à nos lances dans le combat .","labels":["Speech"]},"id":"U_DLb2YHIr","from_name":"speech","to_name":"text","type":"labels"},{"value":{"start":2,"end":478,"text":"Atréide , n'eûthYpppHeNil pas mieux valu nous entendre , quand , pleins de colère , nous avons consumé notre coeur pour cette jeune femme ? Plût aux dieux que la flèche d'Artémis l'eût tuée sur les nefs , le jour où je la pris dans Lyrnessos bien peuplée ! Tant d'Akhaiens n'auraient pas mordu la vaste terre sous des mains ennemies , à cause de ma colère . Ceci n'a servi qu'à Hektôr et aux Troiens ; et je pense que les Akhaiens se souviendront longtemps de notre querelle .","labels":["Colère"]},"id":"wA4nc6apxX","from_name":"emotion","to_name":"text","type":"labels"},{"value":{"start":479,"end":676,"text":"Mais oublions le passé , malgré notre douleur ; et , dans notre poitrine , soumettons notre âme à la nécessité . Aujourd'hui , je dépose ma colère . Il ne convient pas que je sois toujours irrité .","labels":["Calme"]},"id":"FcK-ytocZ9","from_name":"emotion","to_name":"text","type":"labels"},{"value":{"start":677,"end":915,"text":"Mais toi , appelle promptement au combat les Akhaiens chevelus , afin que je marche aux Troiens et que je voie s'ils veulent dormir auprès des nefs . Il courbera volontiers les genoux , celui qui aura échappé à nos lances dans le combat .","labels":["Ardeur"]},"id":"ePevumkuG7","from_name":"emotion","to_name":"text","type":"labels"}],"was_cancelled":false,"ground_truth":false,"created_at":"2021-11-09T14:02:32.598419Z","updated_at":"2021-11-10T18:41:30.341518Z","lead_time":298.373,"prediction":{},"result_count":0,"task":9,"parent_prediction":null,"parent_annotation":null}],"predictions":[],"file_upload":"8d8b98f2-19.csv","data":{"text":"— Atréide , n'eûthYpppHeNil pas mieux valu nous entendre , quand , pleins de colère , nous avons consumé notre coeur pour cette jeune femme ? Plût aux dieux que la flèche d'Artémis l'eût tuée sur les nefs , le jour où je la pris dans Lyrnessos bien peuplée ! Tant d'Akhaiens n'auraient pas mordu la vaste terre sous des mains ennemies , à cause de ma colère . Ceci n'a servi qu'à Hektôr et aux Troiens ; et je pense que les Akhaiens se souviendront longtemps de notre querelle . Mais oublions le passé , malgré notre douleur ; et , dans notre poitrine , soumettons notre âme à la nécessité . Aujourd'hui , je dépose ma colère . Il ne convient pas que je sois toujours irrité . Mais toi , appelle promptement au combat les Akhaiens chevelus , afin que je marche aux Troiens et que je voie s'ils veulent dormir auprès des nefs . Il courbera volontiers les genoux , celui qui aura échappé à nos lances dans le combat ."},"meta":{},"created_at":"2021-11-09T12:21:25.545485Z","updated_at":"2021-11-10T18:41:30.311431Z","project":1},{"id":8,"annotations":[{"id":8,"completed_by":{"id":1,"email":"marie.fasel@unil.ch","first_name":"","last_name":""},"result":[{"value":{"start":773,"end":782,"text":"Akhilleus","labels":["Speaker"]},"meta":{"text":["7"]},"id":"5oSo4VFQ3K","from_name":"speech","to_name":"text","type":"labels"}],"was_cancelled":false,"ground_truth":false,"created_at":"2021-11-09T14:03:28.344723Z","updated_at":"2021-11-09T14:03:40.697286Z","lead_time":2078.511,"prediction":{},"result_count":0,"task":8,"parent_prediction":null,"parent_annotation":null}],"predictions":[],"file_upload":"8d8b98f2-19.csv","data":{"text":"Et le divin Akhilleus courait sur le rivage de la mer , poussant des cris horribles , et excitant les héros Akhaiens . Et ceux qui , auparavant , restaient dans les nefs , et les pilotes qui tenaient les gouvernails , et ceux mêmes qui distribuaient les vivres auprès des nefs , tous allaient à l ’ agora où Akhilleus reparaissait , après s'être éloigné longtemps du combat . Et les deux serviteurs d'Arès , le belliqueux Tydéide et le divin Odysseus , boitant et appuyés sur leurs lances , car ils souffraient encore de leurs blessures , vinrent s'asseoir aux premiers rangs . Et le roi des hommes , Agamemnôn , vint le dernier , étant blessé aussi , Koôn Anténoride l'ayant frappé de sa lance d'airain , dans la rude mêlée . Et quand tous les Akhaiens furent assemblés , Akhilleus aux pieds rapides , se levant au milieu d'eux , parla ainsi :"},"meta":{},"created_at":"2021-11-09T12:21:25.545485Z","updated_at":"2021-11-09T14:03:40.667071Z","project":1},{"id":6,"annotations":[{"id":6,"completed_by":{"id":1,"email":"marie.fasel@unil.ch","first_name":"","last_name":""},"result":[{"value":{"start":2,"end":460,"text":"Mon enfant , que ces inquiétudes ne soient point dans ton esprit . Loin de Patroklos j'écarterai moihYpppHeNmême les essaims impurs des mouches qui mangent les guerriers tués dans le combat . Ce cadavre resterait couché ici toute une année , qu'il serait encore sain , et plus frais même . Mais toi , appelle les héros Akhaiens à l'agora , et , renonçant à ta colère contre le prince des peuples Agamemnôn , hâte-toi de t'armer et revêts-toi de ton courage .","labels":["Speech"]},"id":"UBrpZ5FSbO","from_name":"speech","to_name":"text","type":"labels"},{"value":{"start":2,"end":460,"text":"Mon enfant , que ces inquiétudes ne soient point dans ton esprit . Loin de Patroklos j'écarterai moihYpppHeNmême les essaims impurs des mouches qui mangent les guerriers tués dans le combat . Ce cadavre resterait couché ici toute une année , qu'il serait encore sain , et plus frais même . Mais toi , appelle les héros Akhaiens à l'agora , et , renonçant à ta colère contre le prince des peuples Agamemnôn , hâte-toi de t'armer et revêts-toi de ton courage .","labels":["Ardeur"]},"id":"UBrpZ5FSbO","from_name":"emotion","to_name":"text","type":"labels"},{"value":{"start":2,"end":460,"text":"Mon enfant , que ces inquiétudes ne soient point dans ton esprit . Loin de Patroklos j'écarterai moihYpppHeNmême les essaims impurs des mouches qui mangent les guerriers tués dans le combat . Ce cadavre resterait couché ici toute une année , qu'il serait encore sain , et plus frais même . Mais toi , appelle les héros Akhaiens à l'agora , et , renonçant à ta colère contre le prince des peuples Agamemnôn , hâte-toi de t'armer et revêts-toi de ton courage .","labels":["Calme"]},"id":"zvXa3EFMZi","from_name":"emotion","to_name":"text","type":"labels"},{"value":{"start":410,"end":460,"text":"hâte-toi de t'armer et revêts-toi de ton courage .","labels":["Ardeur"]},"id":"YiVkh0m4si","from_name":"emotion","to_name":"text","type":"labels"}],"was_cancelled":false,"ground_truth":false,"created_at":"2021-11-09T13:51:09.163961Z","updated_at":"2021-11-09T13:53:56.732104Z","lead_time":1494.549,"prediction":{},"result_count":0,"task":6,"parent_prediction":null,"parent_annotation":null}],"predictions":[],"file_upload":"8d8b98f2-19.csv","data":{"text":"— Mon enfant , que ces inquiétudes ne soient point dans ton esprit . Loin de Patroklos j'écarterai moihYpppHeNmême les essaims impurs des mouches qui mangent les guerriers tués dans le combat . Ce cadavre resterait couché ici toute une année , qu'il serait encore sain , et plus frais même . Mais toi , appelle les héros Akhaiens à l'agora , et , renonçant à ta colère contre le prince des peuples Agamemnôn , hâte-toi de t'armer et revêts-toi de ton courage ."},"meta":{},"created_at":"2021-11-09T12:21:25.545485Z","updated_at":"2021-11-09T13:53:56.703152Z","project":1},{"id":5,"annotations":[{"id":5,"completed_by":{"id":1,"email":"marie.fasel@unil.ch","first_name":"","last_name":""},"result":[{"value":{"start":13,"end":19,"text":"Thétis","labels":["Speaker"]},"meta":{"text":["6"]},"id":"QzfblV8Bi_","from_name":"speech","to_name":"text","type":"labels"}],"was_cancelled":false,"ground_truth":false,"created_at":"2021-11-09T13:50:57.386842Z","updated_at":"2021-11-09T13:51:19.828604Z","lead_time":1337.636,"prediction":{},"result_count":0,"task":5,"parent_prediction":null,"parent_annotation":null}],"predictions":[],"file_upload":"8d8b98f2-19.csv","data":{"text":"Et la déesse Thétis aux pieds d'argent lui répondit :"},"meta":{},"created_at":"2021-11-09T12:21:25.545485Z","updated_at":"2021-11-09T13:51:19.798854Z","project":1},{"id":4,"annotations":[{"id":3,"completed_by":{"id":1,"email":"marie.fasel@unil.ch","first_name":"","last_name":""},"result":[{"value":{"start":2,"end":350,"text":"Ma mère , certes , un dieu t'a donné ces armes qui ne peuvent être que l'oeuvre des immortels , et qu'un homme ne pourrait faire . Je vais m'armer à l'instant . Mais je crains que les mouches pénètrent dans les blessures du brave fils de Ménoitios , y engendrent des vers , et , souillant ce corps où la vie est éteinte , corrompent tout le cadavre","labels":["Speech"]},"id":"KQVRs5hhxT","from_name":"speech","to_name":"text","type":"labels"},{"value":{"start":163,"end":350,"text":"Mais je crains que les mouches pénètrent dans les blessures du brave fils de Ménoitios , y engendrent des vers , et , souillant ce corps où la vie est éteinte , corrompent tout le cadavre","labels":["Peur"]},"id":"TaWkwRgV5T","from_name":"emotion","to_name":"text","type":"labels"},{"value":{"start":133,"end":160,"text":"Je vais m'armer à l'instant","labels":["Ardeur"]},"id":"_ZEDp10eib","from_name":"emotion","to_name":"text","type":"labels"},{"value":{"start":2,"end":130,"text":"Ma mère , certes , un dieu t'a donné ces armes qui ne peuvent être que l'oeuvre des immortels , et qu'un homme ne pourrait faire","labels":["Joie"]},"id":"yoSZaffUbf","from_name":"emotion","to_name":"text","type":"labels"}],"was_cancelled":false,"ground_truth":false,"created_at":"2021-11-09T13:42:13.561224Z","updated_at":"2021-11-09T13:50:41.024895Z","lead_time":1298.838,"prediction":{},"result_count":0,"task":4,"parent_prediction":null,"parent_annotation":null}],"predictions":[],"file_upload":"8d8b98f2-19.csv","data":{"text":"— Ma mère , certes , un dieu t'a donné ces armes qui ne peuvent être que l'oeuvre des immortels , et qu'un homme ne pourrait faire . Je vais m'armer à l'instant . Mais je crains que les mouches pénètrent dans les blessures du brave fils de Ménoitios , y engendrent des vers , et , souillant ce corps où la vie est éteinte , corrompent tout le cadavre ."},"meta":{},"created_at":"2021-11-09T12:21:25.545485Z","updated_at":"2021-11-09T13:50:40.995446Z","project":1},{"id":1,"annotations":[{"id":1,"completed_by":{"id":1,"email":"marie.fasel@unil.ch","first_name":"","last_name":""},"result":[{"value":{"start":116,"end":122,"text":"Thétis","labels":["Speaker"]},"meta":{"text":["2"]},"id":"152MyHgkhF","from_name":"speech","to_name":"text","type":"labels"}],"was_cancelled":false,"ground_truth":false,"created_at":"2021-11-09T13:30:58.425093Z","updated_at":"2021-11-09T13:41:00.325351Z","lead_time":718.117,"prediction":{},"result_count":0,"task":1,"parent_prediction":null,"parent_annotation":null}],"predictions":[],"file_upload":"8d8b98f2-19.csv","data":{"text":"Éôs au péplos couleur de safran sortait des flots d'Okéanos pour porter la lumière aux immortels et aux hommes . Et Thétis parvint aux nefs avec les présents du dieu . Et elle trouva son fils bien - aimé entourant de ses bras Patroklos et pleurant amèrement . Et , autour de lui , ses compagnons gémissaient . Mais la déesse parut au milieu d'eux , prit la main d'Akhilleus et lui dit :"},"meta":{},"created_at":"2021-11-09T12:21:25.545485Z","updated_at":"2021-11-09T13:41:00.293020Z","project":1},{"id":2,"annotations":[{"id":2,"completed_by":{"id":1,"email":"marie.fasel@unil.ch","first_name":"","last_name":""},"result":[{"value":{"start":2,"end":211,"text":"Mon enfant , malgré notre douleur , laissons-le , puisqu'il est mort par la volonté des dieux . Reçois de Hèphaistos ces armes illustres et belles , telles que jamais aucun homme n'en a porté sur ses épaules .","labels":["Speech"]},"id":"UiV5lHY2Vz","from_name":"speech","to_name":"text","type":"labels"},{"value":{"start":2,"end":211,"text":"Mon enfant , malgré notre douleur , laissons-le , puisqu'il est mort par la volonté des dieux . Reçois de Hèphaistos ces armes illustres et belles , telles que jamais aucun homme n'en a porté sur ses épaules .","labels":["Calme"]},"id":"UiV5lHY2Vz","from_name":"emotion","to_name":"text","type":"labels"},{"value":{"start":2,"end":211,"text":"Mon enfant , malgré notre douleur , laissons-le , puisqu'il est mort par la volonté des dieux . Reçois de Hèphaistos ces armes illustres et belles , telles que jamais aucun homme n'en a porté sur ses épaules .","labels":["Calme"]},"id":"31UBn_jfwI","from_name":"emotion","to_name":"text","type":"labels"}],"was_cancelled":false,"ground_truth":false,"created_at":"2021-11-09T13:40:32.679427Z","updated_at":"2021-11-09T13:40:32.679427Z","lead_time":191.741,"prediction":{},"result_count":0,"task":2,"parent_prediction":null,"parent_annotation":null}],"predictions":[],"file_upload":"8d8b98f2-19.csv","data":{"text":"— Mon enfant , malgré notre douleur , laissons-le , puisqu'il est mort par la volonté des dieux . Reçois de Hèphaistos ces armes illustres et belles , telles que jamais aucun homme n'en a porté sur ses épaules ."},"meta":{},"created_at":"2021-11-09T12:21:25.545485Z","updated_at":"2021-11-09T12:21:25.545485Z","project":1},{"id":3,"annotations":[{"id":4,"completed_by":{"id":1,"email":"marie.fasel@unil.ch","first_name":"","last_name":""},"result":[{"value":{"start":210,"end":219,"text":"Akhilleus","labels":["Speaker"]},"meta":{"text":["3"]},"id":"R0TOeUdwUU","from_name":"speech","to_name":"text","type":"labels"}],"was_cancelled":false,"ground_truth":false,"created_at":"2021-11-09T13:42:32.084494Z","updated_at":"2021-11-09T13:42:32.084494Z","lead_time":16.676,"prediction":{},"result_count":0,"task":3,"parent_prediction":null,"parent_annotation":null}],"predictions":[],"file_upload":"8d8b98f2-19.csv","data":{"text":"Ayant ainsi parlé , la déesse les déposa devant Akhilleus , et les armes merveilleuses résonnèrent . La terreur saisit les Myrmidones , et nul d'entre eux ne put en soutenir l'éclat , et ils tremblèrent ; mais Akhilleus , dès qu'il les vit , se sentit plus furieux , et , sous ses paupières , ses yeux brûlaient , terribles , et tels que la flamme . Il se réjouissait de tenir dans ses mains les présents splendides du dieu ; et , après avoir admiré , plein de joie , ce travail merveilleux , aussitôt il dit à sa mère ces paroles ailées :"},"meta":{},"created_at":"2021-11-09T12:21:25.545485Z","updated_at":"2021-11-09T12:21:25.545485Z","project":1}]