[{"id":11,"annotations":[{"id":10,"completed_by":{"id":1,"email":"noemie.garcia@unil.ch","first_name":"","last_name":""},"result":[{"value":{"start":2,"end":3571,"text":"Ô chers héros Danaens , serviteurs d'Arès , il est juste d'écouter celui qui parle , et il ne convient point de l'interrompre , car cela est pénible , même pour le plus habile . Qui pourrait écouter et entendre au milieu du tumulte des hommes ? La voix sonore du meilleur agorète est vaine . Je parlerai au Pèléide . Vous , Argiens , écoutez mes paroles , et que chacun connaisse ma pensée . Souvent les Akhaiens m'ont accusé , mais je n'ai point causé leurs maux . Zeus , la moire , Érinnyes qui errent dans les ténèbres , ont jeté la fureur dans mon âme , au milieu de l'agora , le jour où j'ai enlevé la récompense d'Akhilleus . Mais qu'auraishYpppHeN je fait ? Une déesse accomplit tout , la vénérable fille de Zeus , la fatale Atè qui égare les hommes . Ses pieds aériens ne touchent point la terre , mais elle passe sur la tête des hommes qu'elle blesse , et elle n'enchaîne pas qu'eux . Autrefois , en effet , elle a égaré Zeus qui l'emporte sur les hommes et les dieux . Hèrè trompa le Kronide par ses ruses , le jour où Alkménè allait enfanter la force Hèracléenne , dans Thèbè aux fortes murailles . Et , plein de joie , Zeus dit au milieu de tous les dieux : — Écoutez-moi , dieux et déesses , afin que je dise ce que mon esprit m'inspire . Aujourd'hui , Eileithya , qui préside aux douloureux enfantements , appellera à la lumière un homme de ceux qui sont de ma race et de mon sang , et qui commandera sur tous ses voisins . Et la vénérable Hèrè qui médite des ruses parla ainsi : — Tu mens , et tu n'accompliras point tes paroles . Allons , Olympien ! jure , par un inviolable serment , qu'il commandera sur tous ses voisins , l'homme de ton sang et de ta race qui , aujourd'hui , tombera d'entre les genoux d'une femme . Elle parla ainsi , et Zeus ne comprit point sa ruse , et il jura un grand serment dont il devait souffrir dans la suite . Et , quittant à la hâte le faîte de l'Olympos , Hèrè parvint dans Argos Akhaienne où elle savait que l'illustre épouse de Sthénélos Persèiade portait un fils dans son sein . Et elle le fit naître avant le temps , à sept mois . Et elle retarda les douleurs de l'enfantement et les couches d'Alkménè . Puis , l'annonçant au Kroniôn Zeus , elle lui dit : — Père Zeus qui tiens la foudre éclatante , je t'annoncerai ceci : l'homme illustre est né qui commandera sur les Argiens . C'est Eurystheus , fils de Sthénélos Persèiade . Il est de ta race , et il n'est pas indigne de commander sur les Argiens . Elle parla ainsi , et une douleur aiguë et profonde blessa le coeur de Zeus . Et , saisissant Atè par ses tresses brillantes , il jura , par un inviolable serment , qu'elle ne reviendrait plus jamais dans l'Olympos et dans l'Ouranos étoilé , Atè , qui égare tous les esprits . Il parla ainsi , et , la faisant tournoyer , il la jeta , de l'Ouranos étoilé , au milieu des hommes . Et c'est par elle qu'il gémissait , quand il voyait son fils bien - aimé accablé de travaux sous le joug violent d'Eurystheus . Et il en est ainsi de moi . Quand le grand Hektôr au casque mouvant accablait les Argiens auprès des poupes des nefs , je ne pouvais oublier cette fureur qui m'avait égaré . Mais , puisque je t'ai offensé et que Zeus m'a ravi l'esprit , je veux t'apaiser et te faire des présents infinis . Va donc au combat et encourage les troupes ; et je préparerai les présents que le divin Odysseus , hier sous tes tentes , t'a promis . Ou , si tu le désires , attends , malgré ton ardeur à combattre . Des hérauts vont t'apporter ces présents , de ma nef , et tu verras ce que je veux te donner pour t'apaiser .","labels":["Speech"]},"id":"DvDBqeez8g","from_name":"speech","to_name":"text","type":"labels"},{"value":{"start":3145,"end":3571,"text":"Mais , puisque je t'ai offensé et que Zeus m'a ravi l'esprit , je veux t'apaiser et te faire des présents infinis . Va donc au combat et encourage les troupes ; et je préparerai les présents que le divin Odysseus , hier sous tes tentes , t'a promis . Ou , si tu le désires , attends , malgré ton ardeur à combattre . Des hérauts vont t'apporter ces présents , de ma nef , et tu verras ce que je veux te donner pour t'apaiser .","labels":["Calme"]},"id":"RQeZsllH5H","from_name":"emotion","to_name":"text","type":"labels"}],"was_cancelled":false,"ground_truth":false,"created_at":"2021-11-09T16:24:37.590283Z","updated_at":"2021-11-22T08:33:15.635366Z","lead_time":377.417,"prediction":{},"result_count":0,"task":11,"parent_prediction":null,"parent_annotation":null}],"predictions":[],"file_upload":"7ced78fe-19.csv","data":{"text":"— Ô chers héros Danaens , serviteurs d'Arès , il est juste d'écouter celui qui parle , et il ne convient point de l'interrompre , car cela est pénible , même pour le plus habile . Qui pourrait écouter et entendre au milieu du tumulte des hommes ? La voix sonore du meilleur agorète est vaine . Je parlerai au Pèléide . Vous , Argiens , écoutez mes paroles , et que chacun connaisse ma pensée . Souvent les Akhaiens m'ont accusé , mais je n'ai point causé leurs maux . Zeus , la moire , Érinnyes qui errent dans les ténèbres , ont jeté la fureur dans mon âme , au milieu de l'agora , le jour où j'ai enlevé la récompense d'Akhilleus . Mais qu'auraishYpppHeN je fait ? Une déesse accomplit tout , la vénérable fille de Zeus , la fatale Atè qui égare les hommes . Ses pieds aériens ne touchent point la terre , mais elle passe sur la tête des hommes qu'elle blesse , et elle n'enchaîne pas qu'eux . Autrefois , en effet , elle a égaré Zeus qui l'emporte sur les hommes et les dieux . Hèrè trompa le Kronide par ses ruses , le jour où Alkménè allait enfanter la force Hèracléenne , dans Thèbè aux fortes murailles . Et , plein de joie , Zeus dit au milieu de tous les dieux : — Écoutez-moi , dieux et déesses , afin que je dise ce que mon esprit m'inspire . Aujourd'hui , Eileithya , qui préside aux douloureux enfantements , appellera à la lumière un homme de ceux qui sont de ma race et de mon sang , et qui commandera sur tous ses voisins . Et la vénérable Hèrè qui médite des ruses parla ainsi : — Tu mens , et tu n'accompliras point tes paroles . Allons , Olympien ! jure , par un inviolable serment , qu'il commandera sur tous ses voisins , l'homme de ton sang et de ta race qui , aujourd'hui , tombera d'entre les genoux d'une femme . Elle parla ainsi , et Zeus ne comprit point sa ruse , et il jura un grand serment dont il devait souffrir dans la suite . Et , quittant à la hâte le faîte de l'Olympos , Hèrè parvint dans Argos Akhaienne où elle savait que l'illustre épouse de Sthénélos Persèiade portait un fils dans son sein . Et elle le fit naître avant le temps , à sept mois . Et elle retarda les douleurs de l'enfantement et les couches d'Alkménè . Puis , l'annonçant au Kroniôn Zeus , elle lui dit : — Père Zeus qui tiens la foudre éclatante , je t'annoncerai ceci : l'homme illustre est né qui commandera sur les Argiens . C'est Eurystheus , fils de Sthénélos Persèiade . Il est de ta race , et il n'est pas indigne de commander sur les Argiens . Elle parla ainsi , et une douleur aiguë et profonde blessa le coeur de Zeus . Et , saisissant Atè par ses tresses brillantes , il jura , par un inviolable serment , qu'elle ne reviendrait plus jamais dans l'Olympos et dans l'Ouranos étoilé , Atè , qui égare tous les esprits . Il parla ainsi , et , la faisant tournoyer , il la jeta , de l'Ouranos étoilé , au milieu des hommes . Et c'est par elle qu'il gémissait , quand il voyait son fils bien - aimé accablé de travaux sous le joug violent d'Eurystheus . Et il en est ainsi de moi . Quand le grand Hektôr au casque mouvant accablait les Argiens auprès des poupes des nefs , je ne pouvais oublier cette fureur qui m'avait égaré . Mais , puisque je t'ai offensé et que Zeus m'a ravi l'esprit , je veux t'apaiser et te faire des présents infinis . Va donc au combat et encourage les troupes ; et je préparerai les présents que le divin Odysseus , hier sous tes tentes , t'a promis . Ou , si tu le désires , attends , malgré ton ardeur à combattre . Des hérauts vont t'apporter ces présents , de ma nef , et tu verras ce que je veux te donner pour t'apaiser ."},"meta":{},"created_at":"2021-11-09T09:40:25.860355Z","updated_at":"2021-11-22T08:33:15.598190Z","project":1},{"id":43,"annotations":[{"id":37,"completed_by":{"id":1,"email":"noemie.garcia@unil.ch","first_name":"","last_name":""},"result":[{"value":{"start":59,"end":68,"text":"Akhilleus","labels":["Speaker"]},"meta":{"text":["38"]},"id":"sv6Obxnx6Q","from_name":"speech","to_name":"text","type":"labels"}],"was_cancelled":false,"ground_truth":false,"created_at":"2021-11-09T16:52:12.754911Z","updated_at":"2021-11-18T08:43:13.092882Z","lead_time":946.733,"prediction":{},"result_count":0,"task":43,"parent_prediction":null,"parent_annotation":null}],"predictions":[],"file_upload":"7ced78fe-19.csv","data":{"text":"Et comme il parlait , les Érinnyes arrêtèrent sa voix , et Akhilleus aux pieds rapides lui répondit , furieux :"},"meta":{},"created_at":"2021-11-09T09:40:25.862914Z","updated_at":"2021-11-18T08:43:13.058955Z","project":1},{"id":31,"annotations":[{"id":27,"completed_by":{"id":1,"email":"noemie.garcia@unil.ch","first_name":"","last_name":""},"result":[{"value":{"start":57,"end":66,"text":"Akhilleus","labels":["Speaker"]},"meta":{"text":["28"]},"id":"l23UvONHMz","from_name":"speech","to_name":"text","type":"labels"},{"value":{"start":57,"end":66,"text":"Akhilleus","labels":["Speaker"]},"meta":{"text":["29"]},"id":"l4E2QIuCD_","from_name":"speech","to_name":"text","type":"labels"}],"was_cancelled":false,"ground_truth":false,"created_at":"2021-11-09T16:37:54.811831Z","updated_at":"2021-11-18T08:42:06.571112Z","lead_time":880.21,"prediction":{},"result_count":0,"task":31,"parent_prediction":null,"parent_annotation":null}],"predictions":[],"file_upload":"7ced78fe-19.csv","data":{"text":"Et les princes vénérables des Akhaiens , réunis autour d'Akhilleus , le suppliaient de manger , mais il ne le voulait pas :"},"meta":{},"created_at":"2021-11-09T09:40:25.862176Z","updated_at":"2021-11-18T08:42:06.539753Z","project":1},{"id":33,"annotations":[{"id":30,"completed_by":{"id":1,"email":"noemie.garcia@unil.ch","first_name":"","last_name":""},"result":[],"was_cancelled":false,"ground_truth":false,"created_at":"2021-11-09T16:43:12.960695Z","updated_at":"2021-11-18T08:41:43.687337Z","lead_time":857.321,"prediction":{},"result_count":0,"task":33,"parent_prediction":null,"parent_annotation":null}],"predictions":[],"file_upload":"7ced78fe-19.csv","data":{"text":"Il parla ainsi et renvoya les autres rois , sauf les deux Atréides , le divin Odysseus , Nestôr , Idoméneus et le vieux cavalier Phoinix , qui restèrent pour charmer sa tristesse . Mais rien ne devait le consoler , avant qu'il se fût jeté dans la mêlée sanglante . Et le souvenir renouvelait ses gémissements , et il disait :"},"meta":{},"created_at":"2021-11-09T09:40:25.862306Z","updated_at":"2021-11-18T08:41:43.653024Z","project":1},{"id":23,"annotations":[{"id":21,"completed_by":{"id":1,"email":"noemie.garcia@unil.ch","first_name":"","last_name":""},"result":[{"value":{"start":6,"end":15,"text":"Agamemnôn","labels":["Speaker"]},"meta":{"text":["22"]},"id":"lri6Bv_5SY","from_name":"speech","to_name":"text","type":"labels"}],"was_cancelled":false,"ground_truth":false,"created_at":"2021-11-09T16:35:11.039266Z","updated_at":"2021-11-18T08:38:40.075960Z","lead_time":673.711,"prediction":{},"result_count":0,"task":23,"parent_prediction":null,"parent_annotation":null}],"predictions":[],"file_upload":"7ced78fe-19.csv","data":{"text":"Alors Agamemnôn se leva . Talthybios , semblable à un dieu par la voix , debout auprès du prince des peuples , tenait un sanglier dans ses mains . Et l'Atréide saisit le couteau toujours suspendu auprès de la grande gaîne de son épée , et , coupant les soies du sanglier , les mains levées vers Zeus , il les lui voua . Et les Argiens , assis en silence , écoutaient le roi respectueusement . Et , suppliant , il dit , regardant le large Ouranos :"},"meta":{},"created_at":"2021-11-09T09:40:25.861339Z","updated_at":"2021-11-18T08:38:40.045719Z","project":1},{"id":20,"annotations":[{"id":19,"completed_by":{"id":1,"email":"noemie.garcia@unil.ch","first_name":"","last_name":""},"result":[{"value":{"start":11,"end":19,"text":"Odysseus","labels":["Speaker"]},"meta":{"text":["20"]},"id":"01PWgwQC9v","from_name":"speech","to_name":"text","type":"labels"}],"was_cancelled":false,"ground_truth":false,"created_at":"2021-11-09T16:30:05.842966Z","updated_at":"2021-11-18T08:38:06.267043Z","lead_time":639.9,"prediction":{},"result_count":0,"task":20,"parent_prediction":null,"parent_annotation":null}],"predictions":[],"file_upload":"7ced78fe-19.csv","data":{"text":"Et le sage Odysseus , lui répondant , parla ainsi :"},"meta":{},"created_at":"2021-11-09T09:40:25.861130Z","updated_at":"2021-11-18T08:38:06.233467Z","project":1},{"id":18,"annotations":[{"id":17,"completed_by":{"id":1,"email":"noemie.garcia@unil.ch","first_name":"","last_name":""},"result":[{"value":{"start":3,"end":12,"text":"Akhilleus","labels":["Speaker"]},"meta":{"text":["18"]},"id":"pwV8I7vRhb","from_name":"speech","to_name":"text","type":"labels"}],"was_cancelled":false,"ground_truth":false,"created_at":"2021-11-09T16:29:25.248955Z","updated_at":"2021-11-18T08:37:40.394441Z","lead_time":614.03,"prediction":{},"result_count":0,"task":18,"parent_prediction":null,"parent_annotation":null}],"predictions":[],"file_upload":"7ced78fe-19.csv","data":{"text":"Et Akhilleus aux pieds rapides , lui répondant , parla ainsi :"},"meta":{},"created_at":"2021-11-09T09:40:25.860987Z","updated_at":"2021-11-18T08:37:40.363120Z","project":1},{"id":16,"annotations":[{"id":15,"completed_by":{"id":1,"email":"noemie.garcia@unil.ch","first_name":"","last_name":""},"result":[{"value":{"start":23,"end":32,"text":"Agamemnôn","labels":["Speaker"]},"meta":{"text":["16"]},"id":"oHqO00LbYG","from_name":"speech","to_name":"text","type":"labels"}],"was_cancelled":false,"ground_truth":false,"created_at":"2021-11-09T16:27:33.008786Z","updated_at":"2021-11-18T08:37:15.061471Z","lead_time":588.689,"prediction":{},"result_count":0,"task":16,"parent_prediction":null,"parent_annotation":null}],"predictions":[],"file_upload":"7ced78fe-19.csv","data":{"text":"Et le roi des hommes , Agamemnôn . lui répondit :"},"meta":{},"created_at":"2021-11-09T09:40:25.860828Z","updated_at":"2021-11-18T08:37:15.032636Z","project":1},{"id":14,"annotations":[{"id":13,"completed_by":{"id":1,"email":"noemie.garcia@unil.ch","first_name":"","last_name":""},"result":[{"value":{"start":11,"end":19,"text":"Odysseus","labels":["Speaker"]},"meta":{"text":["14"]},"id":"23BJt8OZHZ","from_name":"speech","to_name":"text","type":"labels"}],"was_cancelled":false,"ground_truth":false,"created_at":"2021-11-09T16:25:45.131893Z","updated_at":"2021-11-18T08:36:36.134528Z","lead_time":549.77,"prediction":{},"result_count":0,"task":14,"parent_prediction":null,"parent_annotation":null}],"predictions":[],"file_upload":"7ced78fe-19.csv","data":{"text":"Et le sage Odysseus , lui répondant , parla ainsi :"},"meta":{},"created_at":"2021-11-09T09:40:25.860647Z","updated_at":"2021-11-18T08:36:36.107612Z","project":1},{"id":12,"annotations":[{"id":11,"completed_by":{"id":1,"email":"noemie.garcia@unil.ch","first_name":"","last_name":""},"result":[{"value":{"start":3,"end":12,"text":"Akhilleus","labels":["Speaker"]},"meta":{"text":["12"]},"id":"9zzfnW6zj4","from_name":"speech","to_name":"text","type":"labels"}],"was_cancelled":false,"ground_truth":false,"created_at":"2021-11-09T16:25:01.535333Z","updated_at":"2021-11-18T08:36:12.508468Z","lead_time":526.145,"prediction":{},"result_count":0,"task":12,"parent_prediction":null,"parent_annotation":null}],"predictions":[],"file_upload":"7ced78fe-19.csv","data":{"text":"Et Akhilleus aux pieds rapides lui répondit :"},"meta":{},"created_at":"2021-11-09T09:40:25.860481Z","updated_at":"2021-11-18T08:36:12.478260Z","project":1},{"id":10,"annotations":[{"id":9,"completed_by":{"id":1,"email":"noemie.garcia@unil.ch","first_name":"","last_name":""},"result":[{"value":{"start":138,"end":147,"text":"Agamemnôn","labels":["Speaker"]},"meta":{"text":["10"]},"id":"bZPLDeK6VT","from_name":"speech","to_name":"text","type":"labels"}],"was_cancelled":false,"ground_truth":false,"created_at":"2021-11-09T16:23:10.109048Z","updated_at":"2021-11-18T08:35:34.128978Z","lead_time":487.765,"prediction":{},"result_count":0,"task":10,"parent_prediction":null,"parent_annotation":null}],"predictions":[],"file_upload":"7ced78fe-19.csv","data":{"text":"Il parla ainsi , et les Akhaiens aux belles knèmides se réjouirent que le magnanime Pèléiôn renonçât à sa colère . Et le roi des hommes , Agamemnôn , parla de son siège , ne se levant point au milieu d'eux :"},"meta":{},"created_at":"2021-11-09T09:40:25.860192Z","updated_at":"2021-11-18T08:35:34.100789Z","project":1},{"id":8,"annotations":[{"id":7,"completed_by":{"id":1,"email":"noemie.garcia@unil.ch","first_name":"","last_name":""},"result":[{"value":{"start":773,"end":782,"text":"Akhilleus","labels":["Speaker"]},"meta":{"text":["8"]},"id":"eP_FIpB8Hi","from_name":"speech","to_name":"text","type":"labels"}],"was_cancelled":false,"ground_truth":false,"created_at":"2021-11-09T16:20:19.040362Z","updated_at":"2021-11-18T08:34:39.422409Z","lead_time":433.06,"prediction":{},"result_count":0,"task":8,"parent_prediction":null,"parent_annotation":null}],"predictions":[],"file_upload":"7ced78fe-19.csv","data":{"text":"Et le divin Akhilleus courait sur le rivage de la mer , poussant des cris horribles , et excitant les héros Akhaiens . Et ceux qui , auparavant , restaient dans les nefs , et les pilotes qui tenaient les gouvernails , et ceux mêmes qui distribuaient les vivres auprès des nefs , tous allaient à l ’ agora où Akhilleus reparaissait , après s'être éloigné longtemps du combat . Et les deux serviteurs d'Arès , le belliqueux Tydéide et le divin Odysseus , boitant et appuyés sur leurs lances , car ils souffraient encore de leurs blessures , vinrent s'asseoir aux premiers rangs . Et le roi des hommes , Agamemnôn , vint le dernier , étant blessé aussi , Koôn Anténoride l'ayant frappé de sa lance d'airain , dans la rude mêlée . Et quand tous les Akhaiens furent assemblés , Akhilleus aux pieds rapides , se levant au milieu d'eux , parla ainsi :"},"meta":{},"created_at":"2021-11-09T09:40:25.859924Z","updated_at":"2021-11-18T08:34:39.393299Z","project":1},{"id":5,"annotations":[{"id":5,"completed_by":{"id":1,"email":"noemie.garcia@unil.ch","first_name":"","last_name":""},"result":[{"value":{"start":13,"end":19,"text":"Thétis","labels":["Speaker"]},"meta":{"text":["6"]},"id":"jzELrRcrKj","from_name":"speech","to_name":"text","type":"labels"}],"was_cancelled":false,"ground_truth":false,"created_at":"2021-11-09T16:18:05.661066Z","updated_at":"2021-11-18T08:33:29.857983Z","lead_time":363.499,"prediction":{},"result_count":0,"task":5,"parent_prediction":null,"parent_annotation":null}],"predictions":[],"file_upload":"7ced78fe-19.csv","data":{"text":"Et la déesse Thétis aux pieds d'argent lui répondit :"},"meta":{},"created_at":"2021-11-09T09:40:25.859523Z","updated_at":"2021-11-18T08:33:29.829776Z","project":1},{"id":1,"annotations":[{"id":1,"completed_by":{"id":1,"email":"noemie.garcia@unil.ch","first_name":"","last_name":""},"result":[{"value":{"start":0,"end":3,"text":"Éôs","labels":["Speaker"]},"meta":{"text":["2"]},"id":"c68q7CAs1o","from_name":"speech","to_name":"text","type":"labels"}],"was_cancelled":false,"ground_truth":false,"created_at":"2021-11-09T09:54:19.160890Z","updated_at":"2021-11-18T08:28:21.468735Z","lead_time":55.109,"prediction":{},"result_count":0,"task":1,"parent_prediction":null,"parent_annotation":null}],"predictions":[],"file_upload":"7ced78fe-19.csv","data":{"text":"Éôs au péplos couleur de safran sortait des flots d'Okéanos pour porter la lumière aux immortels et aux hommes . Et Thétis parvint aux nefs avec les présents du dieu . Et elle trouva son fils bien - aimé entourant de ses bras Patroklos et pleurant amèrement . Et , autour de lui , ses compagnons gémissaient . Mais la déesse parut au milieu d'eux , prit la main d'Akhilleus et lui dit :"},"meta":{},"created_at":"2021-11-09T09:40:25.858756Z","updated_at":"2021-11-18T08:28:21.439684Z","project":1},{"id":44,"annotations":[{"id":38,"completed_by":{"id":1,"email":"noemie.garcia@unil.ch","first_name":"","last_name":""},"result":[{"value":{"start":2,"end":205,"text":"Xanthos , pourquoi m'annoncer la mort ? Que t'importe ? Je sais que ma destinée est de mourir ici , loin de mon père et de ma mère , mais je ne m'arrêterai qu'après avoir assouvi les Troiens de combats .","labels":["Speech"]},"id":"8cV7-_BFxC","from_name":"speech","to_name":"text","type":"labels"},{"value":{"start":58,"end":203,"text":"Je sais que ma destinée est de mourir ici , loin de mon père et de ma mère , mais je ne m'arrêterai qu'après avoir assouvi les Troiens de combats","labels":["Ardeur"]},"id":"Pvzp7tyONQ","from_name":"emotion","to_name":"text","type":"labels"}],"was_cancelled":false,"ground_truth":false,"created_at":"2021-11-09T16:52:18.672727Z","updated_at":"2021-11-10T09:16:23.491649Z","lead_time":3548.075,"prediction":{},"result_count":0,"task":44,"parent_prediction":null,"parent_annotation":null}],"predictions":[],"file_upload":"7ced78fe-19.csv","data":{"text":"— Xanthos , pourquoi m'annoncer la mort ? Que t'importe ? Je sais que ma destinée est de mourir ici , loin de mon père et de ma mère , mais je ne m'arrêterai qu'après avoir assouvi les Troiens de combats ."},"meta":{},"created_at":"2021-11-09T09:40:25.862970Z","updated_at":"2021-11-10T09:16:23.460832Z","project":1},{"id":34,"annotations":[{"id":29,"completed_by":{"id":1,"email":"noemie.garcia@unil.ch","first_name":"","last_name":""},"result":[{"value":{"start":2,"end":1219,"text":"Certes , autrefois , ô malheureux , le plus cher de mes compagnons , tu m'apprêtais toihYpppHeNmême , avec soin , un excellent repas , quand les Akhaiens portaient la guerre lamentable aux Troiens dompteurs de chevaux . Et , maintenant , tu gîs , percé par l'airain , et mon coeur , plein du regret de ta mort , se refuse à toute nourriture . Je ne pourrais subir une douleur plus amère , même si j'apprenais la mort de mon père qui , peut-être , dans la Phthiè , verse en ce moment des larmes , privé du secours de son fils , tandis que , sur une terre étrangère je combats les Troiens dompteurs de chevaux pour la cause de l'exécrable Hélénè ; ou même , si je regrettais mon fils bien-aimé , qu'on élève à Skyros , Néoptolémos semblable à un dieu , s'il vit encore . Autrefois , j'espérais dans mon coeur que je mourrais seul devant Troiè , loin d'Argos féconde en chevaux , et que tu conduirais mon fils , de Skyros vers la Phthiè , sur ta nef rapide ; et que tu lui remettrais mes domaines , mes serviteurs et ma haute et grande demeure . Car je pense que Pèleus n'existe plus , ou que , s'il traîne un reste de vie , il attend , accablé par l'affreuse vieillesse , qu'on lui porte la triste nouvelle de ma mort .","labels":["Speech"]},"id":"u1tKtaNZjw","from_name":"speech","to_name":"text","type":"labels"},{"value":{"start":2,"end":1217,"text":"Certes , autrefois , ô malheureux , le plus cher de mes compagnons , tu m'apprêtais toihYpppHeNmême , avec soin , un excellent repas , quand les Akhaiens portaient la guerre lamentable aux Troiens dompteurs de chevaux . Et , maintenant , tu gîs , percé par l'airain , et mon coeur , plein du regret de ta mort , se refuse à toute nourriture . Je ne pourrais subir une douleur plus amère , même si j'apprenais la mort de mon père qui , peut-être , dans la Phthiè , verse en ce moment des larmes , privé du secours de son fils , tandis que , sur une terre étrangère je combats les Troiens dompteurs de chevaux pour la cause de l'exécrable Hélénè ; ou même , si je regrettais mon fils bien-aimé , qu'on élève à Skyros , Néoptolémos semblable à un dieu , s'il vit encore . Autrefois , j'espérais dans mon coeur que je mourrais seul devant Troiè , loin d'Argos féconde en chevaux , et que tu conduirais mon fils , de Skyros vers la Phthiè , sur ta nef rapide ; et que tu lui remettrais mes domaines , mes serviteurs et ma haute et grande demeure . Car je pense que Pèleus n'existe plus , ou que , s'il traîne un reste de vie , il attend , accablé par l'affreuse vieillesse , qu'on lui porte la triste nouvelle de ma mort","labels":["Tristesse"]},"id":"BG5VTGok5_","from_name":"emotion","to_name":"text","type":"labels"}],"was_cancelled":false,"ground_truth":false,"created_at":"2021-11-09T16:42:09.113742Z","updated_at":"2021-11-10T09:13:40.876659Z","lead_time":3385.446,"prediction":{},"result_count":0,"task":34,"parent_prediction":null,"parent_annotation":null}],"predictions":[],"file_upload":"7ced78fe-19.csv","data":{"text":"— Certes , autrefois , ô malheureux , le plus cher de mes compagnons , tu m'apprêtais toihYpppHeNmême , avec soin , un excellent repas , quand les Akhaiens portaient la guerre lamentable aux Troiens dompteurs de chevaux . Et , maintenant , tu gîs , percé par l'airain , et mon coeur , plein du regret de ta mort , se refuse à toute nourriture . Je ne pourrais subir une douleur plus amère , même si j'apprenais la mort de mon père qui , peut-être , dans la Phthiè , verse en ce moment des larmes , privé du secours de son fils , tandis que , sur une terre étrangère je combats les Troiens dompteurs de chevaux pour la cause de l'exécrable Hélénè ; ou même , si je regrettais mon fils bien-aimé , qu'on élève à Skyros , Néoptolémos semblable à un dieu , s'il vit encore . Autrefois , j'espérais dans mon coeur que je mourrais seul devant Troiè , loin d'Argos féconde en chevaux , et que tu conduirais mon fils , de Skyros vers la Phthiè , sur ta nef rapide ; et que tu lui remettrais mes domaines , mes serviteurs et ma haute et grande demeure . Car je pense que Pèleus n'existe plus , ou que , s'il traîne un reste de vie , il attend , accablé par l'affreuse vieillesse , qu'on lui porte la triste nouvelle de ma mort ."},"meta":{},"created_at":"2021-11-09T09:40:25.862369Z","updated_at":"2021-11-10T09:13:40.839529Z","project":1},{"id":32,"annotations":[{"id":28,"completed_by":{"id":1,"email":"noemie.garcia@unil.ch","first_name":"","last_name":""},"result":[{"value":{"start":2,"end":199,"text":"Je vous conjure , si mes chers compagnons veulent m'écouter , de ne point m'ordonner de boire et de manger , car je suis en proie à une amère douleur . Je puis attendre jusqu'au coucher de Hélios .","labels":["Speech"]},"id":"x2ENYC00u4","from_name":"speech","to_name":"text","type":"labels"},{"value":{"start":2,"end":153,"text":"Je vous conjure , si mes chers compagnons veulent m'écouter , de ne point m'ordonner de boire et de manger , car je suis en proie à une amère douleur .","labels":["Tristesse"]},"id":"__ZvWSOAaj","from_name":"emotion","to_name":"text","type":"labels"}],"was_cancelled":false,"ground_truth":false,"created_at":"2021-11-09T16:38:00.494871Z","updated_at":"2021-11-10T09:11:08.636693Z","lead_time":3233.206,"prediction":{},"result_count":0,"task":32,"parent_prediction":null,"parent_annotation":null}],"predictions":[],"file_upload":"7ced78fe-19.csv","data":{"text":"— Je vous conjure , si mes chers compagnons veulent m'écouter , de ne point m'ordonner de boire et de manger , car je suis en proie à une amère douleur . Je puis attendre jusqu'au coucher de Hélios ."},"meta":{},"created_at":"2021-11-09T09:40:25.862250Z","updated_at":"2021-11-10T09:11:08.605555Z","project":1},{"id":29,"annotations":[{"id":26,"completed_by":{"id":1,"email":"noemie.garcia@unil.ch","first_name":"","last_name":""},"result":[{"value":{"start":2,"end":782,"text":"O Patroklos , si doux pour moi , malheureuse ! Je t'ai laissé vivant quand je quittai cette tente , et voici que je te retrouve mort , prince des peuples ! Pour moi le mal suit le mal . L'homme à qui mon père et ma mère vénérable m'avaient donnée , je l'ai vu , devant sa ville , percé de l'airain aigu . Et mes trois frères , que ma mère avait enfantés , et que j'aimais , trouvèrent aussi leur jour fatal . Et tu ne me permettais point de pleurer , quand le rapide Akhilleus eut tué mon époux et renversé la ville du divin Mynès , et tu me disais que tu ferais de moi la jeune épouse du divin Akhilleus , et que tu me conduirais sur tes nefs dans la Phthiè , pour y faire le festin nuptial au milieu des Myrmidones . Aussi toi qui étais si doux , je pleurerai toujours ta mort .","labels":["Speech"]},"id":"o5aEND4Nsz","from_name":"speech","to_name":"text","type":"labels"},{"value":{"start":2,"end":782,"text":"O Patroklos , si doux pour moi , malheureuse ! Je t'ai laissé vivant quand je quittai cette tente , et voici que je te retrouve mort , prince des peuples ! Pour moi le mal suit le mal . L'homme à qui mon père et ma mère vénérable m'avaient donnée , je l'ai vu , devant sa ville , percé de l'airain aigu . Et mes trois frères , que ma mère avait enfantés , et que j'aimais , trouvèrent aussi leur jour fatal . Et tu ne me permettais point de pleurer , quand le rapide Akhilleus eut tué mon époux et renversé la ville du divin Mynès , et tu me disais que tu ferais de moi la jeune épouse du divin Akhilleus , et que tu me conduirais sur tes nefs dans la Phthiè , pour y faire le festin nuptial au milieu des Myrmidones . Aussi toi qui étais si doux , je pleurerai toujours ta mort .","labels":["Tristesse"]},"id":"0XiL7MbcR2","from_name":"emotion","to_name":"text","type":"labels"}],"was_cancelled":false,"ground_truth":false,"created_at":"2021-11-09T16:37:07.988819Z","updated_at":"2021-11-10T09:10:33.045297Z","lead_time":3197.617,"prediction":{},"result_count":0,"task":29,"parent_prediction":null,"parent_annotation":null}],"predictions":[],"file_upload":"7ced78fe-19.csv","data":{"text":"— O Patroklos , si doux pour moi , malheureuse ! Je t'ai laissé vivant quand je quittai cette tente , et voici que je te retrouve mort , prince des peuples ! Pour moi le mal suit le mal . L'homme à qui mon père et ma mère vénérable m'avaient donnée , je l'ai vu , devant sa ville , percé de l'airain aigu . Et mes trois frères , que ma mère avait enfantés , et que j'aimais , trouvèrent aussi leur jour fatal . Et tu ne me permettais point de pleurer , quand le rapide Akhilleus eut tué mon époux et renversé la ville du divin Mynès , et tu me disais que tu ferais de moi la jeune épouse du divin Akhilleus , et que tu me conduirais sur tes nefs dans la Phthiè , pour y faire le festin nuptial au milieu des Myrmidones . Aussi toi qui étais si doux , je pleurerai toujours ta mort ."},"meta":{},"created_at":"2021-11-09T09:40:25.862021Z","updated_at":"2021-11-10T09:10:33.013105Z","project":1},{"id":19,"annotations":[{"id":18,"completed_by":{"id":1,"email":"noemie.garcia@unil.ch","first_name":"","last_name":""},"result":[{"value":{"start":2,"end":816,"text":"Atréide Agnmemnôn , très llustre roi des hommes , tu t'inquiéteras de ceci quand la guerre aura pris fin et quand ma fureur sera moins grande dans ma poitrine . Ils gisent encore sans sépulture ceux qu'a tués le Priamide Hektôr , tandis que Zeus lui donnait la victoire , et vous songez à manger ! J'ordonnerai plutôt aux fils des Akhaiens de combattre maintenant , sans avoir mangé , et de ne préparer un grand repas qu'au coucher de Hélios , après avoir vengé notre injure . Pour moi , rien n'entrera auparavant dans ma bouche , ni pain , ni vin . Mon compagnon est mort ; il est couché sous ma tente , percé de l'airain aigu , les pieds du côté de l'entrée , et mes autres compagnons pleurent autour de lui . Et je n'ai plus d'autre désir dans le coeur que le carnage , le sang et le gémissement des guerriers .","labels":["Speech"]},"id":"yJteJxY1AK","from_name":"speech","to_name":"text","type":"labels"},{"value":{"start":2,"end":549,"text":"Atréide Agnmemnôn , très llustre roi des hommes , tu t'inquiéteras de ceci quand la guerre aura pris fin et quand ma fureur sera moins grande dans ma poitrine . Ils gisent encore sans sépulture ceux qu'a tués le Priamide Hektôr , tandis que Zeus lui donnait la victoire , et vous songez à manger ! J'ordonnerai plutôt aux fils des Akhaiens de combattre maintenant , sans avoir mangé , et de ne préparer un grand repas qu'au coucher de Hélios , après avoir vengé notre injure . Pour moi , rien n'entrera auparavant dans ma bouche , ni pain , ni vin","labels":["Colère"]},"id":"UO0egRlypE","from_name":"emotion","to_name":"text","type":"labels"},{"value":{"start":552,"end":713,"text":"Mon compagnon est mort ; il est couché sous ma tente , percé de l'airain aigu , les pieds du côté de l'entrée , et mes autres compagnons pleurent autour de lui .","labels":["Tristesse"]},"id":"69rcNi7sEf","from_name":"emotion","to_name":"text","type":"labels"},{"value":{"start":714,"end":816,"text":"Et je n'ai plus d'autre désir dans le coeur que le carnage , le sang et le gémissement des guerriers .","labels":["Ardeur"]},"id":"iVhcwbLl3K","from_name":"emotion","to_name":"text","type":"labels"}],"was_cancelled":false,"ground_truth":false,"created_at":"2021-11-09T16:29:32.709857Z","updated_at":"2021-11-10T09:00:14.680063Z","lead_time":2579.251,"prediction":{},"result_count":0,"task":19,"parent_prediction":null,"parent_annotation":null}],"predictions":[],"file_upload":"7ced78fe-19.csv","data":{"text":"— Atréide Agnmemnôn , très llustre roi des hommes , tu t'inquiéteras de ceci quand la guerre aura pris fin et quand ma fureur sera moins grande dans ma poitrine . Ils gisent encore sans sépulture ceux qu'a tués le Priamide Hektôr , tandis que Zeus lui donnait la victoire , et vous songez à manger ! J'ordonnerai plutôt aux fils des Akhaiens de combattre maintenant , sans avoir mangé , et de ne préparer un grand repas qu'au coucher de Hélios , après avoir vengé notre injure . Pour moi , rien n'entrera auparavant dans ma bouche , ni pain , ni vin . Mon compagnon est mort ; il est couché sous ma tente , percé de l'airain aigu , les pieds du côté de l'entrée , et mes autres compagnons pleurent autour de lui . Et je n'ai plus d'autre désir dans le coeur que le carnage , le sang et le gémissement des guerriers ."},"meta":{},"created_at":"2021-11-09T09:40:25.861063Z","updated_at":"2021-11-10T09:00:14.650690Z","project":1},{"id":17,"annotations":[{"id":16,"completed_by":{"id":1,"email":"noemie.garcia@unil.ch","first_name":"","last_name":""},"result":[{"value":{"start":2,"end":758,"text":"Laertiade , je me réjouis de ce que tu as dit . Tu n'as rien oublié , et tu as tout expliqué convenablement . Certes , je veux faire ce serment , car mon coeur me l'ordonne et je ne me parjurerai point devant les dieux . Qu'Akhilleus attende , malgré son désir de combattre , et que tous attendent réunis , jusqu'à ce que les présents soient apportés de mes tentes et que nous ayons consacré notre alliance . Et toi , Odysseus , je te le commande et te l'ordonne , prends les plus illustres des jeunes fils des Akhaiens , et qu'ils apportent de mes nefs tout ce que tu as promis hier au Pèléide ; et amène aussi les femmes . Et Talthybios préparera promptement , dans le vaste camp des Akhaiens , le sanglier qui sera tué , en offrande à Zeus et à Hélios .","labels":["Speech"]},"id":"ZwDfH3QOI1","from_name":"speech","to_name":"text","type":"labels"},{"value":{"start":2,"end":111,"text":"Laertiade , je me réjouis de ce que tu as dit . Tu n'as rien oublié , et tu as tout expliqué convenablement .","labels":["Joie"]},"id":"AHwprV4cR1","from_name":"emotion","to_name":"text","type":"labels"}],"was_cancelled":false,"ground_truth":false,"created_at":"2021-11-09T16:27:42.486628Z","updated_at":"2021-11-10T08:56:28.413901Z","lead_time":2352.985,"prediction":{},"result_count":0,"task":17,"parent_prediction":null,"parent_annotation":null}],"predictions":[],"file_upload":"7ced78fe-19.csv","data":{"text":"— Laertiade , je me réjouis de ce que tu as dit . Tu n'as rien oublié , et tu as tout expliqué convenablement . Certes , je veux faire ce serment , car mon coeur me l'ordonne et je ne me parjurerai point devant les dieux . Qu'Akhilleus attende , malgré son désir de combattre , et que tous attendent réunis , jusqu'à ce que les présents soient apportés de mes tentes et que nous ayons consacré notre alliance . Et toi , Odysseus , je te le commande et te l'ordonne , prends les plus illustres des jeunes fils des Akhaiens , et qu'ils apportent de mes nefs tout ce que tu as promis hier au Pèléide ; et amène aussi les femmes . Et Talthybios préparera promptement , dans le vaste camp des Akhaiens , le sanglier qui sera tué , en offrande à Zeus et à Hélios ."},"meta":{},"created_at":"2021-11-09T09:40:25.860907Z","updated_at":"2021-11-10T08:56:28.385225Z","project":1},{"id":9,"annotations":[{"id":8,"completed_by":{"id":1,"email":"noemie.garcia@unil.ch","first_name":"","last_name":""},"result":[{"value":{"start":2,"end":915,"text":"Atréide , n'eûthYpppHeNil pas mieux valu nous entendre , quand , pleins de colère , nous avons consumé notre coeur pour cette jeune femme ? Plût aux dieux que la flèche d'Artémis l'eût tuée sur les nefs , le jour où je la pris dans Lyrnessos bien peuplée ! Tant d'Akhaiens n'auraient pas mordu la vaste terre sous des mains ennemies , à cause de ma colère . Ceci n'a servi qu'à Hektôr et aux Troiens ; et je pense que les Akhaiens se souviendront longtemps de notre querelle . Mais oublions le passé , malgré notre douleur ; et , dans notre poitrine , soumettons notre âme à la nécessité . Aujourd'hui , je dépose ma colère . Il ne convient pas que je sois toujours irrité . Mais toi , appelle promptement au combat les Akhaiens chevelus , afin que je marche aux Troiens et que je voie s'ils veulent dormir auprès des nefs . Il courbera volontiers les genoux , celui qui aura échappé à nos lances dans le combat .","labels":["Speech"]},"id":"nlpg8lnf0t","from_name":"speech","to_name":"text","type":"labels"},{"value":{"start":479,"end":526,"text":"Mais oublions le passé , malgré notre douleur ;","labels":["Tristesse"]},"id":"b2vISltyoH","from_name":"emotion","to_name":"text","type":"labels"},{"value":{"start":533,"end":676,"text":"ans notre poitrine , soumettons notre âme à la nécessité . Aujourd'hui , je dépose ma colère . Il ne convient pas que je sois toujours irrité .","labels":["Calme"]},"id":"B27OUgVmrB","from_name":"emotion","to_name":"text","type":"labels"}],"was_cancelled":false,"ground_truth":false,"created_at":"2021-11-09T16:20:43.694986Z","updated_at":"2021-11-10T08:48:26.455839Z","lead_time":1871.028,"prediction":{},"result_count":0,"task":9,"parent_prediction":null,"parent_annotation":null}],"predictions":[],"file_upload":"7ced78fe-19.csv","data":{"text":"— Atréide , n'eûthYpppHeNil pas mieux valu nous entendre , quand , pleins de colère , nous avons consumé notre coeur pour cette jeune femme ? Plût aux dieux que la flèche d'Artémis l'eût tuée sur les nefs , le jour où je la pris dans Lyrnessos bien peuplée ! Tant d'Akhaiens n'auraient pas mordu la vaste terre sous des mains ennemies , à cause de ma colère . Ceci n'a servi qu'à Hektôr et aux Troiens ; et je pense que les Akhaiens se souviendront longtemps de notre querelle . Mais oublions le passé , malgré notre douleur ; et , dans notre poitrine , soumettons notre âme à la nécessité . Aujourd'hui , je dépose ma colère . Il ne convient pas que je sois toujours irrité . Mais toi , appelle promptement au combat les Akhaiens chevelus , afin que je marche aux Troiens et que je voie s'ils veulent dormir auprès des nefs . Il courbera volontiers les genoux , celui qui aura échappé à nos lances dans le combat ."},"meta":{},"created_at":"2021-11-09T09:40:25.860058Z","updated_at":"2021-11-10T08:48:26.426123Z","project":1},{"id":4,"annotations":[{"id":3,"completed_by":{"id":1,"email":"noemie.garcia@unil.ch","first_name":"","last_name":""},"result":[{"value":{"start":2,"end":352,"text":"Ma mère , certes , un dieu t'a donné ces armes qui ne peuvent être que l'oeuvre des immortels , et qu'un homme ne pourrait faire . Je vais m'armer à l'instant . Mais je crains que les mouches pénètrent dans les blessures du brave fils de Ménoitios , y engendrent des vers , et , souillant ce corps où la vie est éteinte , corrompent tout le cadavre .","labels":["Speech"]},"id":"PIdwlcARDO","from_name":"speech","to_name":"text","type":"labels"},{"value":{"start":163,"end":350,"text":"Mais je crains que les mouches pénètrent dans les blessures du brave fils de Ménoitios , y engendrent des vers , et , souillant ce corps où la vie est éteinte , corrompent tout le cadavre","labels":["Peur"]},"id":"9LsCYfEOqE","from_name":"emotion","to_name":"text","type":"labels"}],"was_cancelled":false,"ground_truth":false,"created_at":"2021-11-09T16:15:42.797266Z","updated_at":"2021-11-10T08:35:37.327889Z","lead_time":1101.902,"prediction":{},"result_count":0,"task":4,"parent_prediction":null,"parent_annotation":null}],"predictions":[],"file_upload":"7ced78fe-19.csv","data":{"text":"— Ma mère , certes , un dieu t'a donné ces armes qui ne peuvent être que l'oeuvre des immortels , et qu'un homme ne pourrait faire . Je vais m'armer à l'instant . Mais je crains que les mouches pénètrent dans les blessures du brave fils de Ménoitios , y engendrent des vers , et , souillant ce corps où la vie est éteinte , corrompent tout le cadavre ."},"meta":{},"created_at":"2021-11-09T09:40:25.859390Z","updated_at":"2021-11-10T08:35:37.293750Z","project":1},{"id":2,"annotations":[{"id":2,"completed_by":{"id":1,"email":"noemie.garcia@unil.ch","first_name":"","last_name":""},"result":[{"value":{"start":2,"end":211,"text":"Mon enfant , malgré notre douleur , laissons-le , puisqu'il est mort par la volonté des dieux . Reçois de Hèphaistos ces armes illustres et belles , telles que jamais aucun homme n'en a porté sur ses épaules .","labels":["Speech"]},"id":"M7pYubFEb_","from_name":"speech","to_name":"text","type":"labels"},{"value":{"start":2,"end":97,"text":"Mon enfant , malgré notre douleur , laissons-le , puisqu'il est mort par la volonté des dieux .","labels":["Tristesse"]},"id":"MOUGDd4KGH","from_name":"emotion","to_name":"text","type":"labels"}],"was_cancelled":false,"ground_truth":false,"created_at":"2021-11-09T09:54:34.505683Z","updated_at":"2021-11-10T08:34:24.397194Z","lead_time":1028.948,"prediction":{},"result_count":0,"task":2,"parent_prediction":null,"parent_annotation":null}],"predictions":[],"file_upload":"7ced78fe-19.csv","data":{"text":"— Mon enfant , malgré notre douleur , laissons-le , puisqu'il est mort par la volonté des dieux . Reçois de Hèphaistos ces armes illustres et belles , telles que jamais aucun homme n'en a porté sur ses épaules ."},"meta":{},"created_at":"2021-11-09T09:40:25.858988Z","updated_at":"2021-11-10T08:34:24.361512Z","project":1},{"id":41,"annotations":[{"id":36,"completed_by":{"id":1,"email":"noemie.garcia@unil.ch","first_name":"","last_name":""},"result":[{"value":{"start":33,"end":40,"text":"Xanthos","labels":["Speaker"]},"meta":{"text":["35"]},"id":"t1lWT_msk5","from_name":"speech","to_name":"text","type":"labels"}],"was_cancelled":false,"ground_truth":false,"created_at":"2021-11-09T16:51:52.504185Z","updated_at":"2021-11-09T16:52:01.960209Z","lead_time":2444.546,"prediction":{},"result_count":0,"task":41,"parent_prediction":null,"parent_annotation":null}],"predictions":[],"file_upload":"7ced78fe-19.csv","data":{"text":"Et le cheval aux pieds rapides , Xanthos , lui parla sous le joug ; et il inclina la tête , et toute sa crinière . flottant autour du timon , tombait jusqu'à terre . Et la déesse Hèrè aux bras blancs lui permit de parler :"},"meta":{},"created_at":"2021-11-09T09:40:25.862799Z","updated_at":"2021-11-09T16:52:01.932492Z","project":1},{"id":39,"annotations":[{"id":33,"completed_by":{"id":1,"email":"noemie.garcia@unil.ch","first_name":"","last_name":""},"result":[{"value":{"start":249,"end":258,"text":"Akhilleus","labels":["Speaker"]},"meta":{"text":["34"]},"id":"OQEZNp0QEt","from_name":"speech","to_name":"text","type":"labels"}],"was_cancelled":false,"ground_truth":false,"created_at":"2021-11-09T16:48:58.259237Z","updated_at":"2021-11-09T16:49:30.654400Z","lead_time":2293.205,"prediction":{},"result_count":0,"task":39,"parent_prediction":null,"parent_annotation":null}],"predictions":[],"file_upload":"7ced78fe-19.csv","data":{"text":"Et Automédôn et Alkimos lièrent les chevaux au joug avec de belles courroies ; ils leur mirent les freins dans la bouche , et ils raidirent les rênes vers le siège du char . Et Automédôn y monta , saisissant d'une main habile le fouet brillant , et Akhilleus y monta aussi , tout resplendissant sous ses armes , comme le matinal Hypérionade , et il dit rudement aux chevaux de son père :"},"meta":{},"created_at":"2021-11-09T09:40:25.862658Z","updated_at":"2021-11-09T16:49:30.602744Z","project":1},{"id":40,"annotations":[{"id":34,"completed_by":{"id":1,"email":"noemie.garcia@unil.ch","first_name":"","last_name":""},"result":[{"value":{"start":2,"end":194,"text":"Xanthos et Balios , illustres enfants de Podargè , ramenez cette fois votre conducteur parmi les Danaens , quand nous serons rassasiés du combat , et ne l'abandonnez point mort comme Patroklos","labels":["Speech"]},"id":"FqkeHstKED","from_name":"speech","to_name":"text","type":"labels"}],"was_cancelled":false,"ground_truth":false,"created_at":"2021-11-09T16:49:10.163180Z","updated_at":"2021-11-09T16:49:17.610686Z","lead_time":2280.168,"prediction":{},"result_count":0,"task":40,"parent_prediction":null,"parent_annotation":null}],"predictions":[],"file_upload":"7ced78fe-19.csv","data":{"text":"— Xanthos et Balios , illustres enfants de Podargè , ramenez cette fois votre conducteur parmi les Danaens , quand nous serons rassasiés du combat , et ne l'abandonnez point mort comme Patroklos ."},"meta":{},"created_at":"2021-11-09T09:40:25.862713Z","updated_at":"2021-11-09T16:49:17.572460Z","project":1},{"id":35,"annotations":[{"id":31,"completed_by":{"id":1,"email":"noemie.garcia@unil.ch","first_name":"","last_name":""},"result":[{"value":{"start":137,"end":144,"text":"Kroniôn","labels":["Speaker"]},"meta":{"text":["32"]},"id":"QvffQX1Pyb","from_name":"speech","to_name":"text","type":"labels"}],"was_cancelled":false,"ground_truth":false,"created_at":"2021-11-09T16:44:24.633287Z","updated_at":"2021-11-09T16:44:40.138062Z","lead_time":2002.719,"prediction":{},"result_count":0,"task":35,"parent_prediction":null,"parent_annotation":null}],"predictions":[],"file_upload":"7ced78fe-19.csv","data":{"text":"Il parla ainsi en pleurant , et les princes vénérables gémirent , chacun se souvenant de ce qu'il avait laissé dans ses demeures . Et le Kroniôn , les voyant pleurer , fut saisi de compassion , et il dit à Athènè ces paroles ailées :"},"meta":{},"created_at":"2021-11-09T09:40:25.862425Z","updated_at":"2021-11-09T16:44:40.109346Z","project":1},{"id":28,"annotations":[{"id":25,"completed_by":{"id":1,"email":"noemie.garcia@unil.ch","first_name":"","last_name":""},"result":[{"value":{"start":11,"end":19,"text":"Breisèis","labels":["Speaker"]},"meta":{"text":["26"]},"id":"DMnH_vrTu7","from_name":"speech","to_name":"text","type":"labels"}],"was_cancelled":false,"ground_truth":false,"created_at":"2021-11-09T16:37:01.040391Z","updated_at":"2021-11-09T16:37:16.236746Z","lead_time":1558.808,"prediction":{},"result_count":0,"task":28,"parent_prediction":null,"parent_annotation":null}],"predictions":[],"file_upload":"7ced78fe-19.csv","data":{"text":"Et dès que Breisèis , semblable à Aphroditè d'or , eut vu Patroklos percé de l'airain aigu , elle se lamenta en l'entourant de ses bras , et elle déchira de ses mains sa poitrine , son cou délicat et son beau visage . Et la jeune femme , semblable aux déesses , dit en pleurant :"},"meta":{},"created_at":"2021-11-09T09:40:25.861916Z","updated_at":"2021-11-09T16:37:16.199241Z","project":1},{"id":25,"annotations":[{"id":23,"completed_by":{"id":1,"email":"noemie.garcia@unil.ch","first_name":"","last_name":""},"result":[{"value":{"start":248,"end":257,"text":"Akhilleus","labels":["Speaker"]},"meta":{"text":["24"]},"id":"iZ5Q6_xg0H","from_name":"speech","to_name":"text","type":"labels"}],"was_cancelled":false,"ground_truth":false,"created_at":"2021-11-09T16:35:41.163556Z","updated_at":"2021-11-09T16:36:08.896416Z","lead_time":1491.478,"prediction":{},"result_count":0,"task":25,"parent_prediction":null,"parent_annotation":null}],"predictions":[],"file_upload":"7ced78fe-19.csv","data":{"text":"Il parla ainsi , et , de l'airain cruel , il coupa la gorge du sanglier . Et Talthybios jeta , en tournant , la victime dans les grands flots de la blanche mer , pour être mangée par les poissons . Et , se levant au milieu des belliqueux Argiens , Akhilleus dit :"},"meta":{},"created_at":"2021-11-09T09:40:25.861477Z","updated_at":"2021-11-09T16:36:08.864338Z","project":1},{"id":26,"annotations":[{"id":24,"completed_by":{"id":1,"email":"noemie.garcia@unil.ch","first_name":"","last_name":""},"result":[{"value":{"start":2,"end":326,"text":"Père Zeus ! certes , tu causes de grands maux aux hommes . L'Atréide n'eût jamais excité la colère dans ma poitrine , et il ne m'eût jamais enlevé cette jeune femme contre ma volonté dans un mauvais dessein , si Zeus n'eût voulu donner la mort à une foule d'Akhaiens . Maintenant , allez manger , afin que nous combattions .","labels":["Speech"]},"id":"AlWXj7L0Dy","from_name":"speech","to_name":"text","type":"labels"}],"was_cancelled":false,"ground_truth":false,"created_at":"2021-11-09T16:35:50.159298Z","updated_at":"2021-11-09T16:35:57.540109Z","lead_time":1480.12,"prediction":{},"result_count":0,"task":26,"parent_prediction":null,"parent_annotation":null}],"predictions":[],"file_upload":"7ced78fe-19.csv","data":{"text":"— Père Zeus ! certes , tu causes de grands maux aux hommes . L'Atréide n'eût jamais excité la colère dans ma poitrine , et il ne m'eût jamais enlevé cette jeune femme contre ma volonté dans un mauvais dessein , si Zeus n'eût voulu donner la mort à une foule d'Akhaiens . Maintenant , allez manger , afin que nous combattions ."},"meta":{},"created_at":"2021-11-09T09:40:25.861579Z","updated_at":"2021-11-09T16:35:57.511859Z","project":1},{"id":6,"annotations":[{"id":6,"completed_by":{"id":1,"email":"noemie.garcia@unil.ch","first_name":"","last_name":""},"result":[{"value":{"start":2,"end":458,"text":"Mon enfant , que ces inquiétudes ne soient point dans ton esprit . Loin de Patroklos j'écarterai moihYpppHeNmême les essaims impurs des mouches qui mangent les guerriers tués dans le combat . Ce cadavre resterait couché ici toute une année , qu'il serait encore sain , et plus frais même . Mais toi , appelle les héros Akhaiens à l'agora , et , renonçant à ta colère contre le prince des peuples Agamemnôn , hâte-toi de t'armer et revêts-toi de ton courage","labels":["Speech"]},"id":"V4pkXR5ED6","from_name":"speech","to_name":"text","type":"labels"}],"was_cancelled":false,"ground_truth":false,"created_at":"2021-11-09T16:18:21.015201Z","updated_at":"2021-11-09T16:18:27.268311Z","lead_time":429.857,"prediction":{},"result_count":0,"task":6,"parent_prediction":null,"parent_annotation":null}],"predictions":[],"file_upload":"7ced78fe-19.csv","data":{"text":"— Mon enfant , que ces inquiétudes ne soient point dans ton esprit . Loin de Patroklos j'écarterai moihYpppHeNmême les essaims impurs des mouches qui mangent les guerriers tués dans le combat . Ce cadavre resterait couché ici toute une année , qu'il serait encore sain , et plus frais même . Mais toi , appelle les héros Akhaiens à l'agora , et , renonçant à ta colère contre le prince des peuples Agamemnôn , hâte-toi de t'armer et revêts-toi de ton courage ."},"meta":{},"created_at":"2021-11-09T09:40:25.859657Z","updated_at":"2021-11-09T16:18:27.240108Z","project":1},{"id":3,"annotations":[{"id":4,"completed_by":{"id":1,"email":"noemie.garcia@unil.ch","first_name":"","last_name":""},"result":[{"value":{"start":210,"end":219,"text":"Akhilleus","labels":["Speaker"]},"meta":{"text":["3"]},"id":"yHhvcby358","from_name":"speech","to_name":"text","type":"labels"}],"was_cancelled":false,"ground_truth":false,"created_at":"2021-11-09T16:16:17.397517Z","updated_at":"2021-11-09T16:17:36.523433Z","lead_time":379.105,"prediction":{},"result_count":0,"task":3,"parent_prediction":null,"parent_annotation":null}],"predictions":[],"file_upload":"7ced78fe-19.csv","data":{"text":"Ayant ainsi parlé , la déesse les déposa devant Akhilleus , et les armes merveilleuses résonnèrent . La terreur saisit les Myrmidones , et nul d'entre eux ne put en soutenir l'éclat , et ils tremblèrent ; mais Akhilleus , dès qu'il les vit , se sentit plus furieux , et , sous ses paupières , ses yeux brûlaient , terribles , et tels que la flamme . Il se réjouissait de tenir dans ses mains les présents splendides du dieu ; et , après avoir admiré , plein de joie , ce travail merveilleux , aussitôt il dit à sa mère ces paroles ailées :"},"meta":{},"created_at":"2021-11-09T09:40:25.859224Z","updated_at":"2021-11-09T16:17:36.491405Z","project":1},{"id":45,"annotations":[{"id":39,"completed_by":{"id":1,"email":"noemie.garcia@unil.ch","first_name":"","last_name":""},"result":[],"was_cancelled":false,"ground_truth":false,"created_at":"2021-11-18T08:43:34.982604Z","updated_at":"2021-11-18T08:43:34.982642Z","lead_time":2.809,"prediction":{},"result_count":0,"task":45,"parent_prediction":null,"parent_annotation":null}],"predictions":[],"file_upload":"7ced78fe-19.csv","data":{"text":"Il parla ainsi , et , avec de grands cris , il poussa aux premiers rangs les chevaux aux sabots massifs ."},"meta":{},"created_at":"2021-11-09T09:40:25.863025Z","updated_at":"2021-11-09T09:40:25.863039Z","project":1},{"id":42,"annotations":[{"id":35,"completed_by":{"id":1,"email":"noemie.garcia@unil.ch","first_name":"","last_name":""},"result":[{"value":{"start":2,"end":591,"text":"Certes , nous te sauverons aujourd'hui , très brave Akhilleus ; cependant , ton dernier jour approche . Ne nous en accuse point , mais le grand Zeus et la moire puissante . Ce n'est ni par notre lenteur , ni par notre lâcheté que les Troiens ont arraché tes armes des épaules de Patroklos . C'est le dieu excellent que Lètô aux beaux cheveux a enfanté , qui , ayant tué le Ménoitiade au premier rang , a donné la victoire à Hektôr . Quand notre course serait telle que le souffle de Zéphyros , le plus rapide des vents , tu n'en tomberais pas moins sous les coups d'un dieu et d'un homme .","labels":["Speech"]},"id":"-zHalcGB-T","from_name":"speech","to_name":"text","type":"labels"}],"was_cancelled":false,"ground_truth":false,"created_at":"2021-11-09T16:51:30.727205Z","updated_at":"2021-11-09T16:51:30.727268Z","lead_time":9.029,"prediction":{},"result_count":0,"task":42,"parent_prediction":null,"parent_annotation":null}],"predictions":[],"file_upload":"7ced78fe-19.csv","data":{"text":"— Certes , nous te sauverons aujourd'hui , très brave Akhilleus ; cependant , ton dernier jour approche . Ne nous en accuse point , mais le grand Zeus et la moire puissante . Ce n'est ni par notre lenteur , ni par notre lâcheté que les Troiens ont arraché tes armes des épaules de Patroklos . C'est le dieu excellent que Lètô aux beaux cheveux a enfanté , qui , ayant tué le Ménoitiade au premier rang , a donné la victoire à Hektôr . Quand notre course serait telle que le souffle de Zéphyros , le plus rapide des vents , tu n'en tomberais pas moins sous les coups d'un dieu et d'un homme ."},"meta":{},"created_at":"2021-11-09T09:40:25.862859Z","updated_at":"2021-11-09T09:40:25.862873Z","project":1},{"id":36,"annotations":[{"id":32,"completed_by":{"id":1,"email":"noemie.garcia@unil.ch","first_name":"","last_name":""},"result":[{"value":{"start":2,"end":337,"text":"Ma fille , délaisses-tu déjà ce héros ? Akhilleus n'esthYpppHeNil plus rien dans ton esprit ? Devant ses nefs aux antennes dressées , il est assis , gémissant sur son cher compagnon . Les autres mangent , et lui reste sans nourriture . Va ! verse dans sa poitrine le nektar et la douce ambroisie , pour que la faim ne l'accable point .","labels":["Speech"]},"id":"-7CD13ljLz","from_name":"speech","to_name":"text","type":"labels"}],"was_cancelled":false,"ground_truth":false,"created_at":"2021-11-09T16:44:31.423192Z","updated_at":"2021-11-09T16:44:31.423252Z","lead_time":3.884,"prediction":{},"result_count":0,"task":36,"parent_prediction":null,"parent_annotation":null}],"predictions":[],"file_upload":"7ced78fe-19.csv","data":{"text":"— Ma fille , délaisses-tu déjà ce héros ? Akhilleus n'esthYpppHeNil plus rien dans ton esprit ? Devant ses nefs aux antennes dressées , il est assis , gémissant sur son cher compagnon . Les autres mangent , et lui reste sans nourriture . Va ! verse dans sa poitrine le nektar et la douce ambroisie , pour que la faim ne l'accable point ."},"meta":{},"created_at":"2021-11-09T09:40:25.862481Z","updated_at":"2021-11-09T09:40:25.862495Z","project":1},{"id":24,"annotations":[{"id":22,"completed_by":{"id":1,"email":"noemie.garcia@unil.ch","first_name":"","last_name":""},"result":[{"value":{"start":2,"end":453,"text":"Qu'ils le sachent tous , Zeus le plus haut et le très puissant , et Gaia , et Hélios , et les Erinnyes qui , sous la terre , punissent les hommes parjures : je n'ai jamais porté la main sur la vierge Breisèis , ni partagé son lit , et je ne l'ai soumise à aucun travail ; mais elle est restée intacte dans mes tentes . Et si je ne jure point la vérité , que les dieux m'envoient tous les maux dont ils accablent celui qui les outrage en se parjurant .","labels":["Speech"]},"id":"cia19KFJBs","from_name":"speech","to_name":"text","type":"labels"}],"was_cancelled":false,"ground_truth":false,"created_at":"2021-11-09T16:35:17.230161Z","updated_at":"2021-11-09T16:35:17.230197Z","lead_time":3.953,"prediction":{},"result_count":0,"task":24,"parent_prediction":null,"parent_annotation":null}],"predictions":[],"file_upload":"7ced78fe-19.csv","data":{"text":"— Qu'ils le sachent tous , Zeus le plus haut et le très puissant , et Gaia , et Hélios , et les Erinnyes qui , sous la terre , punissent les hommes parjures : je n'ai jamais porté la main sur la vierge Breisèis , ni partagé son lit , et je ne l'ai soumise à aucun travail ; mais elle est restée intacte dans mes tentes . Et si je ne jure point la vérité , que les dieux m'envoient tous les maux dont ils accablent celui qui les outrage en se parjurant ."},"meta":{},"created_at":"2021-11-09T09:40:25.861404Z","updated_at":"2021-11-09T09:40:25.861420Z","project":1},{"id":21,"annotations":[{"id":20,"completed_by":{"id":1,"email":"noemie.garcia@unil.ch","first_name":"","last_name":""},"result":[{"value":{"start":2,"end":1133,"text":"Ô Akhilleus Pèléide , le plus brave des Akhaiens , tu l'emportes de beaucoup sur moi , et tu vaux beaucoup mieux que moi par ta lance , mais ma sagesse est supérieure à la tienne , car je suis ton aîné , et je sais plus de choses . C'est pourquoi , cède à mes paroles . Le combat accable bientôt des hommes qui ont faim . L'airain couche d'abord sur la terre une moisson épaisse , mais elle diminue quand Zeus , qui est le juge du combat des hommes , incline ses balances . Ce n'est point par leur ventre vide que les Akhaiens doivent pleurer les morts . Les nôtres tombent en grand nombre tous les jours ; quand donc pourrions-nous respirer ? Il faut , avec un esprit patient , ensevelir nos morts , et pleurer ce jour-là ; mais ceux que la guerre haïssable a épargnés , qu'ils mangent et boivent , afin que , vêtus de l'airain indompté , ils puissent mieux combatte l'ennemi , et sans relâche . Qu'aucun de vous n'attende un meilleur conseil , car tout autre serait fatal à qui resterait auprès des nefs des Argiens . Mais , bientôt , marchons tous ensemble contre les Troiens dompteurs de chevaux , et soulevons une rude mêlée .","labels":["Speech"]},"id":"K334HTqskD","from_name":"speech","to_name":"text","type":"labels"}],"was_cancelled":false,"ground_truth":false,"created_at":"2021-11-09T16:30:18.038064Z","updated_at":"2021-11-09T16:30:18.038101Z","lead_time":5.537,"prediction":{},"result_count":0,"task":21,"parent_prediction":null,"parent_annotation":null}],"predictions":[],"file_upload":"7ced78fe-19.csv","data":{"text":"— Ô Akhilleus Pèléide , le plus brave des Akhaiens , tu l'emportes de beaucoup sur moi , et tu vaux beaucoup mieux que moi par ta lance , mais ma sagesse est supérieure à la tienne , car je suis ton aîné , et je sais plus de choses . C'est pourquoi , cède à mes paroles . Le combat accable bientôt des hommes qui ont faim . L'airain couche d'abord sur la terre une moisson épaisse , mais elle diminue quand Zeus , qui est le juge du combat des hommes , incline ses balances . Ce n'est point par leur ventre vide que les Akhaiens doivent pleurer les morts . Les nôtres tombent en grand nombre tous les jours ; quand donc pourrions-nous respirer ? Il faut , avec un esprit patient , ensevelir nos morts , et pleurer ce jour-là ; mais ceux que la guerre haïssable a épargnés , qu'ils mangent et boivent , afin que , vêtus de l'airain indompté , ils puissent mieux combatte l'ennemi , et sans relâche . Qu'aucun de vous n'attende un meilleur conseil , car tout autre serait fatal à qui resterait auprès des nefs des Argiens . Mais , bientôt , marchons tous ensemble contre les Troiens dompteurs de chevaux , et soulevons une rude mêlée ."},"meta":{},"created_at":"2021-11-09T09:40:25.861201Z","updated_at":"2021-11-09T09:40:25.861217Z","project":1},{"id":15,"annotations":[{"id":14,"completed_by":{"id":1,"email":"noemie.garcia@unil.ch","first_name":"","last_name":""},"result":[{"value":{"start":2,"end":1483,"text":"Bien que tu sois brave , ô Akhilleus semblable à un dieu , ne pousse point vers Ilios , contre les Troiens , les fils des Akhaiens qui n'ont point mangé ; car la mêlée sera longue , dès que les phalanges des guerriers se seront heurtées , et qu'un dieu leur aura inspiré à tous la vigueur . Ordonne que les Akhaiens se nourrissent de pain et de vin dans les nefs rapides . Cela seul donne la force et le courage . Un guerrier ne peut , sans manger , combattre tout un jour , jusqu'à la chute de Hélios . Quelle que soit son ardeur , ses membres sont lourds , la soif et la faim le tourmentent , et ses genoux sont rompus . Mais celui qui a bu et mangé combat tout un jour contre l'ennemi , plein de courage , et ses membres ne sont las que lorsque tous se retirent de la mêlée . Renvoie l'armée et ordonne-lui de préparer le repas . Et le roi des hommes , Agamemnôn , fera porter ses présents au milieu de l'agora , afin que tous les Akhaiens les voient de leurs yeux ; et tu te réjouiras dans ton cour . Et Agamemnôn jurera , debout , au milieu des Argiens , qu'il n'est jamais entré dans le lit de Breisèis , et qu'il ne l'a point possédée , comme c'est la coutume , ô roi , des hommes et des femmes . Et toi , Akhilleus , apaise ton coeur dans ta poitrine . Ensuite , Agamemnôn t'offrira un festin sous sa tente , afin que rien ne manque à ce qui t'est dû . Et toi . Atréide , sois plus équitable désormais . Il est convenable qu'un roi apaise celui qu'il a offensé le premier .","labels":["Speech"]},"id":"tRlLQxCuP8","from_name":"speech","to_name":"text","type":"labels"}],"was_cancelled":false,"ground_truth":false,"created_at":"2021-11-09T16:26:00.489588Z","updated_at":"2021-11-09T16:26:00.489626Z","lead_time":6.324,"prediction":{},"result_count":0,"task":15,"parent_prediction":null,"parent_annotation":null}],"predictions":[],"file_upload":"7ced78fe-19.csv","data":{"text":"— Bien que tu sois brave , ô Akhilleus semblable à un dieu , ne pousse point vers Ilios , contre les Troiens , les fils des Akhaiens qui n'ont point mangé ; car la mêlée sera longue , dès que les phalanges des guerriers se seront heurtées , et qu'un dieu leur aura inspiré à tous la vigueur . Ordonne que les Akhaiens se nourrissent de pain et de vin dans les nefs rapides . Cela seul donne la force et le courage . Un guerrier ne peut , sans manger , combattre tout un jour , jusqu'à la chute de Hélios . Quelle que soit son ardeur , ses membres sont lourds , la soif et la faim le tourmentent , et ses genoux sont rompus . Mais celui qui a bu et mangé combat tout un jour contre l'ennemi , plein de courage , et ses membres ne sont las que lorsque tous se retirent de la mêlée . Renvoie l'armée et ordonne-lui de préparer le repas . Et le roi des hommes , Agamemnôn , fera porter ses présents au milieu de l'agora , afin que tous les Akhaiens les voient de leurs yeux ; et tu te réjouiras dans ton cour . Et Agamemnôn jurera , debout , au milieu des Argiens , qu'il n'est jamais entré dans le lit de Breisèis , et qu'il ne l'a point possédée , comme c'est la coutume , ô roi , des hommes et des femmes . Et toi , Akhilleus , apaise ton coeur dans ta poitrine . Ensuite , Agamemnôn t'offrira un festin sous sa tente , afin que rien ne manque à ce qui t'est dû . Et toi . Atréide , sois plus équitable désormais . Il est convenable qu'un roi apaise celui qu'il a offensé le premier ."},"meta":{},"created_at":"2021-11-09T09:40:25.860754Z","updated_at":"2021-11-09T09:40:25.860778Z","project":1},{"id":13,"annotations":[{"id":12,"completed_by":{"id":1,"email":"noemie.garcia@unil.ch","first_name":"","last_name":""},"result":[{"value":{"start":2,"end":444,"text":"Très llustre Atréide Agamemnôn , roi des hommes , si tu veux me faire ces présents , comme cela est juste , ou les garder , tu le peux . Ne songeons maintenant qu'à combattre . Il ne s'agit ni d'éviter le combat , ni de perdre le temps , mais d'accomplir un grand travail . Il faut qu'on revoie Akhilleus aux premiers rangs , enfonçant de sa lance d'airain les phalanges troiennes , et que chacun de vous se souvienne de combattre un ennemi .","labels":["Speech"]},"id":"33-9IOeQ6h","from_name":"speech","to_name":"text","type":"labels"}],"was_cancelled":false,"ground_truth":false,"created_at":"2021-11-09T16:25:17.684176Z","updated_at":"2021-11-09T16:25:17.684226Z","lead_time":10.145,"prediction":{},"result_count":0,"task":13,"parent_prediction":null,"parent_annotation":null}],"predictions":[],"file_upload":"7ced78fe-19.csv","data":{"text":"— Très llustre Atréide Agamemnôn , roi des hommes , si tu veux me faire ces présents , comme cela est juste , ou les garder , tu le peux . Ne songeons maintenant qu'à combattre . Il ne s'agit ni d'éviter le combat , ni de perdre le temps , mais d'accomplir un grand travail . Il faut qu'on revoie Akhilleus aux premiers rangs , enfonçant de sa lance d'airain les phalanges troiennes , et que chacun de vous se souvienne de combattre un ennemi ."},"meta":{},"created_at":"2021-11-09T09:40:25.860582Z","updated_at":"2021-11-09T09:40:25.860599Z","project":1}]